{
"type": "FeatureCollection",
"name": "districts",
"crs": { "type": "name", "properties": { "name": "urn:ogc:def:crs:OGC:1.3:CRS84" } },
"xy_coordinate_resolution": 0.0001,
"features": [
{ "type": "Feature", "properties": { "shapeName": "Adenta Municipal", "shapeID": "2480657B26321648161032" }, "geometry": { "type": "Polygon", "coordinates": [ [ [ -0.1153, 5.6942 ], [ -0.0838, 5.6785 ], [ -0.0646, 5.6651 ], [ -0.1404, 5.6355 ], [ -0.1437, 5.6414 ], [ -0.1517, 5.6451 ], [ -0.1553, 5.6597 ], [ -0.1517, 5.6597 ], [ -0.1516, 5.6859 ], [ -0.1713, 5.6863 ], [ -0.171, 5.7079 ], [ -0.1286, 5.7948 ], [ -0.1183, 5.7854 ], [ -0.1239, 5.7506 ], [ -0.1221, 5.7426 ], [ -0.1287, 5.7264 ], [ -0.1245, 5.7101 ], [ -0.1153, 5.6942 ] ] ] } },
{ "type": "Feature", "properties": { "shapeName": "Ledzokuku Municipal", "shapeID": "2480657B94892111901595" }, "geometry": { "type": "Polygon", "coordinates": [ [ [ -0.1404, 5.6355 ], [ -0.1278, 5.6408 ], [ -0.1253, 5.6379 ], [ -0.1163, 5.6396 ], [ -0.1073, 5.6296 ], [ -0.1072, 5.6215 ], [ -0.1, 5.6166 ], [ -0.0997, 5.6082 ], [ -0.0902, 5.5908 ], [ -0.0987, 5.5831 ], [ -0.0955, 5.5805 ], [ -0.1078, 5.5721 ], [ -0.1339, 5.5633 ], [ -0.1306, 5.5742 ], [ -0.1364, 5.578 ], [ -0.1315, 5.6002 ], [ -0.1404, 5.6355 ] ] ] } },
{ "type": "Feature", "properties": { "shapeName": "Chereponi", "shapeID": "2480657B14989848452061" }, "geometry": { "type": "Polygon", "coordinates": [ [ [ 0.0717, 9.9664 ], [ 0.0718, 9.9771 ], [ 0.063, 9.994 ], [ 0.0637, 9.9997 ], [ 0.069, 10.0019 ], [ 0.0827, 9.9982 ], [ 0.0866, 10.0017 ], [ 0.1095, 10.0051 ], [ 0.1195, 10.017 ], [ 0.1204, 10.0248 ], [ 0.1245, 10.0285 ], [ 0.1224, 10.0324 ], [ 0.1244, 10.0388 ], [ 0.1225, 10.0455 ], [ 0.1189, 10.0455 ], [ 0.121, 10.0492 ], [ 0.1172, 10.0536 ], [ 0.1182, 10.0617 ], [ 0.1133, 10.0705 ], [ 0.1133, 10.0766 ], [ 0.1183, 10.0826 ], [ 0.1124, 10.095 ], [ 0.1123, 10.1083 ], [ 0.1086, 10.1095 ], [ 0.1087, 10.1162 ], [ 0.1059, 10.1187 ], [ 0.1113, 10.131 ], [ 0.0982, 10.1376 ], [ 0.0913, 10.1521 ], [ 0.0874, 10.151 ], [ 0.0794, 10.1584 ], [ 0.0732, 10.1716 ], [ 0.0685, 10.1744 ], [ 0.0642, 10.1721 ], [ 0.0609, 10.1801 ], [ 0.0653, 10.1886 ], [ 0.066, 10.2009 ], [ 0.0771, 10.2052 ], [ 0.0853, 10.2141 ], [ 0.0803, 10.2182 ], [ 0.0763, 10.2283 ], [ 0.0863, 10.2422 ], [ 0.091, 10.2435 ], [ 0.09, 10.2498 ], [ 0.0821, 10.256 ], [ 0.0774, 10.2884 ], [ 0.0737, 10.2951 ], [ 0.0581, 10.2939 ], [ 0.0562, 10.3072 ], [ 0.0701, 10.3061 ], [ 0.0856, 10.3097 ], [ 0.1048, 10.3223 ], [ 0.1129, 10.3406 ], [ 0.1207, 10.34 ], [ 0.1264, 10.3467 ], [ 0.1311, 10.3461 ], [ 0.13, 10.3491 ], [ 0.1357, 10.3465 ], [ 0.137, 10.349 ], [ 0.1434, 10.3485 ], [ 0.1484, 10.3568 ], [ 0.157, 10.3551 ], [ 0.1559, 10.3582 ], [ 0.16, 10.3588 ], [ 0.1563, 10.3602 ], [ 0.1555, 10.3645 ], [ 0.1582, 10.3732 ], [ 0.1681, 10.3725 ], [ 0.1695, 10.3773 ], [ 0.1781, 10.3814 ], [ 0.1795, 10.3784 ], [ 0.1832, 10.3828 ], [ 0.1885, 10.3808 ], [ 0.1872, 10.3845 ], [ 0.1898, 10.3843 ], [ 0.1907, 10.3881 ], [ 0.194, 10.3841 ], [ 0.1954, 10.3874 ], [ 0.1981, 10.3866 ], [ 0.1973, 10.3979 ], [ 0.1941, 10.4027 ], [ 0.2018, 10.4069 ], [ 0.2094, 10.4054 ], [ 0.2052, 10.4183 ], [ 0.2118, 10.4168 ], [ 0.2103, 10.4216 ], [ 0.2172, 10.4265 ], [ 0.2206, 10.4248 ], [ 0.2176, 10.4224 ], [ 0.2265, 10.4219 ], [ 0.2338, 10.4134 ], [ 0.2435, 10.4158 ], [ 0.2493, 10.4133 ], [ 0.2508, 10.4092 ], [ 0.2596, 10.4078 ], [ 0.2684, 10.4101 ], [ 0.2666, 10.4156 ], [ 0.2704, 10.4155 ], [ 0.2729, 10.4208 ], [ 0.2777, 10.4189 ], [ 0.2844, 10.4219 ], [ 0.29, 10.4091 ], [ 0.298, 10.4095 ], [ 0.3002, 10.4028 ], [ 0.3001, 10.3908 ], [ 0.2908, 10.3817 ], [ 0.293, 10.3805 ], [ 0.2901, 10.3765 ], [ 0.3012, 10.3728 ], [ 0.3028, 10.3695 ], [ 0.3076, 10.3711 ], [ 0.3144, 10.36 ], [ 0.3153, 10.3378 ], [ 0.3208, 10.334 ], [ 0.3251, 10.34 ], [ 0.3281, 10.3395 ], [ 0.3335, 10.3364 ], [ 0.3378, 10.325 ], [ 0.3235, 10.32 ], [ 0.3224, 10.3134 ], [ 0.317, 10.3099 ], [ 0.325, 10.3068 ], [ 0.3324, 10.3115 ], [ 0.348, 10.3076 ], [ 0.353, 10.3139 ], [ 0.3665, 10.3106 ], [ 0.3872, 10.3157 ], [ 0.396, 10.3142 ], [ 0.3979, 10.3078 ], [ 0.3969, 10.3045 ], [ 0.3881, 10.3041 ], [ 0.3828, 10.2996 ], [ 0.3845, 10.2971 ], [ 0.3767, 10.2907 ], [ 0.378, 10.2868 ], [ 0.3728, 10.2884 ], [ 0.3728, 10.2832 ], [ 0.3692, 10.2847 ], [ 0.3723, 10.2803 ], [ 0.3794, 10.2787 ], [ 0.3816, 10.2739 ], [ 0.3724, 10.2664 ], [ 0.3639, 10.2651 ], [ 0.3611, 10.2586 ], [ 0.3612, 10.2224 ], [ 0.355, 10.2133 ], [ 0.3554, 10.2003 ], [ 0.351, 10.1919 ], [ 0.3529, 10.1733 ], [ 0.3502, 10.168 ], [ 0.3621, 10.1459 ], [ 0.3631, 10.1379 ], [ 0.3522, 10.1119 ], [ 0.355, 10.0923 ], [ 0.3645, 10.0853 ], [ 0.3952, 10.0809 ], [ 0.4163, 10.0614 ], [ 0.4173, 10.0571 ], [ 0.4128, 10.0454 ], [ 0.414, 10.0341 ], [ 0.4104, 10.0217 ], [ 0.402, 10.0204 ], [ 0.3941, 10.0261 ], [ 0.3751, 10.0272 ], [ 0.3652, 10.035 ], [ 0.361, 10.0314 ], [ 0.3639, 10.0125 ], [ 0.3572, 9.9977 ], [ 0.359, 9.9871 ], [ 0.3697, 9.964 ], [ 0.3864, 9.9492 ], [ 0.3862, 9.9375 ], [ 0.3651, 9.9321 ], [ 0.3626, 9.9406 ], [ 0.3534, 9.9476 ], [ 0.3483, 9.9485 ], [ 0.3469, 9.9385 ], [ 0.325, 9.944 ], [ 0.3245, 9.9631 ], [ 0.311, 9.9599 ], [ 0.3067, 9.9648 ], [ 0.3097, 9.9652 ], [ 0.3057, 9.972 ], [ 0.307, 9.9752 ], [ 0.3037, 9.9772 ], [ 0.2765, 9.9741 ], [ 0.2698, 9.9711 ], [ 0.263, 9.959 ], [ 0.2591, 9.9638 ], [ 0.2508, 9.9591 ], [ 0.2388, 9.9596 ], [ 0.2335, 9.9563 ], [ 0.2266, 9.9607 ], [ 0.2065, 9.9604 ], [ 0.1897, 9.9665 ], [ 0.1873, 9.968 ], [ 0.1907, 9.9742 ], [ 0.1838, 9.9796 ], [ 0.1759, 9.9786 ], [ 0.1554, 9.9861 ], [ 0.1394, 9.9715 ], [ 0.1301, 9.9567 ], [ 0.1271, 9.9717 ], [ 0.1191, 9.9692 ], [ 0.1122, 9.9721 ], [ 0.1069, 9.9674 ], [ 0.099, 9.9733 ], [ 0.085, 9.9651 ], [ 0.0782, 9.9685 ], [ 0.0717, 9.9664 ] ] ] } },
{ "type": "Feature", "properties": { "shapeName": "Wa East", "shapeID": "2480657B52594370214383" }, "geometry": { "type": "Polygon", "coordinates": [ [ [ -1.6671, 10.1755 ], [ -1.6552, 10.1621 ], [ -1.6355, 10.1543 ], [ -1.6324, 10.1457 ], [ -1.6215, 10.1332 ], [ -1.6007, 10.133 ], [ -1.5978, 10.1211 ], [ -1.5924, 10.1152 ], [ -1.5953, 10.1067 ], [ -1.5864, 10.1005 ], [ -1.5899, 10.0882 ], [ -1.5858, 10.0821 ], [ -1.5877, 10.0779 ], [ -1.6131, 10.0691 ], [ -1.6232, 10.0711 ], [ -1.6264, 10.0791 ], [ -1.655, 10.0746 ], [ -1.6418, 10.0577 ], [ -1.6291, 10.0529 ], [ -1.6349, 10.0426 ], [ -1.646, 10.038 ], [ -1.6672, 10.0451 ], [ -1.6673, 10.0356 ], [ -1.6736, 10.0253 ], [ -1.686, 10.0387 ], [ -1.6947, 10.031 ], [ -1.695, 10.0234 ], [ -1.6974, 10.0254 ], [ -1.7016, 10.0219 ], [ -1.7017, 10.0138 ], [ -1.7148, 10.0122 ], [ -1.7186, 9.9983 ], [ -1.71, 9.9813 ], [ -1.7126, 9.9702 ], [ -1.7075, 9.9647 ], [ -1.7119, 9.9603 ], [ -1.708, 9.9571 ], [ -1.7067, 9.9458 ], [ -1.7161, 9.94 ], [ -1.714, 9.9296 ], [ -1.7046, 9.9236 ], [ -1.7071, 9.8999 ], [ -1.6966, 9.8911 ], [ -1.6963, 9.8872 ], [ -1.6992, 9.8801 ], [ -1.6967, 9.8711 ], [ -1.7066, 9.8252 ], [ -1.7098, 9.8224 ], [ -1.7422, 9.82 ], [ -1.9868, 9.8251 ], [ -2.0034, 9.8222 ], [ -2.0248, 9.786 ], [ -2.0422, 9.7797 ], [ -2.0864, 9.7855 ], [ -2.0912, 9.7898 ], [ -2.0969, 9.8137 ], [ -2.4211, 9.7724 ], [ -2.487, 9.7529 ], [ -2.4859, 9.7609 ], [ -2.4965, 9.7658 ], [ -2.4942, 9.7839 ], [ -2.4844, 9.7888 ], [ -2.4909, 9.7989 ], [ -2.4859, 9.806 ], [ -2.4892, 9.8175 ], [ -2.4861, 9.822 ], [ -2.4753, 9.8245 ], [ -2.4728, 9.8347 ], [ -2.463, 9.8478 ], [ -2.4624, 9.8667 ], [ -2.4548, 9.8703 ], [ -2.4532, 9.8789 ], [ -2.4619, 9.8848 ], [ -2.4594, 9.9016 ], [ -2.4482, 9.9043 ], [ -2.4491, 9.913 ], [ -2.458, 9.9193 ], [ -2.4602, 9.9434 ], [ -2.4515, 9.9376 ], [ -2.4421, 9.9138 ], [ -2.4322, 9.9135 ], [ -2.4165, 9.9193 ], [ -2.406, 9.9278 ], [ -2.3969, 9.9412 ], [ -2.383, 9.9367 ], [ -2.3784, 9.9421 ], [ -2.3796, 9.9527 ], [ -2.3551, 9.9653 ], [ -2.3476, 9.9728 ], [ -2.3258, 9.9773 ], [ -2.3273, 9.9821 ], [ -2.3221, 9.9883 ], [ -2.3295, 10.0098 ], [ -2.3303, 10.0227 ], [ -2.3245, 10.034 ], [ -2.3182, 10.037 ], [ -2.3044, 10.0523 ], [ -2.3069, 10.0556 ], [ -2.3166, 10.0561 ], [ -2.3225, 10.0619 ], [ -2.3319, 10.0643 ], [ -2.3472, 10.0639 ], [ -2.3532, 10.0606 ], [ -2.3595, 10.0683 ], [ -2.3664, 10.0712 ], [ -2.3629, 10.0865 ], [ -2.3702, 10.1008 ], [ -2.3501, 10.109 ], [ -2.3513, 10.1132 ], [ -2.3589, 10.117 ], [ -2.3658, 10.1147 ], [ -2.3681, 10.1196 ], [ -2.3738, 10.1217 ], [ -2.3974, 10.1176 ], [ -2.3966, 10.1308 ], [ -2.4065, 10.1495 ], [ -2.4021, 10.1714 ], [ -2.3888, 10.1882 ], [ -2.3793, 10.1945 ], [ -2.3767, 10.2068 ], [ -2.368, 10.2172 ], [ -2.3681, 10.2233 ], [ -2.3624, 10.2274 ], [ -2.3543, 10.2411 ], [ -2.343, 10.2396 ], [ -2.3305, 10.2462 ], [ -2.322, 10.2404 ], [ -2.3136, 10.2397 ], [ -2.3089, 10.243 ], [ -2.297, 10.2405 ], [ -2.2803, 10.2465 ], [ -2.2718, 10.2425 ], [ -2.2623, 10.2287 ], [ -2.2586, 10.2279 ], [ -2.2559, 10.2186 ], [ -2.2465, 10.2139 ], [ -2.2381, 10.2359 ], [ -2.2281, 10.2369 ], [ -2.2185, 10.2447 ], [ -2.2122, 10.2443 ], [ -2.2108, 10.2503 ], [ -2.2146, 10.2524 ], [ -2.1968, 10.2886 ], [ -2.1637, 10.2884 ], [ -2.1699, 10.3072 ], [ -2.0964, 10.3343 ], [ -2.093, 10.32 ], [ -2.0805, 10.3127 ], [ -2.0666, 10.3239 ], [ -2.0596, 10.3235 ], [ -2.0601, 10.3166 ], [ -2.0546, 10.3102 ], [ -2.0505, 10.3141 ], [ -2.0326, 10.3095 ], [ -2.03, 10.3028 ], [ -2.0229, 10.3028 ], [ -2.022, 10.3085 ], [ -2.0186, 10.3087 ], [ -2.0188, 10.3157 ], [ -2.0085, 10.3168 ], [ -2.0051, 10.3216 ], [ -2.0076, 10.326 ], [ -2.0015, 10.3285 ], [ -2.0014, 10.335 ], [ -1.9877, 10.345 ], [ -1.9823, 10.3608 ], [ -1.9712, 10.3633 ], [ -1.9593, 10.3581 ], [ -1.9443, 10.3669 ], [ -1.92, 10.3745 ], [ -1.9094, 10.3871 ], [ -1.9044, 10.4018 ], [ -1.895, 10.4144 ], [ -1.8796, 10.3899 ], [ -1.8516, 10.3618 ], [ -1.8273, 10.3239 ], [ -1.8272, 10.3121 ], [ -1.8222, 10.2993 ], [ -1.8034, 10.2936 ], [ -1.7493, 10.2512 ], [ -1.742, 10.2488 ], [ -1.736, 10.2506 ], [ -1.7284, 10.2398 ], [ -1.707, 10.2302 ], [ -1.7051, 10.2261 ], [ -1.6993, 10.2235 ], [ -1.6934, 10.2252 ], [ -1.6859, 10.2214 ], [ -1.6839, 10.2165 ], [ -1.6812, 10.2191 ], [ -1.6724, 10.2059 ], [ -1.6747, 10.1987 ], [ -1.6689, 10.1894 ], [ -1.6671, 10.1755 ] ] ] } },
{ "type": "Feature", "properties": { "shapeName": "Wa Municipal", "shapeID": "2480657B26357719954092" }, "geometry": { "type": "Polygon", "coordinates": [ [ [ -2.4042, 10.1627 ], [ -2.4065, 10.1495 ], [ -2.3966, 10.1308 ], [ -2.3974, 10.1176 ], [ -2.3738, 10.1217 ], [ -2.3681, 10.1196 ], [ -2.3658, 10.1147 ], [ -2.3589, 10.117 ], [ -2.3513, 10.1132 ], [ -2.3501, 10.109 ], [ -2.3702, 10.1008 ], [ -2.3629, 10.0865 ], [ -2.3664, 10.0712 ], [ -2.3595, 10.0683 ], [ -2.3532, 10.0606 ], [ -2.3472, 10.0639 ], [ -2.3319, 10.0643 ], [ -2.3225, 10.0619 ], [ -2.3166, 10.0561 ], [ -2.3069, 10.0556 ], [ -2.3044, 10.0523 ], [ -2.3182, 10.037 ], [ -2.3245, 10.034 ], [ -2.3303, 10.0227 ], [ -2.3295, 10.0098 ], [ -2.3221, 9.9883 ], [ -2.3273, 9.9821 ], [ -2.3258, 9.9773 ], [ -2.3476, 9.9728 ], [ -2.3551, 9.9653 ], [ -2.3796, 9.9527 ], [ -2.3784, 9.9421 ], [ -2.383, 9.9367 ], [ -2.3969, 9.9412 ], [ -2.406, 9.9278 ], [ -2.4165, 9.9193 ], [ -2.4322, 9.9135 ], [ -2.4421, 9.9138 ], [ -2.4515, 9.9376 ], [ -2.4602, 9.9434 ], [ -2.4659, 9.9523 ], [ -2.4828, 9.9581 ], [ -2.4973, 9.9498 ], [ -2.514, 9.9476 ], [ -2.5203, 9.9382 ], [ -2.531, 9.9348 ], [ -2.538, 9.9348 ], [ -2.547, 9.9406 ], [ -2.5549, 9.9346 ], [ -2.555, 9.9276 ], [ -2.5666, 9.9242 ], [ -2.5798, 9.9312 ], [ -2.587, 9.9315 ], [ -2.5841, 9.938 ], [ -2.5928, 9.9378 ], [ -2.6017, 9.9417 ], [ -2.5988, 9.9599 ], [ -2.5916, 9.9699 ], [ -2.5935, 9.975 ], [ -2.582, 9.9849 ], [ -2.589, 9.9911 ], [ -2.5949, 9.984 ], [ -2.5995, 9.9867 ], [ -2.6012, 9.9902 ], [ -2.5972, 9.9911 ], [ -2.596, 9.9955 ], [ -2.6027, 10.0018 ], [ -2.6086, 10.0011 ], [ -2.6152, 10.032 ], [ -2.6118, 10.041 ], [ -2.599, 10.042 ], [ -2.5942, 10.0391 ], [ -2.5915, 10.0426 ], [ -2.569, 10.0446 ], [ -2.5836, 10.0543 ], [ -2.5854, 10.0584 ], [ -2.5816, 10.0606 ], [ -2.5826, 10.0734 ], [ -2.579, 10.0796 ], [ -2.5967, 10.0773 ], [ -2.5966, 10.0861 ], [ -2.5777, 10.0996 ], [ -2.5826, 10.1042 ], [ -2.5834, 10.1147 ], [ -2.5793, 10.1198 ], [ -2.5708, 10.1197 ], [ -2.5664, 10.1129 ], [ -2.566, 10.1026 ], [ -2.5511, 10.0923 ], [ -2.526, 10.0953 ], [ -2.5123, 10.1081 ], [ -2.5029, 10.1225 ], [ -2.4863, 10.1318 ], [ -2.4778, 10.1468 ], [ -2.4603, 10.1552 ], [ -2.4593, 10.1602 ], [ -2.4524, 10.1606 ], [ -2.4492, 10.1572 ], [ -2.4203, 10.1647 ], [ -2.4042, 10.1627 ] ] ] } },
{ "type": "Feature", "properties": { "shapeName": "Saboba", "shapeID": "2480657B56307698722921" }, "geometry": { "type": "Polygon", "coordinates": [ [ [ 0.3483, 9.9485 ], [ 0.3626, 9.9406 ], [ 0.3657, 9.9322 ], [ 0.3566, 9.9256 ], [ 0.3514, 9.9042 ], [ 0.3513, 9.8824 ], [ 0.3581, 9.8485 ], [ 0.3488, 9.8257 ], [ 0.3403, 9.8173 ], [ 0.3404, 9.8063 ], [ 0.3315, 9.7988 ], [ 0.3305, 9.7916 ], [ 0.3354, 9.7786 ], [ 0.3254, 9.7736 ], [ 0.3299, 9.7588 ], [ 0.3187, 9.7277 ], [ 0.3236, 9.7226 ], [ 0.3379, 9.7213 ], [ 0.3458, 9.7145 ], [ 0.3514, 9.693 ], [ 0.3506, 9.6759 ], [ 0.3632, 9.6734 ], [ 0.3627, 9.6686 ], [ 0.3682, 9.6661 ], [ 0.3651, 9.6607 ], [ 0.3701, 9.6557 ], [ 0.3691, 9.6522 ], [ 0.3755, 9.6539 ], [ 0.3768, 9.6435 ], [ 0.382, 9.6449 ], [ 0.3727, 9.6082 ], [ 0.3829, 9.5916 ], [ 0.3683, 9.5772 ], [ 0.3518, 9.5727 ], [ 0.3344, 9.5792 ], [ 0.3185, 9.5759 ], [ 0.2895, 9.5771 ], [ 0.2657, 9.5673 ], [ 0.2534, 9.5747 ], [ 0.2396, 9.5744 ], [ 0.2346, 9.5481 ], [ 0.2363, 9.5357 ], [ 0.243, 9.524 ], [ 0.2552, 9.5188 ], [ 0.2827, 9.525 ], [ 0.29, 9.5236 ], [ 0.306, 9.5153 ], [ 0.3095, 9.5113 ], [ 0.3098, 9.5032 ], [ 0.2889, 9.4895 ], [ 0.2759, 9.4887 ], [ 0.2714, 9.4802 ], [ 0.267, 9.4789 ], [ 0.2543, 9.4782 ], [ 0.2347, 9.4881 ], [ 0.229, 9.4872 ], [ 0.2267, 9.4784 ], [ 0.2287, 9.4631 ], [ 0.2468, 9.4436 ], [ 0.2469, 9.4383 ], [ 0.2316, 9.4355 ], [ 0.2227, 9.4432 ], [ 0.2159, 9.4436 ], [ 0.2114, 9.4366 ], [ 0.2053, 9.4364 ], [ 0.204, 9.4325 ], [ 0.199, 9.4313 ], [ 0.1851, 9.4338 ], [ 0.1831, 9.4376 ], [ 0.1592, 9.441 ], [ 0.1548, 9.4393 ], [ 0.1423, 9.4498 ], [ 0.1386, 9.4599 ], [ 0.1451, 9.4681 ], [ 0.1514, 9.5291 ], [ 0.1569, 9.5348 ], [ 0.1593, 9.5447 ], [ 0.1493, 9.5643 ], [ 0.1347, 9.575 ], [ 0.1114, 9.5655 ], [ 0.1106, 9.5735 ], [ 0.103, 9.5748 ], [ 0.1015, 9.5781 ], [ 0.0912, 9.5729 ], [ 0.085, 9.5775 ], [ 0.082, 9.5765 ], [ 0.0779, 9.5817 ], [ 0.0767, 9.5982 ], [ 0.0803, 9.6053 ], [ 0.0859, 9.6058 ], [ 0.0802, 9.6203 ], [ 0.0675, 9.6308 ], [ 0.0587, 9.6316 ], [ 0.0544, 9.6376 ], [ 0.0474, 9.6372 ], [ 0.0338, 9.6449 ], [ 0.0629, 9.6824 ], [ 0.076, 9.693 ], [ 0.0512, 9.7008 ], [ 0.0481, 9.7075 ], [ 0.0354, 9.7124 ], [ 0.0301, 9.7203 ], [ 0.0192, 9.7211 ], [ 0.0128, 9.7277 ], [ 0.0024, 9.7289 ], [ -0.025, 9.7531 ], [ -0.0285, 9.7889 ], [ -0.0266, 9.7999 ], [ 0.001, 9.8135 ], [ 0.0019, 9.8114 ], [ 0.0057, 9.8131 ], [ -0.009, 9.8287 ], [ -0.0225, 9.8319 ], [ -0.0178, 9.8417 ], [ -0.0196, 9.8608 ], [ -0.0122, 9.8677 ], [ -0.0015, 9.8687 ], [ -0.0055, 9.8743 ], [ 0.0028, 9.8844 ], [ 0.0057, 9.8994 ], [ 0.0157, 9.903 ], [ 0.0122, 9.918 ], [ 0.0164, 9.9277 ], [ 0.0247, 9.9313 ], [ 0.0244, 9.9517 ], [ 0.0431, 9.9557 ], [ 0.0487, 9.9618 ], [ 0.0622, 9.9678 ], [ 0.0709, 9.9654 ], [ 0.0782, 9.9685 ], [ 0.085, 9.9651 ], [ 0.099, 9.9733 ], [ 0.1069, 9.9674 ], [ 0.1122, 9.9721 ], [ 0.1191, 9.9692 ], [ 0.1271, 9.9717 ], [ 0.1301, 9.9567 ], [ 0.1394, 9.9715 ], [ 0.1554, 9.9861 ], [ 0.1759, 9.9786 ], [ 0.1838, 9.9796 ], [ 0.1907, 9.9742 ], [ 0.1873, 9.968 ], [ 0.1897, 9.9665 ], [ 0.2065, 9.9604 ], [ 0.2266, 9.9607 ], [ 0.2335, 9.9563 ], [ 0.2388, 9.9596 ], [ 0.2508, 9.9591 ], [ 0.2591, 9.9638 ], [ 0.263, 9.959 ], [ 0.2698, 9.9711 ], [ 0.2765, 9.9741 ], [ 0.3037, 9.9772 ], [ 0.307, 9.9752 ], [ 0.3057, 9.972 ], [ 0.3097, 9.9652 ], [ 0.3067, 9.9648 ], [ 0.311, 9.9599 ], [ 0.3245, 9.9631 ], [ 0.325, 9.944 ], [ 0.3469, 9.9385 ], [ 0.3483, 9.9485 ] ] ] } },
{ "type": "Feature", "properties": { "shapeName": "Jirapa", "shapeID": "2480657B21686152565613" }, "geometry": { "type": "Polygon", "coordinates": [ [ [ -2.4339, 10.7411 ], [ -2.4024, 10.7373 ], [ -2.3913, 10.7191 ], [ -2.3876, 10.701 ], [ -2.3708, 10.6956 ], [ -2.3604, 10.6969 ], [ -2.3495, 10.6888 ], [ -2.3529, 10.6717 ], [ -2.3576, 10.6704 ], [ -2.3538, 10.6681 ], [ -2.3591, 10.6538 ], [ -2.3502, 10.6406 ], [ -2.3472, 10.6284 ], [ -2.3446, 10.6282 ], [ -2.3478, 10.6242 ], [ -2.3464, 10.6175 ], [ -2.342, 10.6184 ], [ -2.3346, 10.6077 ], [ -2.3346, 10.5979 ], [ -2.3203, 10.5932 ], [ -2.3192, 10.588 ], [ -2.3226, 10.5855 ], [ -2.3245, 10.5769 ], [ -2.3332, 10.5747 ], [ -2.3333, 10.5721 ], [ -2.34, 10.5727 ], [ -2.3447, 10.5657 ], [ -2.3484, 10.5647 ], [ -2.3487, 10.5676 ], [ -2.355, 10.5642 ], [ -2.3577, 10.555 ], [ -2.3621, 10.5549 ], [ -2.364, 10.5486 ], [ -2.3848, 10.5386 ], [ -2.3923, 10.5397 ], [ -2.4064, 10.5349 ], [ -2.4099, 10.5374 ], [ -2.4348, 10.5351 ], [ -2.433, 10.5301 ], [ -2.4399, 10.5184 ], [ -2.4599, 10.5289 ], [ -2.4683, 10.5164 ], [ -2.4751, 10.5124 ], [ -2.4898, 10.5089 ], [ -2.509, 10.5119 ], [ -2.5274, 10.5099 ], [ -2.5641, 10.4962 ], [ -2.5997, 10.4737 ], [ -2.6064, 10.4658 ], [ -2.6251, 10.461 ], [ -2.6677, 10.4613 ], [ -2.6785, 10.4533 ], [ -2.6838, 10.4536 ], [ -2.687, 10.4474 ], [ -2.7116, 10.4481 ], [ -2.7203, 10.4416 ], [ -2.7242, 10.4431 ], [ -2.7273, 10.4347 ], [ -2.7411, 10.4271 ], [ -2.7561, 10.4303 ], [ -2.7667, 10.4247 ], [ -2.7913, 10.4266 ], [ -2.8337, 10.4372 ], [ -2.8556, 10.4486 ], [ -2.8361, 10.4734 ], [ -2.8401, 10.4792 ], [ -2.8385, 10.5031 ], [ -2.846, 10.5039 ], [ -2.8341, 10.5175 ], [ -2.8213, 10.5229 ], [ -2.8035, 10.5508 ], [ -2.8077, 10.5659 ], [ -2.803, 10.5794 ], [ -2.804, 10.5977 ], [ -2.7996, 10.5973 ], [ -2.7992, 10.6006 ], [ -2.7933, 10.6034 ], [ -2.7944, 10.6091 ], [ -2.7853, 10.6148 ], [ -2.7719, 10.6139 ], [ -2.7696, 10.6175 ], [ -2.7632, 10.6179 ], [ -2.7566, 10.6286 ], [ -2.7454, 10.6294 ], [ -2.7419, 10.6179 ], [ -2.735, 10.6123 ], [ -2.7203, 10.6257 ], [ -2.7087, 10.6283 ], [ -2.6981, 10.6361 ], [ -2.7055, 10.6538 ], [ -2.6966, 10.6603 ], [ -2.6762, 10.6669 ], [ -2.6563, 10.666 ], [ -2.6455, 10.6594 ], [ -2.6323, 10.6598 ], [ -2.6265, 10.6629 ], [ -2.6195, 10.6721 ], [ -2.5917, 10.6886 ], [ -2.5895, 10.6949 ], [ -2.5934, 10.7151 ], [ -2.6077, 10.7401 ], [ -2.5957, 10.7493 ], [ -2.5721, 10.7527 ], [ -2.5324, 10.7482 ], [ -2.5172, 10.7414 ], [ -2.4892, 10.7395 ], [ -2.4759, 10.7353 ], [ -2.4496, 10.7218 ], [ -2.4423, 10.7263 ], [ -2.4339, 10.7411 ] ] ] } },
{ "type": "Feature", "properties": { "shapeName": "Gushegu", "shapeID": "2480657B56494255769768" }, "geometry": { "type": "Polygon", "coordinates": [ [ [ 0.0495, 10.3286 ], [ 0.0581, 10.2939 ], [ 0.0737, 10.2951 ], [ 0.0774, 10.2884 ], [ 0.0821, 10.256 ], [ 0.09, 10.2498 ], [ 0.091, 10.2435 ], [ 0.0863, 10.2422 ], [ 0.0763, 10.2283 ], [ 0.0803, 10.2182 ], [ 0.0853, 10.2141 ], [ 0.0771, 10.2052 ], [ 0.066, 10.2009 ], [ 0.0653, 10.1886 ], [ 0.0609, 10.1801 ], [ 0.0642, 10.1721 ], [ 0.0685, 10.1744 ], [ 0.0732, 10.1716 ], [ 0.0794, 10.1584 ], [ 0.0874, 10.151 ], [ 0.0913, 10.1521 ], [ 0.0982, 10.1376 ], [ 0.1113, 10.131 ], [ 0.1059, 10.1187 ], [ 0.1087, 10.1162 ], [ 0.1086, 10.1095 ], [ 0.1123, 10.1083 ], [ 0.1124, 10.095 ], [ 0.1183, 10.0826 ], [ 0.1133, 10.0766 ], [ 0.1133, 10.0705 ], [ 0.1182, 10.0617 ], [ 0.1172, 10.0536 ], [ 0.121, 10.0492 ], [ 0.1189, 10.0455 ], [ 0.1225, 10.0455 ], [ 0.1244, 10.0388 ], [ 0.1224, 10.0324 ], [ 0.1245, 10.0285 ], [ 0.1204, 10.0248 ], [ 0.1195, 10.017 ], [ 0.1095, 10.0051 ], [ 0.0866, 10.0017 ], [ 0.0827, 9.9982 ], [ 0.069, 10.0019 ], [ 0.0637, 9.9997 ], [ 0.063, 9.994 ], [ 0.0718, 9.9771 ], [ 0.0714, 9.9658 ], [ 0.0622, 9.9678 ], [ 0.0487, 9.9618 ], [ 0.0431, 9.9557 ], [ 0.0243, 9.9516 ], [ 0.0247, 9.9313 ], [ 0.0164, 9.9277 ], [ 0.0122, 9.918 ], [ 0.0157, 9.903 ], [ 0.0057, 9.8994 ], [ 0.0028, 9.8844 ], [ -0.0055, 9.8743 ], [ -0.0015, 9.8687 ], [ -0.0122, 9.8677 ], [ -0.0196, 9.8608 ], [ -0.0178, 9.8417 ], [ -0.0225, 9.8319 ], [ -0.009, 9.8287 ], [ 0.0057, 9.8131 ], [ 0.0019, 9.8114 ], [ 0.001, 9.8135 ], [ -0.0226, 9.8007 ], [ -0.0407, 9.8026 ], [ -0.0465, 9.7984 ], [ -0.0474, 9.7919 ], [ -0.0539, 9.7893 ], [ -0.0705, 9.7929 ], [ -0.082, 9.79 ], [ -0.0978, 9.7968 ], [ -0.1122, 9.7945 ], [ -0.1152, 9.7923 ], [ -0.1179, 9.7635 ], [ -0.111, 9.7536 ], [ -0.1455, 9.7443 ], [ -0.16, 9.7509 ], [ -0.1812, 9.754 ], [ -0.1761, 9.7495 ], [ -0.183, 9.7411 ], [ -0.1733, 9.7264 ], [ -0.2288, 9.7176 ], [ -0.2467, 9.7209 ], [ -0.2609, 9.7025 ], [ -0.2624, 9.6977 ], [ -0.2569, 9.6827 ], [ -0.2571, 9.6727 ], [ -0.2662, 9.6647 ], [ -0.2657, 9.6495 ], [ -0.2798, 9.6256 ], [ -0.2683, 9.5897 ], [ -0.2954, 9.5792 ], [ -0.3235, 9.5846 ], [ -0.3464, 9.5654 ], [ -0.3579, 9.5492 ], [ -0.3694, 9.5471 ], [ -0.3857, 9.5377 ], [ -0.3926, 9.5379 ], [ -0.4043, 9.5306 ], [ -0.4102, 9.525 ], [ -0.4123, 9.5074 ], [ -0.46, 9.506 ], [ -0.4668, 9.5134 ], [ -0.4659, 9.5158 ], [ -0.4725, 9.5185 ], [ -0.4819, 9.5167 ], [ -0.495, 9.505 ], [ -0.5046, 9.5038 ], [ -0.507, 9.5099 ], [ -0.5, 9.5138 ], [ -0.499, 9.5317 ], [ -0.5024, 9.5399 ], [ -0.5, 9.5452 ], [ -0.5068, 9.5526 ], [ -0.5084, 9.565 ], [ -0.4856, 9.5948 ], [ -0.4904, 9.6092 ], [ -0.5022, 9.6266 ], [ -0.4933, 9.6339 ], [ -0.4879, 9.6508 ], [ -0.4769, 9.6655 ], [ -0.4774, 9.6845 ], [ -0.4729, 9.6934 ], [ -0.4839, 9.7221 ], [ -0.4756, 9.7394 ], [ -0.4687, 9.7428 ], [ -0.4716, 9.7474 ], [ -0.4581, 9.7769 ], [ -0.474, 9.7795 ], [ -0.4782, 9.7843 ], [ -0.4915, 9.7835 ], [ -0.4952, 9.8023 ], [ -0.4798, 9.8232 ], [ -0.4734, 9.8207 ], [ -0.4659, 9.8255 ], [ -0.456, 9.821 ], [ -0.4455, 9.8254 ], [ -0.4459, 9.8227 ], [ -0.4392, 9.8221 ], [ -0.4369, 9.8187 ], [ -0.4283, 9.8205 ], [ -0.4231, 9.8121 ], [ -0.4178, 9.8148 ], [ -0.4162, 9.8125 ], [ -0.4139, 9.8149 ], [ -0.4119, 9.8125 ], [ -0.4094, 9.8151 ], [ -0.4044, 9.814 ], [ -0.3982, 9.8241 ], [ -0.3864, 9.8299 ], [ -0.3766, 9.8289 ], [ -0.3686, 9.8426 ], [ -0.3533, 9.8451 ], [ -0.3448, 9.8577 ], [ -0.2998, 9.8831 ], [ -0.3021, 9.9201 ], [ -0.3128, 9.9336 ], [ -0.3028, 9.9451 ], [ -0.2809, 9.9549 ], [ -0.281, 9.9599 ], [ -0.275, 9.968 ], [ -0.2775, 9.971 ], [ -0.2761, 9.9798 ], [ -0.2723, 9.981 ], [ -0.2751, 9.9879 ], [ -0.2806, 9.9869 ], [ -0.2868, 10.003 ], [ -0.2892, 10.0027 ], [ -0.288, 10.0162 ], [ -0.2921, 10.0379 ], [ -0.29, 10.0406 ], [ -0.2974, 10.0424 ], [ -0.2952, 10.0467 ], [ -0.2995, 10.0464 ], [ -0.302, 10.0522 ], [ -0.291, 10.0597 ], [ -0.2678, 10.0581 ], [ -0.2469, 10.0764 ], [ -0.2386, 10.0765 ], [ -0.233, 10.0806 ], [ -0.2386, 10.093 ], [ -0.2404, 10.1097 ], [ -0.2494, 10.1181 ], [ -0.2378, 10.1126 ], [ -0.2326, 10.1141 ], [ -0.2292, 10.107 ], [ -0.2079, 10.1062 ], [ -0.2024, 10.1005 ], [ -0.2024, 10.0952 ], [ -0.196, 10.0936 ], [ -0.1921, 10.0848 ], [ -0.1825, 10.0831 ], [ -0.1744, 10.0707 ], [ -0.1648, 10.0736 ], [ -0.1627, 10.0776 ], [ -0.1469, 10.0772 ], [ -0.1361, 10.0861 ], [ -0.1358, 10.1049 ], [ -0.1401, 10.1096 ], [ -0.1419, 10.1243 ], [ -0.145, 10.1257 ], [ -0.1506, 10.141 ], [ -0.1603, 10.1396 ], [ -0.161, 10.144 ], [ -0.1663, 10.1461 ], [ -0.1675, 10.1518 ], [ -0.1728, 10.1547 ], [ -0.1721, 10.158 ], [ -0.1837, 10.1633 ], [ -0.1689, 10.1715 ], [ -0.1585, 10.1887 ], [ -0.145, 10.2007 ], [ -0.1454, 10.2054 ], [ -0.138, 10.209 ], [ -0.1423, 10.2183 ], [ -0.1397, 10.2276 ], [ -0.1142, 10.2415 ], [ -0.1281, 10.2638 ], [ -0.1285, 10.2871 ], [ -0.1311, 10.292 ], [ -0.1168, 10.2872 ], [ -0.094, 10.2694 ], [ -0.0865, 10.2897 ], [ -0.0882, 10.295 ], [ -0.0721, 10.2951 ], [ -0.0436, 10.283 ], [ -0.0248, 10.2712 ], [ -0.0301, 10.2892 ], [ -0.0297, 10.2994 ], [ -0.0257, 10.3144 ], [ -0.0278, 10.3162 ], [ -0.019, 10.3286 ], [ 0.0243, 10.3323 ], [ 0.0292, 10.3387 ], [ 0.0325, 10.3359 ], [ 0.049, 10.3427 ], [ 0.0495, 10.3286 ] ] ] } },
{ "type": "Feature", "properties": { "shapeName": "Sissala West", "shapeID": "2480657B76140913943028" }, "geometry": { "type": "Polygon", "coordinates": [ [ [ -2.3218, 10.5798 ], [ -2.3203, 10.5932 ], [ -2.3346, 10.5979 ], [ -2.3346, 10.6077 ], [ -2.342, 10.6184 ], [ -2.3464, 10.6175 ], [ -2.3478, 10.6242 ], [ -2.3446, 10.6282 ], [ -2.3472, 10.6284 ], [ -2.3502, 10.6406 ], [ -2.3591, 10.6538 ], [ -2.3538, 10.6681 ], [ -2.3576, 10.6704 ], [ -2.3529, 10.6717 ], [ -2.3498, 10.6823 ], [ -2.3513, 10.692 ], [ -2.3604, 10.6969 ], [ -2.3708, 10.6956 ], [ -2.3876, 10.701 ], [ -2.3913, 10.7191 ], [ -2.4024, 10.7373 ], [ -2.4339, 10.7411 ], [ -2.4506, 10.7769 ], [ -2.461, 10.7868 ], [ -2.4671, 10.7897 ], [ -2.4752, 10.7867 ], [ -2.4787, 10.7902 ], [ -2.4733, 10.7975 ], [ -2.4674, 10.7941 ], [ -2.4536, 10.8002 ], [ -2.4399, 10.7994 ], [ -2.4389, 10.8018 ], [ -2.4462, 10.8194 ], [ -2.4462, 10.83 ], [ -2.4547, 10.8366 ], [ -2.4603, 10.8638 ], [ -2.4696, 10.8679 ], [ -2.469, 10.8795 ], [ -2.4754, 10.8884 ], [ -2.4741, 10.8989 ], [ -2.494, 10.9226 ], [ -2.5067, 10.9245 ], [ -2.5137, 10.9355 ], [ -2.5222, 10.936 ], [ -2.5308, 10.9321 ], [ -2.5385, 10.9368 ], [ -2.5687, 10.9341 ], [ -2.5797, 10.9382 ], [ -2.5912, 10.9378 ], [ -2.5968, 10.9413 ], [ -2.5956, 10.9497 ], [ -2.6011, 10.9573 ], [ -2.6107, 10.9578 ], [ -2.6105, 10.9676 ], [ -2.6313, 10.9682 ], [ -2.6338, 10.9944 ], [ -2.6304, 11.0025 ], [ -2.6199, 11.0109 ], [ -2.618, 11.0213 ], [ -2.4977, 11.0182 ], [ -2.4523, 11.0233 ], [ -2.3776, 11.0088 ], [ -2.3602, 11.0081 ], [ -2.3001, 11.0111 ], [ -2.2724, 11.0168 ], [ -2.2202, 11.0207 ], [ -2.1184, 11.0143 ], [ -2.058, 11.0175 ], [ -2.0063, 11.004 ], [ -1.9972, 10.9855 ], [ -1.9722, 10.9659 ], [ -1.9674, 10.9508 ], [ -1.9679, 10.9321 ], [ -1.9619, 10.9301 ], [ -1.9621, 10.9267 ], [ -1.9788, 10.9187 ], [ -1.9883, 10.9101 ], [ -2.0088, 10.884 ], [ -2.0113, 10.8714 ], [ -2.0318, 10.8617 ], [ -2.0303, 10.8566 ], [ -2.0367, 10.8495 ], [ -2.0449, 10.8502 ], [ -2.076, 10.8084 ], [ -2.0904, 10.8116 ], [ -2.1039, 10.8305 ], [ -2.1097, 10.8314 ], [ -2.1121, 10.8282 ], [ -2.1203, 10.8271 ], [ -2.1305, 10.8307 ], [ -2.1349, 10.8285 ], [ -2.1384, 10.8186 ], [ -2.1451, 10.8114 ], [ -2.1548, 10.8076 ], [ -2.1673, 10.8106 ], [ -2.1794, 10.7998 ], [ -2.1743, 10.7943 ], [ -2.1749, 10.7756 ], [ -2.1667, 10.7593 ], [ -2.1688, 10.7592 ], [ -2.1503, 10.7315 ], [ -2.1418, 10.7051 ], [ -2.1308, 10.6941 ], [ -2.127, 10.6674 ], [ -2.1214, 10.6608 ], [ -2.1294, 10.6371 ], [ -2.1364, 10.6277 ], [ -2.1337, 10.6195 ], [ -2.137, 10.6184 ], [ -2.1407, 10.6087 ], [ -2.1396, 10.5995 ], [ -2.1309, 10.591 ], [ -2.1372, 10.5852 ], [ -2.1431, 10.5858 ], [ -2.1436, 10.5795 ], [ -2.1503, 10.5705 ], [ -2.1564, 10.5684 ], [ -2.1539, 10.5644 ], [ -2.1586, 10.5582 ], [ -2.1681, 10.5538 ], [ -2.1734, 10.5567 ], [ -2.1743, 10.5522 ], [ -2.1785, 10.5522 ], [ -2.1715, 10.5414 ], [ -2.1718, 10.5329 ], [ -2.1634, 10.5197 ], [ -2.1826, 10.5058 ], [ -2.1781, 10.5 ], [ -2.181, 10.4922 ], [ -2.1883, 10.4958 ], [ -2.2009, 10.4958 ], [ -2.2057, 10.504 ], [ -2.2285, 10.506 ], [ -2.2279, 10.5102 ], [ -2.239, 10.5158 ], [ -2.2376, 10.5231 ], [ -2.2415, 10.5229 ], [ -2.2473, 10.5305 ], [ -2.2635, 10.5396 ], [ -2.2693, 10.5551 ], [ -2.2787, 10.5602 ], [ -2.291, 10.5531 ], [ -2.2963, 10.5545 ], [ -2.2995, 10.5705 ], [ -2.3065, 10.5713 ], [ -2.3058, 10.5759 ], [ -2.3105, 10.5786 ], [ -2.3142, 10.5768 ], [ -2.3181, 10.5817 ], [ -2.3218, 10.5798 ] ] ] } },
{ "type": "Feature", "properties": { "shapeName": "Nanumba North", "shapeID": "2480657B57712569843933" }, "geometry": { "type": "Polygon", "coordinates": [ [ [ 0.0503, 9.211 ], [ 0.0531, 9.1824 ], [ 0.05, 9.166 ], [ 0.0466, 9.1621 ], [ 0.0392, 9.163 ], [ 0.0239, 9.1577 ], [ 0.023, 9.1518 ], [ 0.0288, 9.1466 ], [ 0.0337, 9.1464 ], [ 0.0306, 9.1385 ], [ 0.0328, 9.1345 ], [ 0.043, 9.1366 ], [ 0.0531, 9.1272 ], [ 0.0657, 9.1115 ], [ 0.065, 9.1042 ], [ 0.069, 9.1004 ], [ 0.0735, 9.1006 ], [ 0.0789, 9.1061 ], [ 0.1023, 9.1067 ], [ 0.1235, 9.0989 ], [ 0.1239, 9.1092 ], [ 0.1135, 9.1289 ], [ 0.1342, 9.1353 ], [ 0.1431, 9.1462 ], [ 0.1527, 9.1517 ], [ 0.1753, 9.1485 ], [ 0.1797, 9.139 ], [ 0.2095, 9.1242 ], [ 0.254, 9.0804 ], [ 0.2539, 9.0719 ], [ 0.2457, 9.0635 ], [ 0.2261, 9.0723 ], [ 0.195, 9.0768 ], [ 0.1906, 9.0713 ], [ 0.1895, 9.0618 ], [ 0.1999, 9.0398 ], [ 0.231, 9.0435 ], [ 0.249, 9.0407 ], [ 0.2687, 9.0485 ], [ 0.2847, 9.0504 ], [ 0.296, 9.0468 ], [ 0.3033, 9.0374 ], [ 0.2968, 9.0191 ], [ 0.2893, 9.0113 ], [ 0.2837, 9.0102 ], [ 0.2764, 9.0186 ], [ 0.2654, 9.0235 ], [ 0.2574, 9.0237 ], [ 0.2515, 9.0197 ], [ 0.2436, 9.0005 ], [ 0.2219, 8.9748 ], [ 0.2094, 8.9749 ], [ 0.1837, 8.9647 ], [ 0.1793, 8.9559 ], [ 0.188, 8.9199 ], [ 0.1797, 8.9135 ], [ 0.1761, 8.9144 ], [ 0.1714, 8.9239 ], [ 0.1591, 8.9276 ], [ 0.1586, 8.9314 ], [ 0.1505, 8.9316 ], [ 0.1487, 8.9233 ], [ 0.1531, 8.9134 ], [ 0.1498, 8.9064 ], [ 0.1516, 8.9005 ], [ 0.1441, 8.894 ], [ 0.1379, 8.8796 ], [ 0.1209, 8.8811 ], [ 0.1033, 8.8869 ], [ 0.092, 8.8819 ], [ 0.0802, 8.8853 ], [ 0.0715, 8.8841 ], [ 0.0707, 8.8587 ], [ 0.0636, 8.8468 ], [ 0.0519, 8.8463 ], [ 0.0455, 8.8504 ], [ 0.0369, 8.8674 ], [ 0.0391, 8.8768 ], [ 0.0587, 8.8842 ], [ 0.0567, 8.9168 ], [ 0.0536, 8.9223 ], [ 0.0405, 8.9221 ], [ 0.0293, 8.9151 ], [ 0.0035, 8.9089 ], [ -0.0105, 8.922 ], [ -0.0153, 8.9201 ], [ -0.0197, 8.9227 ], [ -0.0171, 8.9293 ], [ -0.0348, 8.926 ], [ -0.0405, 8.9197 ], [ -0.0392, 8.915 ], [ -0.0197, 8.9026 ], [ -0.0299, 8.8535 ], [ -0.0972, 8.8278 ], [ -0.0962, 8.8203 ], [ -0.0851, 8.8 ], [ -0.0982, 8.7849 ], [ -0.0993, 8.7754 ], [ -0.0969, 8.7745 ], [ -0.0966, 8.779 ], [ -0.0848, 8.7825 ], [ -0.0741, 8.7812 ], [ -0.0548, 8.7871 ], [ -0.0566, 8.7916 ], [ -0.0609, 8.7915 ], [ -0.0639, 8.7952 ], [ -0.0609, 8.7994 ], [ -0.0504, 8.7978 ], [ -0.0439, 8.7863 ], [ -0.0455, 8.7806 ], [ -0.0539, 8.7786 ], [ -0.0569, 8.7584 ], [ -0.0521, 8.7548 ], [ -0.0565, 8.746 ], [ -0.0616, 8.747 ], [ -0.0725, 8.7361 ], [ -0.0816, 8.7317 ], [ -0.0815, 8.7261 ], [ -0.0893, 8.7279 ], [ -0.1031, 8.7218 ], [ -0.1107, 8.7106 ], [ -0.1191, 8.7089 ], [ -0.1175, 8.7027 ], [ -0.1199, 8.6996 ], [ -0.1291, 8.6994 ], [ -0.13, 8.6914 ], [ -0.1343, 8.6882 ], [ -0.1448, 8.6898 ], [ -0.154, 8.6844 ], [ -0.1582, 8.678 ], [ -0.1656, 8.6805 ], [ -0.1714, 8.6784 ], [ -0.1728, 8.6735 ], [ -0.1819, 8.6751 ], [ -0.1948, 8.671 ], [ -0.2037, 8.6586 ], [ -0.2138, 8.6593 ], [ -0.2179, 8.6564 ], [ -0.2216, 8.6464 ], [ -0.2327, 8.6449 ], [ -0.2382, 8.6374 ], [ -0.2481, 8.6394 ], [ -0.2504, 8.633 ], [ -0.2567, 8.6281 ], [ -0.2662, 8.6321 ], [ -0.2794, 8.6203 ], [ -0.294, 8.6199 ], [ -0.3274, 8.6059 ], [ -0.3344, 8.5912 ], [ -0.3449, 8.5839 ], [ -0.3536, 8.5853 ], [ -0.3578, 8.5902 ], [ -0.3582, 8.5994 ], [ -0.3623, 8.5988 ], [ -0.3715, 8.587 ], [ -0.3734, 8.598 ], [ -0.378, 8.598 ], [ -0.3794, 8.5928 ], [ -0.383, 8.5923 ], [ -0.391, 8.5953 ], [ -0.3963, 8.593 ], [ -0.3962, 8.5979 ], [ -0.3985, 8.5964 ], [ -0.4024, 8.6044 ], [ -0.4075, 8.5978 ], [ -0.4111, 8.599 ], [ -0.4092, 8.6072 ], [ -0.4124, 8.6101 ], [ -0.4151, 8.6078 ], [ -0.4172, 8.6138 ], [ -0.4136, 8.6166 ], [ -0.4125, 8.6259 ], [ -0.4214, 8.6501 ], [ -0.4304, 8.6432 ], [ -0.4348, 8.6442 ], [ -0.4363, 8.6499 ], [ -0.4327, 8.6588 ], [ -0.4394, 8.6594 ], [ -0.4405, 8.6641 ], [ -0.4471, 8.6624 ], [ -0.4537, 8.6756 ], [ -0.4596, 8.6785 ], [ -0.4598, 8.675 ], [ -0.4699, 8.6718 ], [ -0.4759, 8.6831 ], [ -0.4851, 8.6825 ], [ -0.4849, 8.7015 ], [ -0.4902, 8.7043 ], [ -0.4906, 8.7114 ], [ -0.4875, 8.7237 ], [ -0.4813, 8.7309 ], [ -0.4724, 8.7344 ], [ -0.4577, 8.7214 ], [ -0.4481, 8.7295 ], [ -0.4307, 8.7165 ], [ -0.4316, 8.7284 ], [ -0.4122, 8.7339 ], [ -0.4084, 8.7318 ], [ -0.4142, 8.7186 ], [ -0.4124, 8.7081 ], [ -0.4076, 8.7155 ], [ -0.4057, 8.7071 ], [ -0.3966, 8.713 ], [ -0.3868, 8.7114 ], [ -0.3874, 8.7088 ], [ -0.381, 8.7114 ], [ -0.3838, 8.724 ], [ -0.3688, 8.7225 ], [ -0.3659, 8.7348 ], [ -0.3734, 8.7402 ], [ -0.3728, 8.7432 ], [ -0.3586, 8.7481 ], [ -0.3537, 8.7544 ], [ -0.3458, 8.7584 ], [ -0.3438, 8.7549 ], [ -0.3397, 8.7559 ], [ -0.3294, 8.7421 ], [ -0.3145, 8.7507 ], [ -0.3144, 8.765 ], [ -0.3077, 8.7699 ], [ -0.3094, 8.7856 ], [ -0.3058, 8.7841 ], [ -0.3046, 8.7871 ], [ -0.3065, 8.7956 ], [ -0.3032, 8.7948 ], [ -0.2971, 8.8059 ], [ -0.2995, 8.8091 ], [ -0.2953, 8.8107 ], [ -0.2994, 8.8193 ], [ -0.308, 8.8205 ], [ -0.3166, 8.8162 ], [ -0.3211, 8.8193 ], [ -0.3227, 8.8341 ], [ -0.3343, 8.837 ], [ -0.3384, 8.8453 ], [ -0.3429, 8.8464 ], [ -0.3446, 8.8555 ], [ -0.3411, 8.856 ], [ -0.3389, 8.861 ], [ -0.344, 8.8625 ], [ -0.3388, 8.8673 ], [ -0.3331, 8.8664 ], [ -0.3305, 8.8589 ], [ -0.3269, 8.8631 ], [ -0.3104, 8.8583 ], [ -0.2997, 8.8608 ], [ -0.3001, 8.8649 ], [ -0.2951, 8.8657 ], [ -0.3027, 8.8789 ], [ -0.302, 8.8857 ], [ -0.2952, 8.8887 ], [ -0.291, 8.8855 ], [ -0.2879, 8.8924 ], [ -0.2795, 8.896 ], [ -0.281, 8.9013 ], [ -0.2744, 8.8997 ], [ -0.2728, 8.9034 ], [ -0.2559, 8.9009 ], [ -0.2439, 8.9086 ], [ -0.2486, 8.9174 ], [ -0.2375, 8.9203 ], [ -0.2406, 8.9219 ], [ -0.2421, 8.9308 ], [ -0.2365, 8.9401 ], [ -0.2339, 8.9407 ], [ -0.2336, 8.9363 ], [ -0.2279, 8.9381 ], [ -0.222, 8.9358 ], [ -0.2132, 8.946 ], [ -0.2005, 8.9475 ], [ -0.1955, 8.9752 ], [ -0.2028, 8.9984 ], [ -0.206, 8.9986 ], [ -0.204, 9.0047 ], [ -0.2124, 9.012 ], [ -0.2094, 9.0124 ], [ -0.2088, 9.0272 ], [ -0.2173, 9.0295 ], [ -0.2184, 9.0328 ], [ -0.2119, 9.0456 ], [ -0.2131, 9.0515 ], [ -0.204, 9.0628 ], [ -0.213, 9.0789 ], [ -0.2081, 9.0824 ], [ -0.2103, 9.0861 ], [ -0.2093, 9.0941 ], [ -0.206, 9.0956 ], [ -0.2078, 9.1029 ], [ -0.2026, 9.1089 ], [ -0.189, 9.1129 ], [ -0.1862, 9.1044 ], [ -0.18, 9.1028 ], [ -0.176, 9.1091 ], [ -0.1773, 9.1142 ], [ -0.173, 9.1156 ], [ -0.1699, 9.1219 ], [ -0.1594, 9.1206 ], [ -0.1549, 9.1236 ], [ -0.153, 9.1298 ], [ -0.1474, 9.1275 ], [ -0.1442, 9.1342 ], [ -0.1442, 9.1288 ], [ -0.1403, 9.1324 ], [ -0.1332, 9.132 ], [ -0.1293, 9.1259 ], [ -0.1168, 9.1244 ], [ -0.1145, 9.1289 ], [ -0.1082, 9.1282 ], [ -0.108, 9.1323 ], [ -0.102, 9.1378 ], [ -0.095, 9.1319 ], [ -0.0875, 9.1334 ], [ -0.084, 9.126 ], [ -0.0784, 9.1287 ], [ -0.076, 9.1263 ], [ -0.0739, 9.1306 ], [ -0.0675, 9.1314 ], [ -0.0668, 9.1202 ], [ -0.0582, 9.1221 ], [ -0.0578, 9.1359 ], [ -0.0525, 9.1432 ], [ -0.0536, 9.1475 ], [ -0.0576, 9.1468 ], [ -0.0637, 9.1614 ], [ -0.074, 9.1692 ], [ -0.0678, 9.174 ], [ -0.056, 9.1666 ], [ -0.0519, 9.171 ], [ -0.0453, 9.1706 ], [ -0.0479, 9.1784 ], [ -0.0567, 9.1858 ], [ -0.0541, 9.192 ], [ -0.0452, 9.192 ], [ -0.0392, 9.1959 ], [ -0.034, 9.2131 ], [ -0.0222, 9.2164 ], [ -0.0214, 9.2217 ], [ -0.0283, 9.2233 ], [ -0.0264, 9.2403 ], [ -0.0342, 9.2431 ], [ -0.0299, 9.25 ], [ -0.0348, 9.2555 ], [ -0.0296, 9.2601 ], [ -0.0151, 9.2591 ], [ 0.0025, 9.2526 ], [ 0.0135, 9.2548 ], [ 0.0332, 9.2494 ], [ 0.0429, 9.2383 ], [ 0.0503, 9.211 ] ] ] } },
{ "type": "Feature", "properties": { "shapeName": "Lambussie-karni", "shapeID": "2480657B9523556036154" }, "geometry": { "type": "Polygon", "coordinates": [ [ [ -2.4339, 10.7411 ], [ -2.4423, 10.7263 ], [ -2.4496, 10.7218 ], [ -2.4759, 10.7353 ], [ -2.4892, 10.7395 ], [ -2.5172, 10.7414 ], [ -2.5324, 10.7482 ], [ -2.5721, 10.7527 ], [ -2.5957, 10.7493 ], [ -2.6077, 10.7401 ], [ -2.5934, 10.7151 ], [ -2.5895, 10.6949 ], [ -2.5917, 10.6886 ], [ -2.6038, 10.6832 ], [ -2.6323, 10.6598 ], [ -2.6455, 10.6594 ], [ -2.6563, 10.666 ], [ -2.6762, 10.6669 ], [ -2.6966, 10.6603 ], [ -2.7055, 10.6538 ], [ -2.7062, 10.6656 ], [ -2.7161, 10.6766 ], [ -2.7133, 10.6874 ], [ -2.7216, 10.6808 ], [ -2.7243, 10.6841 ], [ -2.7268, 10.7017 ], [ -2.7326, 10.7122 ], [ -2.7281, 10.7149 ], [ -2.7238, 10.7104 ], [ -2.7149, 10.7164 ], [ -2.7078, 10.7126 ], [ -2.7075, 10.7073 ], [ -2.7013, 10.7152 ], [ -2.6811, 10.712 ], [ -2.6954, 10.7501 ], [ -2.6894, 10.7465 ], [ -2.6741, 10.7455 ], [ -2.6608, 10.7497 ], [ -2.6533, 10.7594 ], [ -2.6623, 10.7752 ], [ -2.6595, 10.7801 ], [ -2.6639, 10.7894 ], [ -2.6786, 10.782 ], [ -2.6915, 10.7796 ], [ -2.686, 10.7971 ], [ -2.6895, 10.7991 ], [ -2.6866, 10.8124 ], [ -2.6904, 10.8159 ], [ -2.7098, 10.8119 ], [ -2.7131, 10.8296 ], [ -2.7087, 10.8373 ], [ -2.7164, 10.8429 ], [ -2.7144, 10.8488 ], [ -2.7363, 10.8571 ], [ -2.736, 10.8749 ], [ -2.7419, 10.876 ], [ -2.7356, 10.8835 ], [ -2.7238, 10.8895 ], [ -2.7246, 10.9099 ], [ -2.7344, 10.9027 ], [ -2.7363, 10.9287 ], [ -2.745, 10.9314 ], [ -2.736, 10.9447 ], [ -2.7448, 10.9558 ], [ -2.7462, 10.9704 ], [ -2.7533, 10.9798 ], [ -2.7548, 10.9905 ], [ -2.7679, 11.0015 ], [ -2.7679, 11.0126 ], [ -2.7575, 11.019 ], [ -2.6193, 11.02 ], [ -2.6199, 11.0109 ], [ -2.6304, 11.0025 ], [ -2.6338, 10.9944 ], [ -2.6313, 10.9682 ], [ -2.6105, 10.9676 ], [ -2.6107, 10.9578 ], [ -2.6011, 10.9573 ], [ -2.5956, 10.9497 ], [ -2.5968, 10.9413 ], [ -2.5687, 10.9341 ], [ -2.5385, 10.9368 ], [ -2.5308, 10.9321 ], [ -2.5222, 10.936 ], [ -2.5137, 10.9355 ], [ -2.5067, 10.9245 ], [ -2.494, 10.9226 ], [ -2.4741, 10.8989 ], [ -2.4754, 10.8884 ], [ -2.469, 10.8795 ], [ -2.4696, 10.8679 ], [ -2.4603, 10.8638 ], [ -2.4547, 10.8366 ], [ -2.4462, 10.83 ], [ -2.4462, 10.8194 ], [ -2.4389, 10.8018 ], [ -2.4399, 10.7994 ], [ -2.4536, 10.8002 ], [ -2.4674, 10.7941 ], [ -2.4733, 10.7975 ], [ -2.4787, 10.7902 ], [ -2.4752, 10.7867 ], [ -2.4671, 10.7897 ], [ -2.461, 10.7868 ], [ -2.4506, 10.7769 ], [ -2.4339, 10.7411 ] ] ] } },
{ "type": "Feature", "properties": { "shapeName": "Bolgatanga Municipal", "shapeID": "2480657B19364380807593" }, "geometry": { "type": "Polygon", "coordinates": [ [ [ -0.807, 10.8285 ], [ -0.8131, 10.8115 ], [ -0.8275, 10.8044 ], [ -0.8523, 10.7679 ], [ -0.8574, 10.7655 ], [ -0.8547, 10.7511 ], [ -0.8486, 10.7425 ], [ -0.8625, 10.7374 ], [ -0.8736, 10.743 ], [ -0.8801, 10.7382 ], [ -0.8825, 10.7289 ], [ -0.8891, 10.7282 ], [ -0.8939, 10.7206 ], [ -0.8977, 10.7201 ], [ -0.8969, 10.7172 ], [ -0.9005, 10.7169 ], [ -0.9037, 10.6962 ], [ -0.9008, 10.6938 ], [ -0.9084, 10.6868 ], [ -0.9076, 10.681 ], [ -0.9169, 10.6681 ], [ -0.9168, 10.6456 ], [ -0.9234, 10.644 ], [ -0.9257, 10.6312 ], [ -0.9318, 10.6294 ], [ -0.944, 10.6172 ], [ -0.9483, 10.6243 ], [ -0.955, 10.627 ], [ -0.9513, 10.6319 ], [ -0.9541, 10.6413 ], [ -0.9684, 10.6543 ], [ -0.9708, 10.6621 ], [ -0.9803, 10.6674 ], [ -0.9771, 10.677 ], [ -0.9836, 10.6816 ], [ -0.9794, 10.687 ], [ -0.9751, 10.6859 ], [ -0.9673, 10.6917 ], [ -0.9722, 10.6973 ], [ -0.9592, 10.7086 ], [ -0.9675, 10.7144 ], [ -0.9841, 10.7179 ], [ -0.9889, 10.7224 ], [ -0.9918, 10.7322 ], [ -0.9957, 10.7323 ], [ -0.9998, 10.7275 ], [ -1.0055, 10.728 ], [ -1.0067, 10.7375 ], [ -1.0123, 10.7403 ], [ -1.0119, 10.7573 ], [ -1.0145, 10.7626 ], [ -1.0089, 10.7677 ], [ -1.0075, 10.7841 ], [ -1.0003, 10.7923 ], [ -1.0045, 10.8008 ], [ -0.9958, 10.815 ], [ -0.9945, 10.8246 ], [ -0.9872, 10.8329 ], [ -0.9812, 10.8322 ], [ -0.9812, 10.8382 ], [ -0.9687, 10.8449 ], [ -0.9645, 10.8522 ], [ -0.9542, 10.8491 ], [ -0.9448, 10.8534 ], [ -0.939, 10.8612 ], [ -0.9393, 10.8654 ], [ -0.9334, 10.8683 ], [ -0.9304, 10.8786 ], [ -0.9192, 10.8743 ], [ -0.9152, 10.8684 ], [ -0.908, 10.8692 ], [ -0.8748, 10.8488 ], [ -0.8678, 10.8411 ], [ -0.8647, 10.8509 ], [ -0.8493, 10.8492 ], [ -0.8468, 10.8457 ], [ -0.8311, 10.8496 ], [ -0.8187, 10.8412 ], [ -0.8105, 10.8407 ], [ -0.807, 10.8285 ] ] ] } },
{ "type": "Feature", "properties": { "shapeName": "Nanumba South", "shapeID": "2480657B24752518727633" }, "geometry": { "type": "Polygon", "coordinates": [ [ [ -0.3578, 8.5902 ], [ -0.3536, 8.5853 ], [ -0.3422, 8.5851 ], [ -0.3344, 8.5912 ], [ -0.3274, 8.6059 ], [ -0.294, 8.6199 ], [ -0.2794, 8.6203 ], [ -0.2662, 8.6321 ], [ -0.2567, 8.6281 ], [ -0.2504, 8.633 ], [ -0.2481, 8.6394 ], [ -0.2382, 8.6374 ], [ -0.2327, 8.6449 ], [ -0.2216, 8.6464 ], [ -0.2179, 8.6564 ], [ -0.2138, 8.6593 ], [ -0.2037, 8.6586 ], [ -0.1948, 8.671 ], [ -0.1819, 8.6751 ], [ -0.1728, 8.6735 ], [ -0.1714, 8.6784 ], [ -0.1656, 8.6805 ], [ -0.1582, 8.678 ], [ -0.154, 8.6844 ], [ -0.1448, 8.6898 ], [ -0.1343, 8.6882 ], [ -0.13, 8.6914 ], [ -0.1291, 8.6994 ], [ -0.1199, 8.6996 ], [ -0.1175, 8.7027 ], [ -0.1191, 8.7089 ], [ -0.1107, 8.7106 ], [ -0.1031, 8.7218 ], [ -0.0893, 8.7279 ], [ -0.0815, 8.7261 ], [ -0.0816, 8.7317 ], [ -0.0725, 8.7361 ], [ -0.0616, 8.747 ], [ -0.0565, 8.746 ], [ -0.0521, 8.7548 ], [ -0.0569, 8.7584 ], [ -0.0539, 8.7786 ], [ -0.0455, 8.7806 ], [ -0.0439, 8.7863 ], [ -0.0504, 8.7978 ], [ -0.0609, 8.7994 ], [ -0.0639, 8.7952 ], [ -0.0609, 8.7915 ], [ -0.0566, 8.7916 ], [ -0.0548, 8.7871 ], [ -0.0741, 8.7812 ], [ -0.0848, 8.7825 ], [ -0.0966, 8.779 ], [ -0.0969, 8.7745 ], [ -0.0993, 8.7754 ], [ -0.0982, 8.7849 ], [ -0.0851, 8.8 ], [ -0.0962, 8.8203 ], [ -0.0972, 8.8278 ], [ -0.0299, 8.8535 ], [ -0.0197, 8.9026 ], [ -0.0392, 8.915 ], [ -0.0405, 8.9197 ], [ -0.0348, 8.926 ], [ -0.0171, 8.9293 ], [ -0.0197, 8.9227 ], [ -0.0153, 8.9201 ], [ -0.0105, 8.922 ], [ 0.0035, 8.9089 ], [ 0.0293, 8.9151 ], [ 0.0405, 8.9221 ], [ 0.0536, 8.9223 ], [ 0.0567, 8.9168 ], [ 0.0587, 8.8842 ], [ 0.0391, 8.8768 ], [ 0.0369, 8.8674 ], [ 0.0455, 8.8504 ], [ 0.0519, 8.8463 ], [ 0.0636, 8.8468 ], [ 0.0707, 8.8587 ], [ 0.0715, 8.8841 ], [ 0.0802, 8.8853 ], [ 0.092, 8.8819 ], [ 0.1033, 8.8869 ], [ 0.1209, 8.8811 ], [ 0.1379, 8.8796 ], [ 0.1441, 8.894 ], [ 0.1516, 8.9005 ], [ 0.1498, 8.9064 ], [ 0.1531, 8.9134 ], [ 0.1487, 8.9233 ], [ 0.1505, 8.9316 ], [ 0.1586, 8.9314 ], [ 0.1591, 8.9276 ], [ 0.1714, 8.9239 ], [ 0.1761, 8.9144 ], [ 0.1844, 8.9168 ], [ 0.188, 8.9199 ], [ 0.1879, 8.9254 ], [ 0.1793, 8.9559 ], [ 0.1837, 8.9647 ], [ 0.2094, 8.9749 ], [ 0.2219, 8.9748 ], [ 0.241, 8.9982 ], [ 0.2561, 8.9986 ], [ 0.2744, 9.007 ], [ 0.2819, 9.0063 ], [ 0.3055, 8.9961 ], [ 0.3172, 8.9875 ], [ 0.3119, 8.9839 ], [ 0.3118, 8.9763 ], [ 0.291, 8.9595 ], [ 0.2696, 8.9275 ], [ 0.2678, 8.9223 ], [ 0.2737, 8.9004 ], [ 0.2736, 8.8781 ], [ 0.2788, 8.8747 ], [ 0.2782, 8.869 ], [ 0.2861, 8.8571 ], [ 0.2872, 8.8461 ], [ 0.3139, 8.8267 ], [ 0.3238, 8.831 ], [ 0.3248, 8.849 ], [ 0.321, 8.8622 ], [ 0.3232, 8.8662 ], [ 0.3298, 8.8587 ], [ 0.3475, 8.8502 ], [ 0.3677, 8.8295 ], [ 0.3728, 8.8282 ], [ 0.3783, 8.8114 ], [ 0.3898, 8.8052 ], [ 0.3845, 8.8015 ], [ 0.3797, 8.7917 ], [ 0.382, 8.778 ], [ 0.3786, 8.7724 ], [ 0.3893, 8.7618 ], [ 0.3959, 8.7618 ], [ 0.3971, 8.7569 ], [ 0.3992, 8.7617 ], [ 0.4013, 8.7575 ], [ 0.3968, 8.7538 ], [ 0.3742, 8.7546 ], [ 0.3846, 8.7453 ], [ 0.3835, 8.7406 ], [ 0.3743, 8.7357 ], [ 0.3529, 8.742 ], [ 0.3463, 8.7409 ], [ 0.3547, 8.7279 ], [ 0.3595, 8.7257 ], [ 0.36, 8.7205 ], [ 0.3435, 8.7186 ], [ 0.3414, 8.7293 ], [ 0.3241, 8.7283 ], [ 0.3212, 8.7326 ], [ 0.3146, 8.7345 ], [ 0.3007, 8.7262 ], [ 0.2979, 8.7425 ], [ 0.2927, 8.7412 ], [ 0.2922, 8.7329 ], [ 0.2869, 8.7333 ], [ 0.2818, 8.724 ], [ 0.2697, 8.7312 ], [ 0.2698, 8.74 ], [ 0.2628, 8.741 ], [ 0.2587, 8.7469 ], [ 0.254, 8.7472 ], [ 0.244, 8.7408 ], [ 0.2392, 8.7511 ], [ 0.2316, 8.7534 ], [ 0.2209, 8.7497 ], [ 0.2143, 8.755 ], [ 0.2043, 8.7505 ], [ 0.1996, 8.7443 ], [ 0.1907, 8.744 ], [ 0.187, 8.7471 ], [ 0.188, 8.7418 ], [ 0.1856, 8.7408 ], [ 0.1805, 8.7459 ], [ 0.1809, 8.7618 ], [ 0.1709, 8.7647 ], [ 0.17, 8.7678 ], [ 0.1747, 8.7706 ], [ 0.1684, 8.7745 ], [ 0.1654, 8.7561 ], [ 0.1819, 8.722 ], [ 0.1813, 8.7128 ], [ 0.1389, 8.6692 ], [ 0.1359, 8.6535 ], [ 0.1377, 8.6414 ], [ 0.1469, 8.6296 ], [ 0.1699, 8.6158 ], [ 0.1726, 8.609 ], [ 0.1709, 8.596 ], [ 0.148, 8.5885 ], [ 0.1281, 8.605 ], [ 0.112, 8.5968 ], [ 0.0828, 8.5258 ], [ 0.0779, 8.5287 ], [ 0.0625, 8.5261 ], [ 0.0498, 8.5318 ], [ 0.0435, 8.5298 ], [ 0.0038, 8.5337 ], [ -0.0076, 8.5474 ], [ -0.036, 8.5486 ], [ -0.0547, 8.5542 ], [ -0.0693, 8.5541 ], [ -0.0914, 8.5443 ], [ -0.1097, 8.5436 ], [ -0.1186, 8.5396 ], [ -0.1227, 8.5427 ], [ -0.1186, 8.5468 ], [ -0.121, 8.5476 ], [ -0.1564, 8.5447 ], [ -0.1623, 8.5591 ], [ -0.1686, 8.55 ], [ -0.1746, 8.5532 ], [ -0.1786, 8.5487 ], [ -0.1865, 8.5473 ], [ -0.1886, 8.5402 ], [ -0.1958, 8.5433 ], [ -0.1987, 8.5539 ], [ -0.2152, 8.5531 ], [ -0.2212, 8.5613 ], [ -0.2227, 8.5705 ], [ -0.2292, 8.5674 ], [ -0.2347, 8.5721 ], [ -0.239, 8.5592 ], [ -0.2579, 8.5553 ], [ -0.2601, 8.5466 ], [ -0.2657, 8.5469 ], [ -0.2696, 8.5421 ], [ -0.2691, 8.5507 ], [ -0.2777, 8.5575 ], [ -0.2895, 8.5438 ], [ -0.2973, 8.5415 ], [ -0.2983, 8.544 ], [ -0.2937, 8.5479 ], [ -0.2984, 8.5468 ], [ -0.3044, 8.5349 ], [ -0.3056, 8.5386 ], [ -0.3104, 8.539 ], [ -0.3122, 8.5275 ], [ -0.3138, 8.5329 ], [ -0.3184, 8.5357 ], [ -0.3225, 8.5315 ], [ -0.333, 8.5336 ], [ -0.3355, 8.5306 ], [ -0.3367, 8.5386 ], [ -0.3498, 8.56 ], [ -0.3436, 8.5685 ], [ -0.356, 8.5712 ], [ -0.3637, 8.5815 ], [ -0.3578, 8.5902 ] ] ] } },
{ "type": "Feature", "properties": { "shapeName": "Wenchi Municipal", "shapeID": "2480657B27014820297576" }, "geometry": { "type": "Polygon", "coordinates": [ [ [ -1.9223, 7.8063 ], [ -1.929, 7.8093 ], [ -1.9443, 7.7992 ], [ -1.9588, 7.8019 ], [ -1.9619, 7.8061 ], [ -1.9707, 7.8059 ], [ -1.9832, 7.8029 ], [ -2.0231, 7.7803 ], [ -2.0764, 7.7786 ], [ -2.0822, 7.765 ], [ -2.0807, 7.7583 ], [ -2.0713, 7.7483 ], [ -2.0744, 7.7442 ], [ -2.0699, 7.7317 ], [ -2.073, 7.7135 ], [ -2.0629, 7.703 ], [ -2.0569, 7.6864 ], [ -2.0496, 7.6824 ], [ -2.048, 7.6716 ], [ -2.0511, 7.6659 ], [ -2.0671, 7.6613 ], [ -2.0716, 7.6486 ], [ -2.077, 7.6476 ], [ -2.0772, 7.6438 ], [ -2.0897, 7.6308 ], [ -2.0915, 7.6223 ], [ -2.0882, 7.6099 ], [ -2.1032, 7.5903 ], [ -2.1118, 7.5722 ], [ -2.1089, 7.5532 ], [ -2.1377, 7.5258 ], [ -2.1358, 7.519 ], [ -2.1219, 7.515 ], [ -2.1189, 7.5024 ], [ -2.1104, 7.4952 ], [ -2.1476, 7.4954 ], [ -2.1671, 7.4842 ], [ -2.168, 7.4791 ], [ -2.1899, 7.4764 ], [ -2.1951, 7.4784 ], [ -2.2086, 7.4713 ], [ -2.2236, 7.4692 ], [ -2.2298, 7.4696 ], [ -2.2318, 7.4785 ], [ -2.2422, 7.4794 ], [ -2.2459, 7.4876 ], [ -2.2605, 7.4885 ], [ -2.2674, 7.5001 ], [ -2.2631, 7.5059 ], [ -2.2621, 7.5266 ], [ -2.2543, 7.5348 ], [ -2.2548, 7.5434 ], [ -2.2448, 7.5485 ], [ -2.2439, 7.5652 ], [ -2.2394, 7.5651 ], [ -2.2438, 7.5765 ], [ -2.2541, 7.5826 ], [ -2.2493, 7.5956 ], [ -2.2491, 7.6086 ], [ -2.2263, 7.6076 ], [ -2.2167, 7.6125 ], [ -2.2149, 7.6193 ], [ -2.2183, 7.625 ], [ -2.2175, 7.6334 ], [ -2.2239, 7.6396 ], [ -2.2122, 7.6537 ], [ -2.2153, 7.6678 ], [ -2.203, 7.6734 ], [ -2.2024, 7.683 ], [ -2.2075, 7.6896 ], [ -2.2161, 7.6913 ], [ -2.2198, 7.7103 ], [ -2.2186, 7.7148 ], [ -2.2139, 7.7129 ], [ -2.2103, 7.7152 ], [ -2.2087, 7.7215 ], [ -2.2032, 7.7263 ], [ -2.2015, 7.7355 ], [ -2.2058, 7.7392 ], [ -2.1998, 7.739 ], [ -2.1963, 7.7447 ], [ -2.1981, 7.7503 ], [ -2.205, 7.7499 ], [ -2.2115, 7.7557 ], [ -2.2026, 7.761 ], [ -2.1974, 7.7581 ], [ -2.1949, 7.7611 ], [ -2.1978, 7.7775 ], [ -2.1959, 7.7968 ], [ -2.1882, 7.8027 ], [ -2.1815, 7.8034 ], [ -2.1665, 7.8155 ], [ -2.1661, 7.8349 ], [ -2.1559, 7.8313 ], [ -2.1502, 7.8368 ], [ -2.1543, 7.8364 ], [ -2.1573, 7.8433 ], [ -2.1468, 7.8439 ], [ -2.1524, 7.8549 ], [ -2.1499, 7.8594 ], [ -2.1528, 7.869 ], [ -2.1385, 7.8662 ], [ -2.1362, 7.8695 ], [ -2.1386, 7.8751 ], [ -2.1481, 7.8814 ], [ -2.1482, 7.8852 ], [ -2.1443, 7.8837 ], [ -2.1418, 7.8863 ], [ -2.1488, 7.8913 ], [ -2.1533, 7.9016 ], [ -2.1643, 7.9143 ], [ -2.1579, 7.9218 ], [ -2.1576, 7.9362 ], [ -2.1528, 7.9385 ], [ -2.1493, 7.9339 ], [ -2.1459, 7.9348 ], [ -2.1479, 7.943 ], [ -2.14, 7.9464 ], [ -2.1374, 7.9548 ], [ -2.1432, 7.9631 ], [ -2.143, 7.9706 ], [ -2.1381, 7.9778 ], [ -2.1449, 7.9841 ], [ -2.1499, 7.9952 ], [ -2.1441, 8.0036 ], [ -2.1429, 8.0153 ], [ -2.136, 8.0196 ], [ -2.135, 8.0287 ], [ -2.1325, 8.0304 ], [ -2.131, 8.0267 ], [ -2.1267, 8.027 ], [ -2.1207, 8.0364 ], [ -2.113, 8.0405 ], [ -2.1301, 8.0507 ], [ -2.1294, 8.0568 ], [ -2.1205, 8.0518 ], [ -2.1153, 8.0542 ], [ -2.1232, 8.0617 ], [ -2.1245, 8.075 ], [ -2.1357, 8.0808 ], [ -2.1272, 8.0839 ], [ -2.129, 8.0883 ], [ -2.1232, 8.0891 ], [ -2.1212, 8.097 ], [ -2.1164, 8.0995 ], [ -2.119, 8.1087 ], [ -2.1169, 8.1188 ], [ -2.122, 8.1309 ], [ -2.117, 8.1354 ], [ -2.1017, 8.1358 ], [ -2.0966, 8.1236 ], [ -2.0889, 8.1187 ], [ -2.0797, 8.0989 ], [ -2.0649, 8.089 ], [ -2.055, 8.0614 ], [ -2.0575, 8.052 ], [ -2.0369, 8.0304 ], [ -2.0253, 8.0239 ], [ -2.026, 7.9961 ], [ -2.044, 7.9735 ], [ -2.0412, 7.9644 ], [ -2.0319, 7.9566 ], [ -2.0199, 7.9554 ], [ -1.9951, 7.9674 ], [ -1.985, 7.9662 ], [ -1.974, 7.9482 ], [ -1.9141, 7.8773 ], [ -1.9029, 7.8311 ], [ -1.9093, 7.819 ], [ -1.9223, 7.8063 ] ] ] } },
{ "type": "Feature", "properties": { "shapeName": "Bongo", "shapeID": "2480657B66034837272834" }, "geometry": { "type": "Polygon", "coordinates": [ [ [ -0.807, 10.8285 ], [ -0.8105, 10.8407 ], [ -0.8187, 10.8412 ], [ -0.8311, 10.8496 ], [ -0.8468, 10.8457 ], [ -0.8493, 10.8492 ], [ -0.8647, 10.8509 ], [ -0.8678, 10.8411 ], [ -0.8748, 10.8488 ], [ -0.908, 10.8692 ], [ -0.9152, 10.8684 ], [ -0.9192, 10.8743 ], [ -0.9304, 10.8786 ], [ -0.9336, 10.8951 ], [ -0.9305, 10.9057 ], [ -0.9333, 10.9193 ], [ -0.929, 10.9301 ], [ -0.9218, 10.9358 ], [ -0.9122, 10.9515 ], [ -0.8977, 10.9533 ], [ -0.8993, 10.9592 ], [ -0.8926, 10.9628 ], [ -0.87, 10.9667 ], [ -0.855, 10.9983 ], [ -0.8284, 10.9983 ], [ -0.8273, 11.0065 ], [ -0.8076, 11.0058 ], [ -0.8075, 10.998 ], [ -0.6841, 10.9986 ], [ -0.6869, 10.9906 ], [ -0.6857, 10.9856 ], [ -0.6809, 10.9829 ], [ -0.6777, 10.9826 ], [ -0.6724, 10.9904 ], [ -0.6537, 10.9876 ], [ -0.6523, 10.9818 ], [ -0.6554, 10.9761 ], [ -0.6638, 10.9746 ], [ -0.6717, 10.9612 ], [ -0.6701, 10.9578 ], [ -0.6615, 10.9564 ], [ -0.6536, 10.9638 ], [ -0.6451, 10.9551 ], [ -0.6759, 10.9278 ], [ -0.6821, 10.8806 ], [ -0.6917, 10.8825 ], [ -0.7032, 10.8712 ], [ -0.7169, 10.8665 ], [ -0.7222, 10.859 ], [ -0.7242, 10.8485 ], [ -0.7352, 10.8361 ], [ -0.7395, 10.836 ], [ -0.7449, 10.859 ], [ -0.7534, 10.8635 ], [ -0.7644, 10.8595 ], [ -0.7821, 10.8443 ], [ -0.7846, 10.8371 ], [ -0.7954, 10.8356 ], [ -0.807, 10.8285 ] ] ] } },
{ "type": "Feature", "properties": { "shapeName": "Tano South Municipal", "shapeID": "2480657B7981851544250" }, "geometry": { "type": "Polygon", "coordinates": [ [ [ -1.9536, 7.0852 ], [ -1.967, 7.0899 ], [ -1.9903, 7.0784 ], [ -1.995, 7.0792 ], [ -2.0117, 7.0691 ], [ -2.0201, 7.0599 ], [ -2.0233, 7.0512 ], [ -2.0383, 7.0402 ], [ -2.0488, 7.0373 ], [ -2.0531, 7.041 ], [ -2.0619, 7.0391 ], [ -2.0922, 7.0209 ], [ -2.0973, 7.0072 ], [ -2.121, 7.0021 ], [ -2.1336, 7.022 ], [ -2.1377, 7.0204 ], [ -2.1329, 7.0336 ], [ -2.1256, 7.0397 ], [ -2.1256, 7.0505 ], [ -2.1188, 7.0491 ], [ -2.1183, 7.054 ], [ -2.1138, 7.0545 ], [ -2.1161, 7.0574 ], [ -2.111, 7.056 ], [ -2.0931, 7.0631 ], [ -2.087, 7.0792 ], [ -2.0764, 7.0828 ], [ -2.0724, 7.0875 ], [ -2.0606, 7.1088 ], [ -2.0625, 7.1116 ], [ -2.0522, 7.12 ], [ -2.049, 7.1285 ], [ -2.0556, 7.1442 ], [ -2.0543, 7.1587 ], [ -2.0667, 7.1645 ], [ -2.0692, 7.1974 ], [ -2.081, 7.2114 ], [ -2.0735, 7.2167 ], [ -2.069, 7.2364 ], [ -2.074, 7.2506 ], [ -2.0713, 7.2599 ], [ -2.0773, 7.267 ], [ -2.0656, 7.2809 ], [ -2.0702, 7.2907 ], [ -2.0684, 7.3021 ], [ -2.065, 7.304 ], [ -2.0649, 7.3195 ], [ -2.0589, 7.3156 ], [ -2.0563, 7.3089 ], [ -2.047, 7.3056 ], [ -2.0091, 7.3185 ], [ -2.0014, 7.3169 ], [ -1.9958, 7.3132 ], [ -1.9884, 7.2981 ], [ -1.97, 7.2973 ], [ -1.9621, 7.2934 ], [ -1.9545, 7.2655 ], [ -1.9499, 7.2615 ], [ -1.9454, 7.2645 ], [ -1.9272, 7.2648 ], [ -1.9122, 7.2535 ], [ -1.8953, 7.2634 ], [ -1.8812, 7.2663 ], [ -1.865, 7.2781 ], [ -1.8597, 7.2781 ], [ -1.8434, 7.275 ], [ -1.8356, 7.2596 ], [ -1.8272, 7.2585 ], [ -1.8267, 7.2534 ], [ -1.8386, 7.2387 ], [ -1.8553, 7.2273 ], [ -1.8556, 7.2222 ], [ -1.8623, 7.2174 ], [ -1.8689, 7.2032 ], [ -1.9329, 7.1766 ], [ -1.9325, 7.1301 ], [ -1.9536, 7.0852 ] ] ] } },
{ "type": "Feature", "properties": { "shapeName": "Kasena Nankana West", "shapeID": "2480657B70680953475259" }, "geometry": { "type": "MultiPolygon", "coordinates": [ [ [ [ -0.9304, 10.8786 ], [ -0.9334, 10.8683 ], [ -0.9393, 10.8654 ], [ -0.939, 10.8612 ], [ -0.9448, 10.8534 ], [ -0.9542, 10.8491 ], [ -0.9645, 10.8521 ], [ -0.9636, 10.8547 ], [ -0.9682, 10.8572 ], [ -0.9724, 10.8672 ], [ -0.9811, 10.8659 ], [ -0.9838, 10.8718 ], [ -0.9869, 10.8648 ], [ -0.9988, 10.8699 ], [ -1.0066, 10.8794 ], [ -1.0051, 10.8938 ], [ -1.0147, 10.9057 ], [ -1.0121, 10.9132 ], [ -1.0166, 10.918 ], [ -1.0183, 10.9329 ], [ -1.0134, 10.9388 ], [ -1.0021, 10.9411 ], [ -0.9949, 10.956 ], [ -0.987, 10.959 ], [ -0.967, 10.9595 ], [ -0.9455, 10.9431 ], [ -0.942, 10.9488 ], [ -0.9358, 10.947 ], [ -0.9344, 10.9565 ], [ -0.9287, 10.9546 ], [ -0.9236, 10.957 ], [ -0.9202, 10.968 ], [ -0.9129, 10.9746 ], [ -0.9113, 10.981 ], [ -0.8903, 10.9819 ], [ -0.8888, 10.9655 ], [ -0.8992, 10.9593 ], [ -0.8977, 10.9533 ], [ -0.9122, 10.9515 ], [ -0.9218, 10.9358 ], [ -0.929, 10.9301 ], [ -0.9331, 10.9199 ], [ -0.9305, 10.9057 ], [ -0.9336, 10.8951 ], [ -0.9304, 10.8786 ] ] ], [ [ [ -1.4054, 10.7272 ], [ -1.4078, 10.7317 ], [ -1.4129, 10.7327 ], [ -1.4127, 10.7359 ], [ -1.4223, 10.7394 ], [ -1.4264, 10.7499 ], [ -1.441, 10.7488 ], [ -1.4464, 10.7555 ], [ -1.456, 10.7537 ], [ -1.4715, 10.7583 ], [ -1.4694, 10.7667 ], [ -1.4782, 10.7862 ], [ -1.5124, 10.7607 ], [ -1.5262, 10.7603 ], [ -1.5287, 10.7648 ], [ -1.5228, 10.7775 ], [ -1.5052, 10.7787 ], [ -1.4961, 10.7866 ], [ -1.4915, 10.8063 ], [ -1.5005, 10.8144 ], [ -1.4918, 10.834 ], [ -1.4786, 10.8308 ], [ -1.4778, 10.8391 ], [ -1.4731, 10.844 ], [ -1.4584, 10.849 ], [ -1.4568, 10.862 ], [ -1.4534, 10.8655 ], [ -1.4585, 10.8789 ], [ -1.452, 10.8886 ], [ -1.4517, 10.908 ], [ -1.4562, 10.9116 ], [ -1.4472, 10.9321 ], [ -1.4441, 10.9504 ], [ -1.4479, 10.9641 ], [ -1.4384, 10.9906 ], [ -1.4282, 10.9981 ], [ -1.4291, 11.0135 ], [ -1.4234, 11.0152 ], [ -1.4228, 11.0203 ], [ -1.3961, 10.9906 ], [ -1.3772, 10.9861 ], [ -1.3709, 10.9889 ], [ -1.277, 10.991 ], [ -1.1817, 10.9892 ], [ -1.171, 10.9766 ], [ -1.1709, 10.9731 ], [ -1.177, 10.97 ], [ -1.1744, 10.966 ], [ -1.1765, 10.9621 ], [ -1.1726, 10.959 ], [ -1.1761, 10.9464 ], [ -1.1741, 10.9385 ], [ -1.1692, 10.9361 ], [ -1.1514, 10.9678 ], [ -1.1496, 10.9746 ], [ -1.1539, 10.9881 ], [ -1.1146, 10.9858 ], [ -1.1148, 11.0039 ], [ -1.0003, 11.0079 ], [ -1.0001, 10.9978 ], [ -1.0037, 10.9981 ], [ -1.0165, 10.9864 ], [ -1.0315, 10.9834 ], [ -1.0364, 10.9698 ], [ -1.0397, 10.9711 ], [ -1.049, 10.9623 ], [ -1.0577, 10.96 ], [ -1.0678, 10.9481 ], [ -1.0746, 10.9496 ], [ -1.0782, 10.9467 ], [ -1.0863, 10.9493 ], [ -1.0922, 10.9424 ], [ -1.1231, 10.9336 ], [ -1.1326, 10.9216 ], [ -1.1666, 10.921 ], [ -1.1622, 10.9143 ], [ -1.1589, 10.8767 ], [ -1.1883, 10.8703 ], [ -1.1865, 10.8451 ], [ -1.1911, 10.8408 ], [ -1.196, 10.8217 ], [ -1.2307, 10.8087 ], [ -1.2411, 10.7951 ], [ -1.2472, 10.8046 ], [ -1.2556, 10.802 ], [ -1.259, 10.809 ], [ -1.271, 10.8119 ], [ -1.2913, 10.8254 ], [ -1.3605, 10.8086 ], [ -1.3624, 10.8152 ], [ -1.3764, 10.8119 ], [ -1.3747, 10.8046 ], [ -1.3945, 10.7993 ], [ -1.4017, 10.7927 ], [ -1.4038, 10.7795 ], [ -1.4006, 10.7694 ], [ -1.3938, 10.7619 ], [ -1.3983, 10.7536 ], [ -1.3957, 10.7477 ], [ -1.3978, 10.7323 ], [ -1.4054, 10.7272 ] ] ] ] } },
{ "type": "Feature", "properties": { "shapeName": "Wa West", "shapeID": "2480657B35206472883168" }, "geometry": { "type": "Polygon", "coordinates": [ [ [ -2.4602, 9.9434 ], [ -2.458, 9.9193 ], [ -2.4491, 9.913 ], [ -2.4482, 9.9043 ], [ -2.4594, 9.9016 ], [ -2.4619, 9.8848 ], [ -2.4532, 9.8789 ], [ -2.4548, 9.8703 ], [ -2.4624, 9.8667 ], [ -2.463, 9.8478 ], [ -2.4728, 9.8347 ], [ -2.4753, 9.8245 ], [ -2.4861, 9.822 ], [ -2.4892, 9.8175 ], [ -2.4859, 9.806 ], [ -2.4909, 9.7989 ], [ -2.4844, 9.7888 ], [ -2.4942, 9.7839 ], [ -2.4965, 9.7658 ], [ -2.4853, 9.7581 ], [ -2.487, 9.7529 ], [ -2.5089, 9.7458 ], [ -2.5076, 9.72 ], [ -2.5149, 9.6938 ], [ -2.5215, 9.6867 ], [ -2.5384, 9.6779 ], [ -2.6003, 9.6593 ], [ -2.6278, 9.6469 ], [ -2.6649, 9.6392 ], [ -2.6805, 9.6316 ], [ -2.6984, 9.6298 ], [ -2.7071, 9.6339 ], [ -2.7193, 9.6323 ], [ -2.7265, 9.6349 ], [ -2.7318, 9.6435 ], [ -2.7452, 9.6415 ], [ -2.7541, 9.6526 ], [ -2.7585, 9.6807 ], [ -2.784, 9.6893 ], [ -2.7874, 9.6972 ], [ -2.7833, 9.725 ], [ -2.7905, 9.7464 ], [ -2.7786, 9.757 ], [ -2.7586, 9.8005 ], [ -2.7503, 9.8078 ], [ -2.7325, 9.815 ], [ -2.7268, 9.8289 ], [ -2.7305, 9.8381 ], [ -2.7472, 9.8544 ], [ -2.7626, 9.8849 ], [ -2.7612, 9.898 ], [ -2.7643, 9.9129 ], [ -2.7598, 9.9279 ], [ -2.7522, 9.9416 ], [ -2.7455, 9.9469 ], [ -2.7432, 9.9591 ], [ -2.7501, 9.9816 ], [ -2.7708, 10.0033 ], [ -2.7823, 10.027 ], [ -2.7826, 10.0445 ], [ -2.7908, 10.0697 ], [ -2.7884, 10.0937 ], [ -2.794, 10.1264 ], [ -2.7877, 10.14 ], [ -2.7912, 10.1642 ], [ -2.795, 10.1715 ], [ -2.7887, 10.1814 ], [ -2.7816, 10.1832 ], [ -2.7793, 10.1885 ], [ -2.7716, 10.1873 ], [ -2.7664, 10.1896 ], [ -2.7657, 10.1935 ], [ -2.758, 10.1937 ], [ -2.755, 10.2009 ], [ -2.7423, 10.205 ], [ -2.732, 10.1959 ], [ -2.7239, 10.1972 ], [ -2.7189, 10.1901 ], [ -2.7032, 10.1843 ], [ -2.7013, 10.1792 ], [ -2.6969, 10.1785 ], [ -2.698, 10.1738 ], [ -2.6949, 10.1731 ], [ -2.6915, 10.1634 ], [ -2.676, 10.1641 ], [ -2.6574, 10.1543 ], [ -2.6484, 10.1603 ], [ -2.6401, 10.1562 ], [ -2.6323, 10.1567 ], [ -2.6241, 10.1658 ], [ -2.6141, 10.1655 ], [ -2.6092, 10.1538 ], [ -2.6168, 10.1489 ], [ -2.6046, 10.1351 ], [ -2.5931, 10.1292 ], [ -2.5856, 10.1206 ], [ -2.5826, 10.1042 ], [ -2.5777, 10.0996 ], [ -2.5966, 10.0861 ], [ -2.5967, 10.0773 ], [ -2.579, 10.0796 ], [ -2.5826, 10.0734 ], [ -2.5816, 10.0606 ], [ -2.5854, 10.0584 ], [ -2.5836, 10.0543 ], [ -2.569, 10.0446 ], [ -2.5915, 10.0426 ], [ -2.5942, 10.0391 ], [ -2.599, 10.042 ], [ -2.6118, 10.041 ], [ -2.6152, 10.032 ], [ -2.6086, 10.0011 ], [ -2.6027, 10.0018 ], [ -2.596, 9.9955 ], [ -2.5972, 9.9911 ], [ -2.6012, 9.9902 ], [ -2.5995, 9.9867 ], [ -2.5949, 9.984 ], [ -2.589, 9.9911 ], [ -2.582, 9.9849 ], [ -2.5935, 9.975 ], [ -2.5916, 9.9699 ], [ -2.5988, 9.9599 ], [ -2.6017, 9.9417 ], [ -2.5928, 9.9378 ], [ -2.5841, 9.938 ], [ -2.587, 9.9315 ], [ -2.5798, 9.9312 ], [ -2.5666, 9.9242 ], [ -2.555, 9.9276 ], [ -2.5549, 9.9346 ], [ -2.547, 9.9406 ], [ -2.538, 9.9348 ], [ -2.531, 9.9348 ], [ -2.5203, 9.9382 ], [ -2.514, 9.9476 ], [ -2.4973, 9.9498 ], [ -2.4828, 9.9581 ], [ -2.4659, 9.9523 ], [ -2.4602, 9.9434 ] ] ] } },
{ "type": "Feature", "properties": { "shapeName": "Sunyani Municipal", "shapeID": "2480657B55840347650819" }, "geometry": { "type": "Polygon", "coordinates": [ [ [ -2.2099, 7.3143 ], [ -2.2192, 7.3121 ], [ -2.2184, 7.301 ], [ -2.222, 7.3028 ], [ -2.2305, 7.295 ], [ -2.2352, 7.2958 ], [ -2.2405, 7.2922 ], [ -2.2457, 7.2796 ], [ -2.262, 7.2789 ], [ -2.2687, 7.2743 ], [ -2.2659, 7.2675 ], [ -2.2689, 7.2647 ], [ -2.2634, 7.2614 ], [ -2.271, 7.2549 ], [ -2.2703, 7.2493 ], [ -2.2652, 7.2455 ], [ -2.2725, 7.2457 ], [ -2.27, 7.2388 ], [ -2.2734, 7.2372 ], [ -2.2815, 7.247 ], [ -2.2816, 7.238 ], [ -2.2785, 7.2337 ], [ -2.2841, 7.2325 ], [ -2.2851, 7.2267 ], [ -2.2909, 7.2242 ], [ -2.2968, 7.2335 ], [ -2.3194, 7.2333 ], [ -2.3249, 7.2371 ], [ -2.3341, 7.2294 ], [ -2.3407, 7.2178 ], [ -2.3501, 7.187 ], [ -2.3106, 7.1599 ], [ -2.3054, 7.1481 ], [ -2.2982, 7.1487 ], [ -2.2968, 7.1446 ], [ -2.2884, 7.1409 ], [ -2.2939, 7.1363 ], [ -2.2923, 7.1316 ], [ -2.2965, 7.1262 ], [ -2.3006, 7.1267 ], [ -2.2995, 7.1232 ], [ -2.3033, 7.1208 ], [ -2.2953, 7.113 ], [ -2.2984, 7.0983 ], [ -2.3042, 7.103 ], [ -2.3089, 7.0992 ], [ -2.3153, 7.104 ], [ -2.3188, 7.1024 ], [ -2.3297, 7.1059 ], [ -2.3308, 7.1157 ], [ -2.3228, 7.1207 ], [ -2.3242, 7.1228 ], [ -2.3265, 7.125 ], [ -2.3368, 7.1223 ], [ -2.3501, 7.1291 ], [ -2.3663, 7.1151 ], [ -2.3643, 7.1064 ], [ -2.3725, 7.1021 ], [ -2.4385, 7.0888 ], [ -2.4005, 7.1118 ], [ -2.4476, 7.1406 ], [ -2.4604, 7.1341 ], [ -2.4703, 7.1364 ], [ -2.4792, 7.1314 ], [ -2.4937, 7.1334 ], [ -2.4935, 7.2169 ], [ -2.49, 7.2167 ], [ -2.4923, 7.2194 ], [ -2.4868, 7.2181 ], [ -2.4855, 7.2278 ], [ -2.4788, 7.2399 ], [ -2.4714, 7.2396 ], [ -2.473, 7.2455 ], [ -2.469, 7.2482 ], [ -2.457, 7.2456 ], [ -2.4575, 7.2488 ], [ -2.4469, 7.2495 ], [ -2.4374, 7.2454 ], [ -2.4288, 7.287 ], [ -2.4359, 7.3074 ], [ -2.4228, 7.3181 ], [ -2.415, 7.3142 ], [ -2.4011, 7.3237 ], [ -2.3562, 7.3332 ], [ -2.3524, 7.3513 ], [ -2.347, 7.3538 ], [ -2.3472, 7.3611 ], [ -2.3244, 7.3676 ], [ -2.3075, 7.3526 ], [ -2.2962, 7.3502 ], [ -2.2862, 7.3539 ], [ -2.2745, 7.3494 ], [ -2.268, 7.3535 ], [ -2.2485, 7.3469 ], [ -2.2251, 7.3621 ], [ -2.2202, 7.359 ], [ -2.2137, 7.3444 ], [ -2.2099, 7.3143 ] ] ] } },
{ "type": "Feature", "properties": { "shapeName": "Sawla-tuna-kalba", "shapeID": "2480657B66384530229883" }, "geometry": { "type": "Polygon", "coordinates": [ [ [ -2.5089, 9.7458 ], [ -2.4211, 9.7724 ], [ -2.0969, 9.8137 ], [ -2.0912, 9.7898 ], [ -2.0864, 9.7855 ], [ -2.0422, 9.7797 ], [ -2.0248, 9.786 ], [ -2.0034, 9.8222 ], [ -1.9868, 9.8251 ], [ -1.9697, 9.8112 ], [ -1.9658, 9.8021 ], [ -1.9429, 9.7793 ], [ -1.9203, 9.7463 ], [ -1.9165, 9.7233 ], [ -1.9074, 9.7066 ], [ -1.9111, 9.6949 ], [ -1.9078, 9.6924 ], [ -1.9116, 9.6879 ], [ -1.9063, 9.674 ], [ -1.903, 9.6722 ], [ -1.9025, 9.6656 ], [ -1.886, 9.6487 ], [ -1.887, 9.6457 ], [ -1.894, 9.6436 ], [ -1.8951, 9.6386 ], [ -1.8991, 9.6399 ], [ -1.9004, 9.6348 ], [ -1.9059, 9.6326 ], [ -1.9043, 9.6287 ], [ -1.9111, 9.6179 ], [ -1.9099, 9.6145 ], [ -1.922, 9.601 ], [ -1.9272, 9.5875 ], [ -1.9225, 9.5786 ], [ -1.9229, 9.5721 ], [ -1.9132, 9.5639 ], [ -1.9269, 9.5578 ], [ -1.9314, 9.5458 ], [ -1.9422, 9.5484 ], [ -1.9488, 9.5433 ], [ -1.957, 9.5443 ], [ -1.968, 9.5592 ], [ -1.9676, 9.5763 ], [ -1.9792, 9.5742 ], [ -1.9859, 9.5803 ], [ -1.9963, 9.58 ], [ -2.0059, 9.5846 ], [ -2.01, 9.5914 ], [ -2.0189, 9.5843 ], [ -2.0227, 9.5869 ], [ -2.0302, 9.5857 ], [ -2.0345, 9.5813 ], [ -2.0432, 9.5838 ], [ -2.0596, 9.5756 ], [ -2.0656, 9.5685 ], [ -2.0869, 9.5644 ], [ -2.1026, 9.5409 ], [ -2.1093, 9.5227 ], [ -2.1187, 9.5158 ], [ -2.1215, 9.5077 ], [ -2.1462, 9.4986 ], [ -2.1361, 9.4641 ], [ -2.1379, 9.4553 ], [ -2.1273, 9.4345 ], [ -2.1311, 9.419 ], [ -2.1251, 9.4113 ], [ -2.127, 9.4059 ], [ -2.1163, 9.3945 ], [ -2.1231, 9.3859 ], [ -2.143, 9.3881 ], [ -2.1484, 9.3856 ], [ -2.1524, 9.388 ], [ -2.1576, 9.384 ], [ -2.1653, 9.3838 ], [ -2.1772, 9.3701 ], [ -2.1806, 9.361 ], [ -2.1889, 9.3561 ], [ -2.1997, 9.3571 ], [ -2.2011, 9.3502 ], [ -2.2195, 9.3361 ], [ -2.2215, 9.3271 ], [ -2.255, 9.263 ], [ -2.2613, 9.2596 ], [ -2.2695, 9.2477 ], [ -2.2922, 9.2366 ], [ -2.2697, 9.2228 ], [ -2.2673, 9.1936 ], [ -2.2562, 9.177 ], [ -2.2594, 9.1672 ], [ -2.2588, 9.1547 ], [ -2.2634, 9.1564 ], [ -2.2704, 9.1532 ], [ -2.285, 9.157 ], [ -2.332, 9.145 ], [ -2.3446, 9.1541 ], [ -2.3502, 9.1548 ], [ -2.3577, 9.1474 ], [ -2.3619, 9.1363 ], [ -2.3654, 9.1368 ], [ -2.3785, 9.1483 ], [ -2.3911, 9.1691 ], [ -2.4036, 9.1733 ], [ -2.3997, 9.1896 ], [ -2.4095, 9.2093 ], [ -2.4035, 9.2347 ], [ -2.4063, 9.2366 ], [ -2.4144, 9.2341 ], [ -2.452, 9.2359 ], [ -2.4583, 9.226 ], [ -2.4697, 9.2225 ], [ -2.4688, 9.2164 ], [ -2.4822, 9.2097 ], [ -2.5694, 9.1909 ], [ -2.579, 9.1932 ], [ -2.5935, 9.1889 ], [ -2.6036, 9.1909 ], [ -2.6074, 9.1875 ], [ -2.6193, 9.1935 ], [ -2.6289, 9.1926 ], [ -2.6349, 9.1875 ], [ -2.6448, 9.1854 ], [ -2.6572, 9.1933 ], [ -2.6702, 9.1969 ], [ -2.6833, 9.1915 ], [ -2.694, 9.1949 ], [ -2.7116, 9.2102 ], [ -2.6956, 9.2198 ], [ -2.6921, 9.2262 ], [ -2.6619, 9.2401 ], [ -2.6566, 9.2556 ], [ -2.6849, 9.287 ], [ -2.7011, 9.2857 ], [ -2.7106, 9.2912 ], [ -2.7175, 9.3001 ], [ -2.7213, 9.3129 ], [ -2.7195, 9.3347 ], [ -2.7031, 9.3393 ], [ -2.6773, 9.3687 ], [ -2.6736, 9.3874 ], [ -2.6779, 9.4095 ], [ -2.6886, 9.4325 ], [ -2.6901, 9.4524 ], [ -2.6845, 9.4745 ], [ -2.6847, 9.4874 ], [ -2.6937, 9.5038 ], [ -2.7138, 9.5239 ], [ -2.731, 9.5295 ], [ -2.7622, 9.5576 ], [ -2.7711, 9.5751 ], [ -2.7711, 9.6013 ], [ -2.7642, 9.6065 ], [ -2.7621, 9.6177 ], [ -2.7521, 9.63 ], [ -2.7473, 9.6317 ], [ -2.7436, 9.6422 ], [ -2.7318, 9.6435 ], [ -2.7265, 9.6349 ], [ -2.7193, 9.6323 ], [ -2.7071, 9.6339 ], [ -2.6984, 9.6298 ], [ -2.6805, 9.6316 ], [ -2.6649, 9.6392 ], [ -2.6278, 9.6469 ], [ -2.6003, 9.6593 ], [ -2.5384, 9.6779 ], [ -2.5215, 9.6867 ], [ -2.5149, 9.6938 ], [ -2.5076, 9.72 ], [ -2.5089, 9.7458 ] ] ] } },
{ "type": "Feature", "properties": { "shapeName": "Asante Akim South", "shapeID": "2480657B39079904074923" }, "geometry": { "type": "Polygon", "coordinates": [ [ [ -0.9725, 6.6456 ], [ -0.9775, 6.6385 ], [ -0.9775, 6.6215 ], [ -0.9768, 6.6147 ], [ -0.9718, 6.612 ], [ -0.9451, 6.627 ], [ -0.9455, 6.6391 ], [ -0.9381, 6.6411 ], [ -0.935, 6.6362 ], [ -0.9327, 6.6394 ], [ -0.9236, 6.6409 ], [ -0.9187, 6.6223 ], [ -0.9101, 6.6104 ], [ -0.9156, 6.6008 ], [ -0.9115, 6.5989 ], [ -0.9137, 6.5927 ], [ -0.9161, 6.5934 ], [ -0.9203, 6.5872 ], [ -0.9265, 6.5879 ], [ -0.944, 6.5644 ], [ -0.9504, 6.5655 ], [ -0.9565, 6.5594 ], [ -0.9681, 6.536 ], [ -0.9726, 6.535 ], [ -0.972, 6.5265 ], [ -0.9768, 6.5233 ], [ -0.9774, 6.5186 ], [ -0.9814, 6.5209 ], [ -0.9892, 6.5162 ], [ -0.9889, 6.5128 ], [ -0.9934, 6.5113 ], [ -0.9932, 6.504 ], [ -1.0006, 6.5001 ], [ -1.0059, 6.487 ], [ -1.0034, 6.4839 ], [ -1.0068, 6.4785 ], [ -1.0059, 6.4717 ], [ -1.0123, 6.4683 ], [ -1.0085, 6.4543 ], [ -1.005, 6.453 ], [ -1.0046, 6.45 ], [ -1.0087, 6.4487 ], [ -1.0057, 6.4428 ], [ -1.0079, 6.4393 ], [ -1.018, 6.4361 ], [ -1.0129, 6.426 ], [ -1.0164, 6.4205 ], [ -1.0103, 6.415 ], [ -1.0198, 6.4134 ], [ -1.0198, 6.4089 ], [ -1.0236, 6.4083 ], [ -1.0311, 6.4084 ], [ -1.0356, 6.413 ], [ -1.0355, 6.4104 ], [ -1.041, 6.4078 ], [ -1.0381, 6.4036 ], [ -1.0418, 6.4005 ], [ -1.0555, 6.3977 ], [ -1.0562, 6.3945 ], [ -1.067, 6.3902 ], [ -1.0683, 6.3833 ], [ -1.1028, 6.3644 ], [ -1.1051, 6.3577 ], [ -1.1143, 6.3528 ], [ -1.1105, 6.3433 ], [ -1.1199, 6.3259 ], [ -1.1128, 6.3239 ], [ -1.1122, 6.3206 ], [ -1.1171, 6.3222 ], [ -1.1312, 6.316 ], [ -1.1314, 6.3086 ], [ -1.1278, 6.302 ], [ -1.132, 6.2984 ], [ -1.1371, 6.2994 ], [ -1.1386, 6.2963 ], [ -1.1269, 6.2862 ], [ -1.1315, 6.2803 ], [ -1.128, 6.2712 ], [ -1.1163, 6.2687 ], [ -1.1215, 6.2614 ], [ -1.1202, 6.2572 ], [ -1.1254, 6.2439 ], [ -1.1213, 6.2383 ], [ -1.1256, 6.2331 ], [ -1.1205, 6.2281 ], [ -1.123, 6.2178 ], [ -1.1205, 6.209 ], [ -1.1263, 6.2078 ], [ -1.1296, 6.201 ], [ -1.1364, 6.198 ], [ -1.1371, 6.2005 ], [ -1.1465, 6.1984 ], [ -1.1507, 6.2016 ], [ -1.1538, 6.1985 ], [ -1.1552, 6.2044 ], [ -1.1611, 6.2008 ], [ -1.1642, 6.2064 ], [ -1.1689, 6.2022 ], [ -1.1755, 6.2039 ], [ -1.1797, 6.2008 ], [ -1.1827, 6.2055 ], [ -1.1863, 6.2014 ], [ -1.1978, 6.1996 ], [ -1.2022, 6.2042 ], [ -1.2037, 6.2146 ], [ -1.2014, 6.2171 ], [ -1.2041, 6.2188 ], [ -1.2014, 6.2218 ], [ -1.2076, 6.2282 ], [ -1.2137, 6.2278 ], [ -1.2147, 6.2372 ], [ -1.2124, 6.2381 ], [ -1.2256, 6.2575 ], [ -1.2246, 6.2622 ], [ -1.2304, 6.2642 ], [ -1.2275, 6.2757 ], [ -1.2297, 6.2844 ], [ -1.24, 6.2805 ], [ -1.2422, 6.293 ], [ -1.2547, 6.3058 ], [ -1.2591, 6.3054 ], [ -1.2592, 6.3096 ], [ -1.2627, 6.3115 ], [ -1.2605, 6.3167 ], [ -1.2678, 6.3243 ], [ -1.2662, 6.329 ], [ -1.2699, 6.3363 ], [ -1.2752, 6.3386 ], [ -1.2796, 6.3361 ], [ -1.281, 6.3405 ], [ -1.277, 6.3462 ], [ -1.2809, 6.3469 ], [ -1.28, 6.357 ], [ -1.283, 6.3598 ], [ -1.2852, 6.3572 ], [ -1.2977, 6.3727 ], [ -1.2921, 6.3765 ], [ -1.2921, 6.3818 ], [ -1.297, 6.3876 ], [ -1.2924, 6.3929 ], [ -1.2966, 6.4002 ], [ -1.2873, 6.4167 ], [ -1.2819, 6.4179 ], [ -1.2802, 6.4275 ], [ -1.2751, 6.4291 ], [ -1.2753, 6.4327 ], [ -1.2351, 6.4414 ], [ -1.2355, 6.4461 ], [ -1.2206, 6.4609 ], [ -1.2018, 6.49 ], [ -1.2217, 6.5089 ], [ -1.227, 6.5239 ], [ -1.217, 6.5363 ], [ -1.2227, 6.5474 ], [ -1.2194, 6.5706 ], [ -1.2042, 6.5855 ], [ -1.1649, 6.5889 ], [ -1.1668, 6.594 ], [ -1.1824, 6.6019 ], [ -1.1662, 6.6075 ], [ -1.1611, 6.6123 ], [ -1.1695, 6.6156 ], [ -1.1649, 6.6249 ], [ -1.169, 6.6244 ], [ -1.1753, 6.6312 ], [ -1.1624, 6.6421 ], [ -1.144, 6.6456 ], [ -1.1434, 6.6496 ], [ -1.1331, 6.6532 ], [ -1.1332, 6.6687 ], [ -1.1233, 6.6729 ], [ -1.1229, 6.679 ], [ -1.1153, 6.6944 ], [ -1.1086, 6.6992 ], [ -1.1077, 6.7107 ], [ -1.1018, 6.7189 ], [ -1.0907, 6.7154 ], [ -1.0825, 6.7181 ], [ -1.0828, 6.7221 ], [ -1.0795, 6.7235 ], [ -1.063, 6.7181 ], [ -1.0564, 6.7204 ], [ -1.0536, 6.7087 ], [ -1.0374, 6.7251 ], [ -1.0272, 6.7242 ], [ -1.0031, 6.7049 ], [ -0.9965, 6.6958 ], [ -0.9998, 6.6861 ], [ -1.014, 6.6685 ], [ -1.0204, 6.6438 ], [ -0.9725, 6.6456 ] ] ] } },
{ "type": "Feature", "properties": { "shapeName": "Sissala East", "shapeID": "2480657B88326891244380" }, "geometry": { "type": "Polygon", "coordinates": [ [ [ -1.6636, 10.1737 ], [ -1.6671, 10.1755 ], [ -1.6689, 10.1894 ], [ -1.6747, 10.1987 ], [ -1.6724, 10.2059 ], [ -1.6812, 10.2191 ], [ -1.6839, 10.2165 ], [ -1.6859, 10.2214 ], [ -1.6934, 10.2252 ], [ -1.6993, 10.2235 ], [ -1.7051, 10.2261 ], [ -1.707, 10.2302 ], [ -1.7284, 10.2398 ], [ -1.736, 10.2506 ], [ -1.742, 10.2488 ], [ -1.7493, 10.2512 ], [ -1.8034, 10.2936 ], [ -1.8222, 10.2993 ], [ -1.8272, 10.3121 ], [ -1.8273, 10.3239 ], [ -1.8516, 10.3618 ], [ -1.8796, 10.3899 ], [ -1.895, 10.4144 ], [ -1.9044, 10.4018 ], [ -1.9094, 10.3871 ], [ -1.92, 10.3745 ], [ -1.9443, 10.3669 ], [ -1.9593, 10.3581 ], [ -1.9712, 10.3633 ], [ -1.9823, 10.3608 ], [ -1.9877, 10.345 ], [ -2.0014, 10.335 ], [ -2.0015, 10.3285 ], [ -2.0076, 10.326 ], [ -2.0051, 10.3216 ], [ -2.0085, 10.3168 ], [ -2.014, 10.3155 ], [ -2.0157, 10.318 ], [ -2.0229, 10.3028 ], [ -2.03, 10.3028 ], [ -2.0326, 10.3095 ], [ -2.0505, 10.3141 ], [ -2.0546, 10.3102 ], [ -2.0601, 10.3166 ], [ -2.0612, 10.3284 ], [ -2.0683, 10.3388 ], [ -2.0595, 10.346 ], [ -2.0522, 10.3467 ], [ -2.0544, 10.3546 ], [ -2.0492, 10.3543 ], [ -2.0539, 10.3594 ], [ -2.0567, 10.3799 ], [ -2.065, 10.3919 ], [ -2.0629, 10.4027 ], [ -2.0731, 10.4138 ], [ -2.0711, 10.4205 ], [ -2.0747, 10.4269 ], [ -2.0878, 10.4364 ], [ -2.09, 10.4436 ], [ -2.0995, 10.4448 ], [ -2.1048, 10.4493 ], [ -2.1164, 10.449 ], [ -2.1238, 10.4419 ], [ -2.1369, 10.4409 ], [ -2.1577, 10.4595 ], [ -2.1616, 10.4666 ], [ -2.1813, 10.4607 ], [ -2.1864, 10.4639 ], [ -2.1783, 10.4864 ], [ -2.1819, 10.4932 ], [ -2.1781, 10.5 ], [ -2.1826, 10.5058 ], [ -2.1634, 10.5197 ], [ -2.1718, 10.5329 ], [ -2.1715, 10.5414 ], [ -2.1785, 10.5522 ], [ -2.1743, 10.5522 ], [ -2.1734, 10.5567 ], [ -2.1681, 10.5538 ], [ -2.1586, 10.5582 ], [ -2.1539, 10.5644 ], [ -2.1564, 10.5684 ], [ -2.1503, 10.5705 ], [ -2.1436, 10.5795 ], [ -2.1431, 10.5858 ], [ -2.1372, 10.5852 ], [ -2.1309, 10.591 ], [ -2.1396, 10.5995 ], [ -2.1407, 10.6087 ], [ -2.137, 10.6184 ], [ -2.1337, 10.6195 ], [ -2.1364, 10.6277 ], [ -2.1294, 10.6371 ], [ -2.1214, 10.6608 ], [ -2.127, 10.6674 ], [ -2.1308, 10.6941 ], [ -2.1418, 10.7051 ], [ -2.1503, 10.7315 ], [ -2.1688, 10.7592 ], [ -2.1667, 10.7593 ], [ -2.1749, 10.7756 ], [ -2.1743, 10.7943 ], [ -2.1794, 10.7998 ], [ -2.1673, 10.8106 ], [ -2.1548, 10.8076 ], [ -2.1451, 10.8114 ], [ -2.1384, 10.8186 ], [ -2.1349, 10.8285 ], [ -2.1305, 10.8307 ], [ -2.1203, 10.8271 ], [ -2.1121, 10.8282 ], [ -2.1097, 10.8314 ], [ -2.1039, 10.8305 ], [ -2.0904, 10.8116 ], [ -2.076, 10.8084 ], [ -2.0449, 10.8502 ], [ -2.0367, 10.8495 ], [ -2.0303, 10.8566 ], [ -2.0318, 10.8617 ], [ -2.0113, 10.8714 ], [ -2.0088, 10.884 ], [ -1.9883, 10.9101 ], [ -1.9788, 10.9187 ], [ -1.9621, 10.9267 ], [ -1.9619, 10.9301 ], [ -1.9679, 10.9321 ], [ -1.9674, 10.9508 ], [ -1.9722, 10.9659 ], [ -1.9972, 10.9855 ], [ -2.0063, 11.004 ], [ -1.7434, 11.0081 ], [ -1.7445, 11.038 ], [ -1.5458, 11.0402 ], [ -1.5441, 11.0102 ], [ -1.4285, 11.0111 ], [ -1.4282, 10.9981 ], [ -1.4384, 10.9906 ], [ -1.4479, 10.9641 ], [ -1.4441, 10.9504 ], [ -1.4472, 10.9321 ], [ -1.4562, 10.9116 ], [ -1.4517, 10.908 ], [ -1.452, 10.8886 ], [ -1.4585, 10.8789 ], [ -1.4534, 10.8655 ], [ -1.4568, 10.862 ], [ -1.4584, 10.849 ], [ -1.4731, 10.844 ], [ -1.4778, 10.8391 ], [ -1.4786, 10.8308 ], [ -1.4918, 10.834 ], [ -1.4946, 10.8293 ], [ -1.5005, 10.8137 ], [ -1.4915, 10.8063 ], [ -1.4997, 10.7819 ], [ -1.5052, 10.7787 ], [ -1.5235, 10.7769 ], [ -1.5286, 10.7657 ], [ -1.5259, 10.7611 ], [ -1.529, 10.7521 ], [ -1.5336, 10.748 ], [ -1.5513, 10.7505 ], [ -1.5568, 10.7469 ], [ -1.5618, 10.7361 ], [ -1.5618, 10.7275 ], [ -1.5682, 10.7234 ], [ -1.5666, 10.7155 ], [ -1.5735, 10.6679 ], [ -1.5677, 10.6446 ], [ -1.5664, 10.5995 ], [ -1.5594, 10.5955 ], [ -1.5539, 10.5863 ], [ -1.5266, 10.5883 ], [ -1.516, 10.5767 ], [ -1.5195, 10.5675 ], [ -1.5183, 10.5621 ], [ -1.5049, 10.5604 ], [ -1.4988, 10.5537 ], [ -1.4899, 10.5501 ], [ -1.4859, 10.5383 ], [ -1.4645, 10.5373 ], [ -1.4571, 10.5333 ], [ -1.4485, 10.5169 ], [ -1.4628, 10.5092 ], [ -1.4593, 10.4987 ], [ -1.4669, 10.4868 ], [ -1.458, 10.4789 ], [ -1.4498, 10.479 ], [ -1.4466, 10.4691 ], [ -1.434, 10.4677 ], [ -1.4686, 10.4428 ], [ -1.4749, 10.4332 ], [ -1.5178, 10.4058 ], [ -1.5703, 10.3554 ], [ -1.6478, 10.2153 ], [ -1.6475, 10.2077 ], [ -1.6522, 10.1978 ], [ -1.663, 10.1874 ], [ -1.6602, 10.1772 ], [ -1.6636, 10.1737 ] ] ] } },
{ "type": "Feature", "properties": { "shapeName": "Ada East", "shapeID": "2480657B57636315193797" }, "geometry": { "type": "Polygon", "coordinates": [ [ [ 0.688, 5.7778 ], [ 0.6859, 5.7744 ], [ 0.6759, 5.7772 ], [ 0.6802, 5.7708 ], [ 0.6771, 5.7686 ], [ 0.6573, 5.7694 ], [ 0.4583, 5.7888 ], [ 0.4621, 5.7972 ], [ 0.4553, 5.7984 ], [ 0.4548, 5.8012 ], [ 0.4595, 5.7997 ], [ 0.4568, 5.8059 ], [ 0.4661, 5.8097 ], [ 0.4641, 5.8195 ], [ 0.4716, 5.8332 ], [ 0.4836, 5.8345 ], [ 0.4896, 5.8387 ], [ 0.4906, 5.8435 ], [ 0.4848, 5.8437 ], [ 0.4796, 5.8494 ], [ 0.484, 5.8499 ], [ 0.4852, 5.8574 ], [ 0.4811, 5.8629 ], [ 0.4857, 5.8665 ], [ 0.4865, 5.877 ], [ 0.4976, 5.8884 ], [ 0.4941, 5.8929 ], [ 0.4979, 5.9124 ], [ 0.4942, 5.9172 ], [ 0.4984, 5.9212 ], [ 0.4977, 5.9312 ], [ 0.5028, 5.9347 ], [ 0.4983, 5.939 ], [ 0.5, 5.9505 ], [ 0.496, 5.958 ], [ 0.5049, 5.9583 ], [ 0.5074, 5.9621 ], [ 0.5059, 5.9662 ], [ 0.4976, 5.9668 ], [ 0.4985, 5.9813 ], [ 0.515, 5.9829 ], [ 0.5254, 5.9788 ], [ 0.524, 5.9549 ], [ 0.5417, 5.9497 ], [ 0.5474, 5.935 ], [ 0.5504, 5.9351 ], [ 0.5485, 5.9317 ], [ 0.5518, 5.929 ], [ 0.5479, 5.9249 ], [ 0.551, 5.9203 ], [ 0.561, 5.9401 ], [ 0.5716, 5.9327 ], [ 0.5706, 5.9298 ], [ 0.5761, 5.9328 ], [ 0.5821, 5.9273 ], [ 0.5888, 5.919 ], [ 0.585, 5.9172 ], [ 0.5874, 5.9134 ], [ 0.5805, 5.9101 ], [ 0.5746, 5.8999 ], [ 0.5997, 5.8906 ], [ 0.6055, 5.8839 ], [ 0.6068, 5.8769 ], [ 0.6191, 5.8758 ], [ 0.6124, 5.8728 ], [ 0.615, 5.8646 ], [ 0.6315, 5.8668 ], [ 0.6305, 5.8625 ], [ 0.6259, 5.863 ], [ 0.6197, 5.854 ], [ 0.6203, 5.8343 ], [ 0.6429, 5.841 ], [ 0.6546, 5.8272 ], [ 0.6519, 5.8052 ], [ 0.6777, 5.7952 ], [ 0.688, 5.7778 ] ] ] } },
{ "type": "Feature", "properties": { "shapeName": "Shai Osudoku", "shapeID": "2480657B66464396810782" }, "geometry": { "type": "Polygon", "coordinates": [ [ [ 0.3533, 5.9866 ], [ 0.3408, 5.9357 ], [ 0.2388, 5.9299 ], [ 0.2367, 5.9253 ], [ 0.2211, 5.9139 ], [ 0.2032, 5.8832 ], [ 0.174, 5.8566 ], [ 0.1341, 5.8387 ], [ 0.1207, 5.8369 ], [ 0.1184, 5.8333 ], [ 0.096, 5.8507 ], [ 0.0865, 5.8392 ], [ 0.0767, 5.8351 ], [ 0.0719, 5.8272 ], [ 0.0425, 5.8221 ], [ 0.0035, 5.8214 ], [ -0.0033, 5.8263 ], [ -0.0173, 5.8277 ], [ -0.0195, 5.836 ], [ -0.0302, 5.8339 ], [ -0.0625, 5.8462 ], [ -0.0692, 5.8441 ], [ -0.0757, 5.8466 ], [ -0.0831, 5.8587 ], [ -0.0911, 5.8648 ], [ -0.1021, 5.8717 ], [ -0.1119, 5.8721 ], [ -0.1222, 5.8802 ], [ -0.0837, 5.907 ], [ -0.0609, 5.9329 ], [ -0.0409, 5.9439 ], [ -0.0063, 5.9711 ], [ -0.0046, 5.9856 ], [ -0.0081, 5.9934 ], [ -0.0148, 5.9972 ], [ -0.0137, 6.0013 ], [ -0.0096, 6.0104 ], [ -0.0008, 6.0077 ], [ 0.0058, 6.0121 ], [ 0.0084, 6.0243 ], [ 0.0182, 6.0389 ], [ 0.019, 6.0619 ], [ 0.0404, 6.0479 ], [ 0.0626, 6.0597 ], [ 0.0898, 6.0629 ], [ 0.1045, 6.0778 ], [ 0.1179, 6.0833 ], [ 0.1436, 6.1009 ], [ 0.1468, 6.1091 ], [ 0.1894, 6.0968 ], [ 0.2087, 6.1041 ], [ 0.2129, 6.1027 ], [ 0.233, 6.108 ], [ 0.2289, 6.1101 ], [ 0.2478, 6.1057 ], [ 0.2684, 6.0942 ], [ 0.2848, 6.0808 ], [ 0.2895, 6.0643 ], [ 0.2955, 6.0573 ], [ 0.3378, 6.0472 ], [ 0.3318, 6.0339 ], [ 0.3487, 6.0222 ], [ 0.3398, 6.0191 ], [ 0.3318, 6.0073 ], [ 0.3297, 5.9966 ], [ 0.3409, 5.9891 ], [ 0.3533, 5.9866 ] ] ] } },
{ "type": "Feature", "properties": { "shapeName": "Kasena Nankana East", "shapeID": "2480657B68256913631937" }, "geometry": { "type": "MultiPolygon", "coordinates": [ [ [ [ -0.9645, 10.8522 ], [ -0.9687, 10.8449 ], [ -0.9812, 10.8382 ], [ -0.9812, 10.8322 ], [ -0.9872, 10.8329 ], [ -0.9901, 10.8301 ], [ -0.9971, 10.8193 ], [ -0.9958, 10.815 ], [ -1.0045, 10.8008 ], [ -1.0003, 10.7923 ], [ -1.0075, 10.7841 ], [ -1.0089, 10.7677 ], [ -1.0145, 10.7626 ], [ -1.0119, 10.7573 ], [ -1.0139, 10.7467 ], [ -1.0123, 10.7403 ], [ -1.0067, 10.7375 ], [ -1.0055, 10.728 ], [ -0.9998, 10.7275 ], [ -0.9957, 10.7323 ], [ -0.9918, 10.7322 ], [ -0.9889, 10.7224 ], [ -0.9841, 10.7179 ], [ -0.9675, 10.7144 ], [ -0.9592, 10.7086 ], [ -0.9722, 10.6973 ], [ -0.9673, 10.6917 ], [ -0.9751, 10.6859 ], [ -0.9794, 10.687 ], [ -0.9836, 10.6816 ], [ -0.9771, 10.677 ], [ -0.9803, 10.6674 ], [ -0.9708, 10.6621 ], [ -0.9684, 10.6543 ], [ -0.9541, 10.6413 ], [ -0.9513, 10.6319 ], [ -0.955, 10.627 ], [ -0.9483, 10.6243 ], [ -0.944, 10.6172 ], [ -0.9518, 10.602 ], [ -0.9486, 10.5949 ], [ -0.9551, 10.5881 ], [ -0.9538, 10.5819 ], [ -0.9565, 10.5772 ], [ -0.9554, 10.5718 ], [ -0.9493, 10.5691 ], [ -0.9454, 10.5552 ], [ -0.9326, 10.5475 ], [ -0.932, 10.5395 ], [ -0.9366, 10.5323 ], [ -0.936, 10.5265 ], [ -0.9482, 10.5338 ], [ -0.9592, 10.5288 ], [ -0.9654, 10.5369 ], [ -0.9807, 10.5322 ], [ -1.0084, 10.538 ], [ -1.0321, 10.5282 ], [ -1.0352, 10.5229 ], [ -1.0416, 10.5204 ], [ -1.0438, 10.5136 ], [ -1.0495, 10.511 ], [ -1.0538, 10.4994 ], [ -1.066, 10.4973 ], [ -1.0671, 10.5027 ], [ -1.0835, 10.511 ], [ -1.0789, 10.5159 ], [ -1.0803, 10.518 ], [ -1.077, 10.5188 ], [ -1.0792, 10.5245 ], [ -1.0721, 10.5264 ], [ -1.0687, 10.5313 ], [ -1.0674, 10.5402 ], [ -1.0732, 10.544 ], [ -1.0736, 10.5553 ], [ -1.078, 10.5556 ], [ -1.0905, 10.5778 ], [ -1.0875, 10.5866 ], [ -1.0968, 10.593 ], [ -1.0905, 10.6034 ], [ -1.1086, 10.6249 ], [ -1.1054, 10.6359 ], [ -1.1135, 10.6419 ], [ -1.1092, 10.6526 ], [ -1.0998, 10.6461 ], [ -1.0837, 10.6564 ], [ -1.0826, 10.6607 ], [ -1.0874, 10.6619 ], [ -1.0909, 10.6674 ], [ -1.0931, 10.6845 ], [ -1.1047, 10.6735 ], [ -1.1107, 10.6769 ], [ -1.114, 10.6752 ], [ -1.1162, 10.6798 ], [ -1.1141, 10.6863 ], [ -1.1208, 10.6928 ], [ -1.1181, 10.6956 ], [ -1.1198, 10.7015 ], [ -1.1115, 10.7131 ], [ -1.1076, 10.7117 ], [ -1.1011, 10.7221 ], [ -1.102, 10.727 ], [ -1.0966, 10.7312 ], [ -1.1016, 10.7327 ], [ -1.1094, 10.7424 ], [ -1.1193, 10.7406 ], [ -1.1258, 10.7466 ], [ -1.1291, 10.746 ], [ -1.1239, 10.7542 ], [ -1.1266, 10.7569 ], [ -1.1256, 10.7643 ], [ -1.1358, 10.7732 ], [ -1.1341, 10.7984 ], [ -1.1315, 10.7944 ], [ -1.1275, 10.8014 ], [ -1.1212, 10.803 ], [ -1.1242, 10.81 ], [ -1.1215, 10.8091 ], [ -1.1158, 10.8147 ], [ -1.118, 10.818 ], [ -1.1128, 10.8191 ], [ -1.1167, 10.8223 ], [ -1.1131, 10.8233 ], [ -1.1154, 10.8299 ], [ -1.1102, 10.8352 ], [ -1.1155, 10.8402 ], [ -1.118, 10.8517 ], [ -1.1317, 10.8484 ], [ -1.1443, 10.8584 ], [ -1.1517, 10.8796 ], [ -1.1552, 10.8799 ], [ -1.1545, 10.8754 ], [ -1.1589, 10.8767 ], [ -1.1622, 10.9143 ], [ -1.1666, 10.921 ], [ -1.1326, 10.9216 ], [ -1.1231, 10.9336 ], [ -1.0922, 10.9424 ], [ -1.0863, 10.9493 ], [ -1.0782, 10.9467 ], [ -1.0746, 10.9496 ], [ -1.0678, 10.9481 ], [ -1.0577, 10.96 ], [ -1.049, 10.9623 ], [ -1.0397, 10.9711 ], [ -1.0364, 10.9698 ], [ -1.0315, 10.9834 ], [ -1.0165, 10.9864 ], [ -1.003, 10.9984 ], [ -0.9165, 11.0022 ], [ -0.9166, 10.9803 ], [ -0.9111, 10.9805 ], [ -0.9116, 10.9774 ], [ -0.9202, 10.968 ], [ -0.9242, 10.9563 ], [ -0.9354, 10.9557 ], [ -0.9358, 10.947 ], [ -0.942, 10.9488 ], [ -0.9455, 10.9431 ], [ -0.967, 10.9595 ], [ -0.987, 10.959 ], [ -0.9949, 10.956 ], [ -1.0021, 10.9411 ], [ -1.0134, 10.9388 ], [ -1.0183, 10.9329 ], [ -1.0166, 10.918 ], [ -1.0121, 10.9132 ], [ -1.0147, 10.9057 ], [ -1.0051, 10.8935 ], [ -1.0066, 10.8794 ], [ -1.0005, 10.871 ], [ -0.9869, 10.8648 ], [ -0.9838, 10.8718 ], [ -0.9811, 10.8659 ], [ -0.9713, 10.8667 ], [ -0.9645, 10.8522 ] ] ], [ [ [ -1.1708, 10.9733 ], [ -1.1817, 10.9892 ], [ -1.1539, 10.9881 ], [ -1.1496, 10.9746 ], [ -1.1548, 10.9589 ], [ -1.1692, 10.9361 ], [ -1.1741, 10.9385 ], [ -1.1761, 10.9464 ], [ -1.1726, 10.959 ], [ -1.1765, 10.9621 ], [ -1.1744, 10.966 ], [ -1.177, 10.97 ], [ -1.1708, 10.9733 ] ] ] ] } },
{ "type": "Feature", "properties": { "shapeName": "Ada West", "shapeID": "2480657B39710750100206" }, "geometry": { "type": "Polygon", "coordinates": [ [ [ 0.515, 5.9829 ], [ 0.4985, 5.9813 ], [ 0.4974, 5.9774 ], [ 0.4976, 5.9668 ], [ 0.5059, 5.9662 ], [ 0.5074, 5.9621 ], [ 0.5049, 5.9583 ], [ 0.496, 5.958 ], [ 0.5, 5.9505 ], [ 0.4983, 5.939 ], [ 0.5028, 5.9347 ], [ 0.4977, 5.9312 ], [ 0.4984, 5.9212 ], [ 0.4942, 5.9172 ], [ 0.4979, 5.9124 ], [ 0.4941, 5.8929 ], [ 0.4976, 5.8884 ], [ 0.4914, 5.8849 ], [ 0.4843, 5.8701 ], [ 0.4857, 5.8665 ], [ 0.4811, 5.8629 ], [ 0.4852, 5.8574 ], [ 0.484, 5.8499 ], [ 0.4796, 5.8494 ], [ 0.4848, 5.8437 ], [ 0.4906, 5.8435 ], [ 0.4896, 5.8387 ], [ 0.4836, 5.8345 ], [ 0.4716, 5.8332 ], [ 0.4641, 5.8195 ], [ 0.4661, 5.8097 ], [ 0.4568, 5.8059 ], [ 0.4595, 5.7997 ], [ 0.4548, 5.8012 ], [ 0.4553, 5.7984 ], [ 0.4621, 5.7972 ], [ 0.4583, 5.7888 ], [ 0.3511, 5.785 ], [ 0.3464, 5.8121 ], [ 0.3478, 5.827 ], [ 0.3564, 5.8288 ], [ 0.3587, 5.8328 ], [ 0.3548, 5.8382 ], [ 0.3522, 5.8366 ], [ 0.3533, 5.8434 ], [ 0.3457, 5.8581 ], [ 0.3455, 5.8716 ], [ 0.3498, 5.8856 ], [ 0.3378, 5.9308 ], [ 0.3439, 5.9539 ], [ 0.3664, 5.9604 ], [ 0.3946, 5.9608 ], [ 0.4343, 5.974 ], [ 0.4411, 5.9827 ], [ 0.441, 5.995 ], [ 0.4501, 6.0016 ], [ 0.4674, 5.9983 ], [ 0.4807, 5.9906 ], [ 0.4837, 5.9925 ], [ 0.486, 5.9898 ], [ 0.4847, 5.9755 ], [ 0.492, 5.9797 ], [ 0.4905, 5.9953 ], [ 0.515, 5.9829 ] ] ] } },
{ "type": "Feature", "properties": { "shapeName": "Bunkpurugu Nakpanduri", "shapeID": "2480657B78318361422462" }, "geometry": { "type": "Polygon", "coordinates": [ [ [ 0.1907, 10.4056 ], [ 0.1973, 10.3979 ], [ 0.1981, 10.3866 ], [ 0.1954, 10.3874 ], [ 0.194, 10.3841 ], [ 0.1907, 10.3881 ], [ 0.1898, 10.3843 ], [ 0.1872, 10.3845 ], [ 0.1885, 10.3808 ], [ 0.1832, 10.3828 ], [ 0.1795, 10.3784 ], [ 0.1781, 10.3814 ], [ 0.1695, 10.3773 ], [ 0.1681, 10.3725 ], [ 0.1582, 10.3732 ], [ 0.1555, 10.3645 ], [ 0.1563, 10.3602 ], [ 0.16, 10.3588 ], [ 0.1559, 10.3582 ], [ 0.157, 10.3551 ], [ 0.1484, 10.3568 ], [ 0.1434, 10.3485 ], [ 0.137, 10.349 ], [ 0.1357, 10.3465 ], [ 0.13, 10.3491 ], [ 0.1311, 10.3461 ], [ 0.1264, 10.3467 ], [ 0.1207, 10.34 ], [ 0.1129, 10.3406 ], [ 0.1048, 10.3223 ], [ 0.0856, 10.3097 ], [ 0.0701, 10.3061 ], [ 0.0562, 10.3072 ], [ 0.0484, 10.3398 ], [ 0.0646, 10.361 ], [ 0.0695, 10.3831 ], [ 0.0456, 10.4053 ], [ 0.0405, 10.406 ], [ 0.0431, 10.4282 ], [ 0.0334, 10.4636 ], [ 0.0246, 10.4703 ], [ 0.0139, 10.4876 ], [ -0.0193, 10.5018 ], [ -0.0555, 10.5066 ], [ -0.0758, 10.5135 ], [ -0.144, 10.5259 ], [ -0.1676, 10.5378 ], [ -0.2191, 10.5252 ], [ -0.2226, 10.5358 ], [ -0.2213, 10.5462 ], [ -0.2069, 10.5601 ], [ -0.2011, 10.5585 ], [ -0.1901, 10.5783 ], [ -0.2007, 10.585 ], [ -0.2126, 10.5867 ], [ -0.2195, 10.5945 ], [ -0.2272, 10.5972 ], [ -0.2443, 10.6437 ], [ -0.23, 10.6555 ], [ -0.2201, 10.6577 ], [ -0.2142, 10.6548 ], [ -0.2122, 10.6581 ], [ -0.2049, 10.6576 ], [ -0.1828, 10.6701 ], [ -0.179, 10.6676 ], [ -0.174, 10.6721 ], [ -0.1633, 10.6707 ], [ -0.1615, 10.6745 ], [ -0.1601, 10.6717 ], [ -0.1535, 10.6715 ], [ -0.1399, 10.6823 ], [ -0.1229, 10.6856 ], [ -0.104, 10.7051 ], [ -0.0904, 10.7119 ], [ -0.0716, 10.6738 ], [ -0.0704, 10.6612 ], [ -0.0593, 10.6324 ], [ -0.0157, 10.6235 ], [ -0.0118, 10.6159 ], [ 0.0413, 10.6016 ], [ 0.0429, 10.5942 ], [ 0.0562, 10.5835 ], [ 0.0604, 10.5616 ], [ 0.1177, 10.5413 ], [ 0.1279, 10.53 ], [ 0.1436, 10.5257 ], [ 0.1443, 10.5149 ], [ 0.1475, 10.5132 ], [ 0.1471, 10.5014 ], [ 0.151, 10.4972 ], [ 0.1507, 10.4876 ], [ 0.1592, 10.4736 ], [ 0.1545, 10.4653 ], [ 0.1618, 10.4603 ], [ 0.1647, 10.4534 ], [ 0.1721, 10.4511 ], [ 0.1725, 10.4468 ], [ 0.1667, 10.4413 ], [ 0.1709, 10.4333 ], [ 0.1696, 10.4293 ], [ 0.1754, 10.424 ], [ 0.1822, 10.423 ], [ 0.1852, 10.4171 ], [ 0.1884, 10.4184 ], [ 0.1907, 10.4056 ] ] ] } },
{ "type": "Feature", "properties": { "shapeName": "Garu", "shapeID": "2480657B97498759939018" }, "geometry": { "type": "Polygon", "coordinates": [ [ [ -0.0873, 10.716 ], [ -0.104, 10.7051 ], [ -0.1229, 10.6856 ], [ -0.1399, 10.6823 ], [ -0.1535, 10.6715 ], [ -0.1601, 10.6717 ], [ -0.1615, 10.6745 ], [ -0.1633, 10.6707 ], [ -0.174, 10.6721 ], [ -0.1767, 10.6681 ], [ -0.1828, 10.6701 ], [ -0.2049, 10.6576 ], [ -0.2122, 10.6581 ], [ -0.2142, 10.6548 ], [ -0.2201, 10.6577 ], [ -0.23, 10.6555 ], [ -0.2358, 10.6482 ], [ -0.2595, 10.6371 ], [ -0.2621, 10.6315 ], [ -0.2703, 10.6348 ], [ -0.2702, 10.6381 ], [ -0.2818, 10.6394 ], [ -0.2848, 10.6343 ], [ -0.2868, 10.6386 ], [ -0.297, 10.632 ], [ -0.2998, 10.6336 ], [ -0.314, 10.6211 ], [ -0.3314, 10.6255 ], [ -0.3386, 10.6195 ], [ -0.3429, 10.6203 ], [ -0.3295, 10.65 ], [ -0.3421, 10.6704 ], [ -0.3583, 10.6764 ], [ -0.3653, 10.6829 ], [ -0.3671, 10.7054 ], [ -0.3727, 10.7193 ], [ -0.3709, 10.7366 ], [ -0.3758, 10.7479 ], [ -0.3716, 10.7568 ], [ -0.3603, 10.7596 ], [ -0.3514, 10.7658 ], [ -0.3466, 10.7785 ], [ -0.3322, 10.7885 ], [ -0.3358, 10.7947 ], [ -0.3545, 10.7999 ], [ -0.3531, 10.8164 ], [ -0.3388, 10.8252 ], [ -0.3352, 10.8383 ], [ -0.3222, 10.8381 ], [ -0.3205, 10.8468 ], [ -0.2995, 10.8606 ], [ -0.2893, 10.8717 ], [ -0.2851, 10.8707 ], [ -0.2753, 10.876 ], [ -0.2758, 10.8813 ], [ -0.2693, 10.8878 ], [ -0.2387, 10.8828 ], [ -0.2323, 10.894 ], [ -0.2275, 10.8932 ], [ -0.2237, 10.8966 ], [ -0.2157, 10.9115 ], [ -0.2061, 10.9095 ], [ -0.1975, 10.9168 ], [ -0.1816, 10.9216 ], [ -0.1665, 10.9069 ], [ -0.1594, 10.8684 ], [ -0.143, 10.8661 ], [ -0.1344, 10.8469 ], [ -0.1359, 10.8346 ], [ -0.1297, 10.8162 ], [ -0.1218, 10.8046 ], [ -0.1085, 10.8 ], [ -0.096, 10.7877 ], [ -0.0991, 10.7762 ], [ -0.0929, 10.7662 ], [ -0.0718, 10.7676 ], [ -0.0701, 10.764 ], [ -0.0746, 10.7569 ], [ -0.0714, 10.742 ], [ -0.0748, 10.7305 ], [ -0.073, 10.7199 ], [ -0.0873, 10.716 ] ] ] } },
{ "type": "Feature", "properties": { "shapeName": "Ningo/prampram", "shapeID": "2480657B81968156308620" }, "geometry": { "type": "Polygon", "coordinates": [ [ [ -0.0606, 5.8453 ], [ -0.0302, 5.8339 ], [ -0.0195, 5.836 ], [ -0.0173, 5.8277 ], [ -0.0033, 5.8263 ], [ 0.0035, 5.8214 ], [ 0.0425, 5.8221 ], [ 0.0719, 5.8272 ], [ 0.0767, 5.8351 ], [ 0.0865, 5.8392 ], [ 0.096, 5.8507 ], [ 0.1184, 5.8333 ], [ 0.1207, 5.8369 ], [ 0.1341, 5.8387 ], [ 0.174, 5.8566 ], [ 0.2032, 5.8832 ], [ 0.2211, 5.9139 ], [ 0.2367, 5.9253 ], [ 0.2388, 5.9299 ], [ 0.3408, 5.9357 ], [ 0.3378, 5.9308 ], [ 0.3398, 5.9166 ], [ 0.347, 5.9011 ], [ 0.3498, 5.8856 ], [ 0.3455, 5.8716 ], [ 0.3457, 5.8581 ], [ 0.3533, 5.8434 ], [ 0.3522, 5.8366 ], [ 0.3548, 5.8382 ], [ 0.3587, 5.8328 ], [ 0.3564, 5.8288 ], [ 0.3478, 5.827 ], [ 0.3464, 5.8121 ], [ 0.3511, 5.785 ], [ 0.3139, 5.7807 ], [ 0.2528, 5.7663 ], [ 0.2395, 5.756 ], [ 0.2192, 5.7464 ], [ 0.1848, 5.7434 ], [ 0.1828, 5.74 ], [ 0.1411, 5.7238 ], [ 0.1245, 5.7069 ], [ 0.0673, 5.6931 ], [ 0.0698, 5.7042 ], [ 0.0672, 5.7057 ], [ 0.0716, 5.706 ], [ 0.0733, 5.7105 ], [ 0.0659, 5.7201 ], [ 0.0404, 5.7319 ], [ 0.0213, 5.734 ], [ -0.0012, 5.7413 ], [ -0.0614, 5.7992 ], [ -0.0714, 5.8211 ], [ -0.0698, 5.8336 ], [ -0.0656, 5.8342 ], [ -0.0606, 5.8453 ] ] ] } },
{ "type": "Feature", "properties": { "shapeName": "East Mamprusi", "shapeID": "2480657B84792930556748" }, "geometry": { "type": "Polygon", "coordinates": [ [ [ -0.0068, 10.3305 ], [ -0.019, 10.3286 ], [ -0.0278, 10.3162 ], [ -0.0257, 10.3144 ], [ -0.0301, 10.2892 ], [ -0.0248, 10.2712 ], [ -0.0436, 10.283 ], [ -0.0721, 10.2951 ], [ -0.0882, 10.295 ], [ -0.0865, 10.2897 ], [ -0.094, 10.2694 ], [ -0.1168, 10.2872 ], [ -0.1365, 10.2936 ], [ -0.152, 10.2947 ], [ -0.1661, 10.2811 ], [ -0.1953, 10.2767 ], [ -0.203, 10.2658 ], [ -0.2383, 10.2878 ], [ -0.2557, 10.2853 ], [ -0.2611, 10.2781 ], [ -0.2694, 10.2762 ], [ -0.2955, 10.2914 ], [ -0.3157, 10.2908 ], [ -0.3233, 10.2842 ], [ -0.3302, 10.2847 ], [ -0.3324, 10.2811 ], [ -0.3546, 10.2739 ], [ -0.3538, 10.268 ], [ -0.3595, 10.2617 ], [ -0.3717, 10.2751 ], [ -0.3859, 10.2979 ], [ -0.4553, 10.3017 ], [ -0.484, 10.3275 ], [ -0.4888, 10.3226 ], [ -0.4943, 10.326 ], [ -0.5044, 10.3179 ], [ -0.5057, 10.3078 ], [ -0.5098, 10.3106 ], [ -0.512, 10.3192 ], [ -0.5199, 10.3218 ], [ -0.5215, 10.3275 ], [ -0.536, 10.3243 ], [ -0.5518, 10.3361 ], [ -0.5903, 10.3482 ], [ -0.5949, 10.3732 ], [ -0.6154, 10.3954 ], [ -0.6128, 10.4112 ], [ -0.6177, 10.4218 ], [ -0.6595, 10.417 ], [ -0.6562, 10.4435 ], [ -0.6506, 10.4588 ], [ -0.6537, 10.4705 ], [ -0.6705, 10.481 ], [ -0.6621, 10.5011 ], [ -0.6676, 10.527 ], [ -0.6541, 10.5485 ], [ -0.6407, 10.5556 ], [ -0.6306, 10.5527 ], [ -0.6155, 10.5552 ], [ -0.5936, 10.5461 ], [ -0.5787, 10.5493 ], [ -0.5677, 10.5646 ], [ -0.554, 10.5717 ], [ -0.5251, 10.5577 ], [ -0.516, 10.5605 ], [ -0.5083, 10.5672 ], [ -0.5082, 10.5911 ], [ -0.5049, 10.6018 ], [ -0.5072, 10.607 ], [ -0.4998, 10.6233 ], [ -0.4682, 10.618 ], [ -0.461, 10.6077 ], [ -0.4436, 10.5997 ], [ -0.3962, 10.6082 ], [ -0.3657, 10.6251 ], [ -0.3563, 10.6257 ], [ -0.3475, 10.619 ], [ -0.3386, 10.6195 ], [ -0.3314, 10.6255 ], [ -0.314, 10.6211 ], [ -0.2998, 10.6336 ], [ -0.297, 10.632 ], [ -0.2868, 10.6386 ], [ -0.2848, 10.6343 ], [ -0.2818, 10.6394 ], [ -0.2702, 10.6381 ], [ -0.2703, 10.6348 ], [ -0.2621, 10.6315 ], [ -0.2595, 10.6371 ], [ -0.2443, 10.6437 ], [ -0.2272, 10.5972 ], [ -0.2195, 10.5945 ], [ -0.2126, 10.5867 ], [ -0.2007, 10.585 ], [ -0.1901, 10.5783 ], [ -0.2011, 10.5585 ], [ -0.2069, 10.5601 ], [ -0.2099, 10.5548 ], [ -0.2151, 10.5546 ], [ -0.2213, 10.5462 ], [ -0.2226, 10.5358 ], [ -0.2191, 10.5252 ], [ -0.2211, 10.5066 ], [ -0.2151, 10.5027 ], [ -0.213, 10.4948 ], [ -0.2152, 10.4846 ], [ -0.2117, 10.4817 ], [ -0.2149, 10.4739 ], [ -0.2124, 10.4707 ], [ -0.2167, 10.4634 ], [ -0.2114, 10.4518 ], [ -0.2124, 10.4363 ], [ -0.2017, 10.4257 ], [ -0.1959, 10.4135 ], [ -0.1858, 10.4084 ], [ -0.1795, 10.3907 ], [ -0.1844, 10.3831 ], [ -0.1803, 10.3743 ], [ -0.1757, 10.3779 ], [ -0.167, 10.3664 ], [ -0.1585, 10.3649 ], [ -0.1552, 10.3604 ], [ -0.153, 10.3626 ], [ -0.1433, 10.3548 ], [ -0.1163, 10.3448 ], [ -0.1006, 10.3429 ], [ -0.0988, 10.34 ], [ -0.0872, 10.3408 ], [ -0.076, 10.3544 ], [ -0.0703, 10.3539 ], [ -0.0564, 10.3634 ], [ -0.0514, 10.3631 ], [ -0.0434, 10.3542 ], [ -0.0355, 10.3574 ], [ -0.0266, 10.3491 ], [ -0.0219, 10.3514 ], [ -0.0204, 10.3475 ], [ -0.0093, 10.3491 ], [ -0.0036, 10.3349 ], [ -0.0068, 10.3305 ] ] ] } },
{ "type": "Feature", "properties": { "shapeName": "La Dade-kotopon", "shapeID": "2480657B88791559733000" }, "geometry": { "type": "Polygon", "coordinates": [ [ [ -0.1333, 5.6062 ], [ -0.1316, 5.5913 ], [ -0.1364, 5.578 ], [ -0.1306, 5.5742 ], [ -0.1339, 5.5633 ], [ -0.1741, 5.5498 ], [ -0.1777, 5.5567 ], [ -0.1774, 5.565 ], [ -0.1903, 5.572 ], [ -0.1806, 5.5925 ], [ -0.1764, 5.623 ], [ -0.1575, 5.6291 ], [ -0.1595, 5.6241 ], [ -0.1573, 5.6181 ], [ -0.1333, 5.6062 ] ] ] } },
{ "type": "Feature", "properties": { "shapeName": "Bawku West", "shapeID": "2480657B35637781657714" }, "geometry": { "type": "Polygon", "coordinates": [ [ [ -0.3652, 10.8052 ], [ -0.3358, 10.7947 ], [ -0.3322, 10.7885 ], [ -0.3466, 10.7785 ], [ -0.3514, 10.7658 ], [ -0.3603, 10.7596 ], [ -0.3716, 10.7568 ], [ -0.3758, 10.7479 ], [ -0.3709, 10.7366 ], [ -0.3727, 10.7193 ], [ -0.3671, 10.7054 ], [ -0.3653, 10.6829 ], [ -0.3583, 10.6764 ], [ -0.3421, 10.6704 ], [ -0.3295, 10.65 ], [ -0.3387, 10.626 ], [ -0.3475, 10.619 ], [ -0.3563, 10.6257 ], [ -0.3657, 10.6251 ], [ -0.3962, 10.6082 ], [ -0.4436, 10.5997 ], [ -0.461, 10.6077 ], [ -0.4682, 10.618 ], [ -0.4998, 10.6233 ], [ -0.5072, 10.607 ], [ -0.5049, 10.6018 ], [ -0.5082, 10.5911 ], [ -0.5083, 10.5672 ], [ -0.5202, 10.5588 ], [ -0.5183, 10.5667 ], [ -0.5276, 10.5676 ], [ -0.5251, 10.5715 ], [ -0.5333, 10.5791 ], [ -0.5383, 10.5935 ], [ -0.5494, 10.6051 ], [ -0.5238, 10.6225 ], [ -0.5261, 10.6267 ], [ -0.5392, 10.6328 ], [ -0.5332, 10.6446 ], [ -0.5415, 10.6527 ], [ -0.5428, 10.6579 ], [ -0.5386, 10.6655 ], [ -0.5469, 10.6743 ], [ -0.5442, 10.6833 ], [ -0.5498, 10.6928 ], [ -0.5471, 10.6979 ], [ -0.5469, 10.7157 ], [ -0.5509, 10.7251 ], [ -0.5581, 10.7316 ], [ -0.5676, 10.7332 ], [ -0.5644, 10.7377 ], [ -0.5752, 10.7536 ], [ -0.5772, 10.7661 ], [ -0.5703, 10.7799 ], [ -0.5738, 10.7897 ], [ -0.561, 10.7979 ], [ -0.5567, 10.807 ], [ -0.5679, 10.8239 ], [ -0.5874, 10.836 ], [ -0.6015, 10.8547 ], [ -0.6053, 10.8743 ], [ -0.6187, 10.9103 ], [ -0.5932, 10.9237 ], [ -0.5915, 10.9353 ], [ -0.5864, 10.9388 ], [ -0.5861, 10.9609 ], [ -0.5816, 10.9631 ], [ -0.5688, 10.9914 ], [ -0.5529, 10.9907 ], [ -0.5512, 10.9791 ], [ -0.5447, 10.975 ], [ -0.5441, 10.9844 ], [ -0.5296, 11.0006 ], [ -0.523, 10.9914 ], [ -0.5113, 10.9889 ], [ -0.5014, 11.0022 ], [ -0.5018, 11.0167 ], [ -0.4803, 11.0229 ], [ -0.4819, 11.0258 ], [ -0.4757, 11.0353 ], [ -0.4611, 11.028 ], [ -0.4379, 11.0304 ], [ -0.4336, 11.0371 ], [ -0.4386, 11.0443 ], [ -0.4348, 11.0478 ], [ -0.4398, 11.065 ], [ -0.4315, 11.086 ], [ -0.4317, 11.1037 ], [ -0.4281, 11.1142 ], [ -0.4213, 11.1147 ], [ -0.4142, 11.121 ], [ -0.4107, 11.1197 ], [ -0.4012, 11.1269 ], [ -0.393, 11.1245 ], [ -0.385, 11.1268 ], [ -0.3781, 11.1219 ], [ -0.3726, 11.1231 ], [ -0.3759, 11.1061 ], [ -0.371, 11.0987 ], [ -0.3724, 11.0922 ], [ -0.3659, 11.0808 ], [ -0.3604, 11.0779 ], [ -0.3614, 11.0695 ], [ -0.3741, 11.0546 ], [ -0.3753, 11.0461 ], [ -0.369, 11.0413 ], [ -0.3704, 11.0365 ], [ -0.3899, 11.0242 ], [ -0.3896, 11.0168 ], [ -0.3846, 11.0098 ], [ -0.387, 10.9907 ], [ -0.3919, 10.986 ], [ -0.3871, 10.9701 ], [ -0.3646, 10.9572 ], [ -0.3686, 10.9457 ], [ -0.3781, 10.9456 ], [ -0.382, 10.9411 ], [ -0.3718, 10.9263 ], [ -0.3802, 10.9226 ], [ -0.3795, 10.899 ], [ -0.3838, 10.8958 ], [ -0.3883, 10.9003 ], [ -0.3903, 10.899 ], [ -0.3838, 10.8671 ], [ -0.3883, 10.8593 ], [ -0.3963, 10.8541 ], [ -0.3886, 10.8294 ], [ -0.376, 10.822 ], [ -0.3652, 10.8052 ] ] ] } },
{ "type": "Feature", "properties": { "shapeName": "Aowin", "shapeID": "2480657B72501418673064" }, "geometry": { "type": "Polygon", "coordinates": [ [ [ -2.9083, 6.0416 ], [ -2.9094, 6.032 ], [ -2.9065, 6.024 ], [ -2.9101, 6.0217 ], [ -2.9059, 6.0046 ], [ -2.9008, 6.0067 ], [ -2.8871, 5.999 ], [ -2.8891, 5.9908 ], [ -2.8861, 5.9832 ], [ -2.8826, 5.982 ], [ -2.8808, 5.9764 ], [ -2.8745, 5.9745 ], [ -2.7498, 5.9636 ], [ -2.7244, 5.9892 ], [ -2.6644, 5.9754 ], [ -2.671, 5.9726 ], [ -2.6795, 5.9627 ], [ -2.6834, 5.9486 ], [ -2.6822, 5.9421 ], [ -2.6769, 5.9372 ], [ -2.6739, 5.9468 ], [ -2.6559, 5.9651 ], [ -2.6465, 5.9598 ], [ -2.6322, 5.9691 ], [ -2.624, 5.9704 ], [ -2.6156, 5.9623 ], [ -2.6072, 5.9622 ], [ -2.5996, 5.9705 ], [ -2.5927, 5.9673 ], [ -2.5854, 5.9748 ], [ -2.5772, 5.9715 ], [ -2.5728, 5.9738 ], [ -2.5678, 5.9699 ], [ -2.5613, 5.9778 ], [ -2.5494, 5.9804 ], [ -2.5385, 5.9785 ], [ -2.5347, 5.9653 ], [ -2.5308, 5.9691 ], [ -2.5151, 5.9669 ], [ -2.5165, 5.9544 ], [ -2.5076, 5.95 ], [ -2.5106, 5.9463 ], [ -2.5042, 5.9374 ], [ -2.502, 5.9264 ], [ -2.5057, 5.9232 ], [ -2.4972, 5.9172 ], [ -2.4978, 5.9144 ], [ -2.5098, 5.9145 ], [ -2.5103, 5.8991 ], [ -2.4981, 5.896 ], [ -2.4988, 5.8875 ], [ -2.4871, 5.8699 ], [ -2.4961, 5.8671 ], [ -2.4998, 5.873 ], [ -2.5049, 5.8706 ], [ -2.5041, 5.8631 ], [ -2.513, 5.8652 ], [ -2.5206, 5.8354 ], [ -2.5121, 5.8347 ], [ -2.5127, 5.8305 ], [ -2.5184, 5.8286 ], [ -2.5177, 5.8248 ], [ -2.5097, 5.8235 ], [ -2.506, 5.8271 ], [ -2.4961, 5.8228 ], [ -2.486, 5.8257 ], [ -2.4876, 5.8122 ], [ -2.4827, 5.802 ], [ -2.4945, 5.8007 ], [ -2.4978, 5.8095 ], [ -2.5015, 5.81 ], [ -2.502, 5.801 ], [ -2.4955, 5.7964 ], [ -2.5034, 5.7944 ], [ -2.5031, 5.7922 ], [ -2.4987, 5.7905 ], [ -2.4978, 5.785 ], [ -2.5063, 5.7826 ], [ -2.5088, 5.7773 ], [ -2.5296, 5.7857 ], [ -2.5234, 5.7938 ], [ -2.5251, 5.7952 ], [ -2.5343, 5.7948 ], [ -2.5361, 5.7975 ], [ -2.5444, 5.7938 ], [ -2.5565, 5.7942 ], [ -2.5684, 5.8109 ], [ -2.5716, 5.807 ], [ -2.582, 5.8078 ], [ -2.5812, 5.7952 ], [ -2.5718, 5.7919 ], [ -2.5785, 5.7851 ], [ -2.5712, 5.7694 ], [ -2.5778, 5.7604 ], [ -2.5924, 5.7554 ], [ -2.5928, 5.7511 ], [ -2.5961, 5.7522 ], [ -2.6074, 5.7369 ], [ -2.6063, 5.7342 ], [ -2.598, 5.733 ], [ -2.5938, 5.7339 ], [ -2.5927, 5.7429 ], [ -2.5871, 5.7394 ], [ -2.5813, 5.7408 ], [ -2.566, 5.724 ], [ -2.5695, 5.7187 ], [ -2.5689, 5.7113 ], [ -2.5567, 5.7072 ], [ -2.5554, 5.7049 ], [ -2.5599, 5.7021 ], [ -2.551, 5.6897 ], [ -2.5528, 5.6861 ], [ -2.5589, 5.6849 ], [ -2.572, 5.6904 ], [ -2.5745, 5.6783 ], [ -2.5657, 5.6816 ], [ -2.5635, 5.6767 ], [ -2.5747, 5.6737 ], [ -2.5744, 5.6637 ], [ -2.5803, 5.6649 ], [ -2.5804, 5.66 ], [ -2.5764, 5.6577 ], [ -2.5585, 5.6605 ], [ -2.5531, 5.6467 ], [ -2.5578, 5.6414 ], [ -2.5734, 5.648 ], [ -2.5754, 5.6432 ], [ -2.5733, 5.6277 ], [ -2.5747, 5.6254 ], [ -2.5798, 5.6274 ], [ -2.5821, 5.6232 ], [ -2.569, 5.6086 ], [ -2.5656, 5.5969 ], [ -2.5716, 5.5909 ], [ -2.5692, 5.5871 ], [ -2.5616, 5.5877 ], [ -2.5589, 5.5817 ], [ -2.5667, 5.5811 ], [ -2.569, 5.5591 ], [ -2.5769, 5.5624 ], [ -2.5692, 5.5549 ], [ -2.5722, 5.5419 ], [ -2.5792, 5.5431 ], [ -2.5805, 5.5486 ], [ -2.5912, 5.5464 ], [ -2.5982, 5.535 ], [ -2.596, 5.5254 ], [ -2.6044, 5.5265 ], [ -2.5986, 5.5123 ], [ -2.5917, 5.5185 ], [ -2.5821, 5.5177 ], [ -2.5788, 5.5137 ], [ -2.5848, 5.4989 ], [ -2.5794, 5.4863 ], [ -2.5975, 5.4861 ], [ -2.6011, 5.4784 ], [ -2.6001, 5.4704 ], [ -2.5943, 5.4674 ], [ -2.5911, 5.4694 ], [ -2.5906, 5.4648 ], [ -2.6041, 5.4655 ], [ -2.6011, 5.4541 ], [ -2.6045, 5.4493 ], [ -2.6104, 5.4486 ], [ -2.6101, 5.4324 ], [ -2.6178, 5.4255 ], [ -2.6178, 5.4125 ], [ -2.6205, 5.4086 ], [ -2.6271, 5.402 ], [ -2.6309, 5.4022 ], [ -2.641, 5.3872 ], [ -2.6442, 5.3873 ], [ -2.6522, 5.3773 ], [ -2.6711, 5.3679 ], [ -2.6783, 5.3545 ], [ -2.6868, 5.3483 ], [ -2.6928, 5.3487 ], [ -2.6995, 5.3425 ], [ -2.704, 5.3476 ], [ -2.7147, 5.3492 ], [ -2.7206, 5.3459 ], [ -2.7242, 5.3575 ], [ -2.7242, 5.3878 ], [ -2.7478, 5.4379 ], [ -2.7683, 5.5544 ], [ -2.7614, 5.5993 ], [ -2.7657, 5.6033 ], [ -2.7789, 5.6058 ], [ -2.7753, 5.6151 ], [ -2.785, 5.6142 ], [ -2.7863, 5.6248 ], [ -2.7903, 5.6234 ], [ -2.7892, 5.6264 ], [ -2.7927, 5.6279 ], [ -2.7933, 5.6232 ], [ -2.802, 5.6216 ], [ -2.8041, 5.6172 ], [ -2.8071, 5.6183 ], [ -2.8051, 5.6213 ], [ -2.8105, 5.6249 ], [ -2.8087, 5.6273 ], [ -2.8222, 5.6264 ], [ -2.8285, 5.6345 ], [ -2.8459, 5.6427 ], [ -2.8487, 5.6486 ], [ -2.8562, 5.6493 ], [ -2.8584, 5.6571 ], [ -2.8686, 5.6451 ], [ -2.8821, 5.6401 ], [ -2.886, 5.6347 ], [ -2.8999, 5.6292 ], [ -2.9031, 5.6313 ], [ -2.9207, 5.628 ], [ -2.9244, 5.6212 ], [ -2.9345, 5.6198 ], [ -2.9476, 5.6366 ], [ -2.9596, 5.6367 ], [ -2.9667, 5.6406 ], [ -2.961, 5.6697 ], [ -2.9533, 5.6738 ], [ -2.9527, 5.716 ], [ -3.0261, 5.7097 ], [ -3.0205, 5.8571 ], [ -3.0728, 5.9825 ], [ -3.0476, 5.9956 ], [ -3.0024, 6.0107 ], [ -2.9662, 6.0335 ], [ -2.9529, 6.0458 ], [ -2.9431, 6.0349 ], [ -2.9328, 6.039 ], [ -2.9083, 6.0416 ] ] ] } },
{ "type": "Feature", "properties": { "shapeName": "Dormaa East", "shapeID": "2480657B16380673722667" }, "geometry": { "type": "Polygon", "coordinates": [ [ [ -2.4747, 7.2413 ], [ -2.4788, 7.2399 ], [ -2.4855, 7.2278 ], [ -2.4868, 7.2181 ], [ -2.4923, 7.2194 ], [ -2.4951, 7.2264 ], [ -2.5115, 7.2273 ], [ -2.5168, 7.2308 ], [ -2.5559, 7.2305 ], [ -2.5806, 7.2088 ], [ -2.5812, 7.1805 ], [ -2.6072, 7.1804 ], [ -2.6148, 7.1748 ], [ -2.6201, 7.1635 ], [ -2.6239, 7.1627 ], [ -2.6285, 7.1557 ], [ -2.6514, 7.1415 ], [ -2.6747, 7.1375 ], [ -2.6827, 7.1406 ], [ -2.6904, 7.1322 ], [ -2.7114, 7.1557 ], [ -2.7128, 7.1676 ], [ -2.7282, 7.1715 ], [ -2.7419, 7.1882 ], [ -2.7338, 7.2005 ], [ -2.7294, 7.2189 ], [ -2.7388, 7.2283 ], [ -2.7499, 7.2279 ], [ -2.7589, 7.2314 ], [ -2.7575, 7.2354 ], [ -2.7613, 7.2434 ], [ -2.7735, 7.2485 ], [ -2.7773, 7.2569 ], [ -2.7905, 7.2641 ], [ -2.7914, 7.27 ], [ -2.8141, 7.2748 ], [ -2.8145, 7.3028 ], [ -2.8064, 7.3063 ], [ -2.8007, 7.3011 ], [ -2.7954, 7.3011 ], [ -2.7957, 7.309 ], [ -2.7901, 7.3124 ], [ -2.7935, 7.3183 ], [ -2.7878, 7.3353 ], [ -2.7958, 7.3428 ], [ -2.7941, 7.3482 ], [ -2.7983, 7.3502 ], [ -2.8028, 7.3634 ], [ -2.7762, 7.3843 ], [ -2.7331, 7.3885 ], [ -2.7334, 7.3957 ], [ -2.721, 7.3803 ], [ -2.6977, 7.3808 ], [ -2.6823, 7.3776 ], [ -2.6666, 7.3713 ], [ -2.6209, 7.334 ], [ -2.5767, 7.3163 ], [ -2.5551, 7.3122 ], [ -2.5306, 7.3 ], [ -2.526, 7.2931 ], [ -2.5069, 7.2866 ], [ -2.5, 7.2703 ], [ -2.4747, 7.2413 ] ] ] } },
{ "type": "Feature", "properties": { "shapeName": "Suaman", "shapeID": "2480657B41275879010095" }, "geometry": { "type": "Polygon", "coordinates": [ [ [ -2.9083, 6.0416 ], [ -2.9328, 6.039 ], [ -2.9431, 6.0349 ], [ -2.9529, 6.0458 ], [ -2.9662, 6.0335 ], [ -3.0024, 6.0107 ], [ -3.0476, 5.9956 ], [ -3.0728, 5.9825 ], [ -3.1023, 6.1519 ], [ -3.1309, 6.2081 ], [ -3.1243, 6.2181 ], [ -3.1252, 6.2267 ], [ -3.118, 6.2334 ], [ -3.1121, 6.2293 ], [ -3.0889, 6.2309 ], [ -3.0813, 6.2224 ], [ -3.0762, 6.224 ], [ -3.0587, 6.2191 ], [ -3.0457, 6.2285 ], [ -3.0314, 6.2258 ], [ -3.0288, 6.2197 ], [ -3.0302, 6.209 ], [ -3.0207, 6.2117 ], [ -2.9958, 6.1932 ], [ -2.9861, 6.2055 ], [ -2.9779, 6.2036 ], [ -2.9737, 6.1986 ], [ -2.9666, 6.1981 ], [ -2.9597, 6.1919 ], [ -2.9567, 6.1799 ], [ -2.9597, 6.1645 ], [ -2.9541, 6.1627 ], [ -2.9508, 6.1666 ], [ -2.9447, 6.1612 ], [ -2.9413, 6.1497 ], [ -2.925, 6.128 ], [ -2.9295, 6.1237 ], [ -2.9221, 6.1097 ], [ -2.9293, 6.0827 ], [ -2.9483, 6.0773 ], [ -2.95, 6.071 ], [ -2.9354, 6.0589 ], [ -2.9258, 6.062 ], [ -2.9083, 6.0416 ] ] ] } },
{ "type": "Feature", "properties": { "shapeName": "Berekum East Municipal", "shapeID": "2480657B78254100433505" }, "geometry": { "type": "Polygon", "coordinates": [ [ [ -2.5134, 7.2897 ], [ -2.526, 7.2931 ], [ -2.5306, 7.3 ], [ -2.5363, 7.3024 ], [ -2.5445, 7.3295 ], [ -2.5614, 7.3437 ], [ -2.5714, 7.3588 ], [ -2.5721, 7.3696 ], [ -2.5802, 7.3757 ], [ -2.5965, 7.4398 ], [ -2.6064, 7.4535 ], [ -2.6445, 7.4905 ], [ -2.6508, 7.5167 ], [ -2.6443, 7.5358 ], [ -2.6376, 7.5455 ], [ -2.633, 7.5825 ], [ -2.6607, 7.6277 ], [ -2.6663, 7.6423 ], [ -2.6594, 7.6533 ], [ -2.655, 7.6745 ], [ -2.6441, 7.6778 ], [ -2.638, 7.6752 ], [ -2.6103, 7.6749 ], [ -2.5881, 7.6802 ], [ -2.5747, 7.6756 ], [ -2.5595, 7.6635 ], [ -2.5423, 7.6589 ], [ -2.542, 7.6473 ], [ -2.5322, 7.6307 ], [ -2.531, 7.6228 ], [ -2.5238, 7.6209 ], [ -2.5206, 7.624 ], [ -2.5154, 7.6215 ], [ -2.5092, 7.6088 ], [ -2.4983, 7.605 ], [ -2.4867, 7.5933 ], [ -2.4807, 7.5937 ], [ -2.4776, 7.5868 ], [ -2.4739, 7.5759 ], [ -2.4755, 7.5672 ], [ -2.4828, 7.5586 ], [ -2.4958, 7.5536 ], [ -2.5059, 7.5535 ], [ -2.5135, 7.5478 ], [ -2.5175, 7.5415 ], [ -2.5109, 7.5253 ], [ -2.5127, 7.5211 ], [ -2.518, 7.5212 ], [ -2.5206, 7.5129 ], [ -2.5259, 7.5098 ], [ -2.5223, 7.4973 ], [ -2.4931, 7.4873 ], [ -2.491, 7.4726 ], [ -2.5131, 7.4656 ], [ -2.5164, 7.4573 ], [ -2.5306, 7.4529 ], [ -2.5415, 7.4454 ], [ -2.5377, 7.4279 ], [ -2.5317, 7.4168 ], [ -2.5223, 7.4134 ], [ -2.5144, 7.4057 ], [ -2.5054, 7.3964 ], [ -2.5038, 7.3891 ], [ -2.5049, 7.3816 ], [ -2.5013, 7.3728 ], [ -2.5034, 7.3655 ], [ -2.5208, 7.3712 ], [ -2.5178, 7.3605 ], [ -2.5202, 7.3502 ], [ -2.5179, 7.3283 ], [ -2.5089, 7.3247 ], [ -2.5065, 7.3201 ], [ -2.5134, 7.2897 ] ] ] } },
{ "type": "Feature", "properties": { "shapeName": "Bia East", "shapeID": "2480657B75704309897075" }, "geometry": { "type": "Polygon", "coordinates": [ [ [ -2.8648, 6.8516 ], [ -2.8541, 6.8316 ], [ -2.8593, 6.8241 ], [ -2.858, 6.8197 ], [ -2.8487, 6.816 ], [ -2.8484, 6.8107 ], [ -2.8428, 6.8064 ], [ -2.8485, 6.8031 ], [ -2.8489, 6.7997 ], [ -2.8399, 6.7943 ], [ -2.8375, 6.7887 ], [ -2.8436, 6.7817 ], [ -2.8447, 6.7756 ], [ -2.8498, 6.7728 ], [ -2.8408, 6.7587 ], [ -2.8413, 6.7503 ], [ -2.8462, 6.747 ], [ -2.8457, 6.7412 ], [ -2.8588, 6.7321 ], [ -2.8579, 6.7269 ], [ -2.8659, 6.7187 ], [ -2.8646, 6.713 ], [ -2.8593, 6.7115 ], [ -2.8623, 6.7046 ], [ -2.8582, 6.6983 ], [ -2.8623, 6.6971 ], [ -2.8617, 6.6933 ], [ -2.8557, 6.6825 ], [ -2.8495, 6.6792 ], [ -2.8481, 6.669 ], [ -2.8573, 6.6598 ], [ -2.8734, 6.6575 ], [ -2.8823, 6.6459 ], [ -2.8894, 6.6519 ], [ -2.8935, 6.645 ], [ -2.9015, 6.6451 ], [ -2.9104, 6.6548 ], [ -2.9177, 6.6578 ], [ -2.9429, 6.6854 ], [ -2.9486, 6.6873 ], [ -2.9434, 6.7433 ], [ -2.9482, 6.7479 ], [ -2.9598, 6.7501 ], [ -2.9656, 6.7556 ], [ -2.9866, 6.7577 ], [ -2.9949, 6.7624 ], [ -3.0149, 6.7604 ], [ -3.0424, 6.7648 ], [ -3.0474, 6.7681 ], [ -3.0671, 6.7687 ], [ -3.0818, 6.7777 ], [ -3.094, 6.7996 ], [ -3.1033, 6.7992 ], [ -3.1189, 6.8057 ], [ -3.1325, 6.8065 ], [ -3.1569, 6.7972 ], [ -3.1634, 6.815 ], [ -3.1829, 6.8221 ], [ -3.2258, 6.8249 ], [ -3.1435, 6.9567 ], [ -3.1426, 6.9627 ], [ -3.1166, 7.0059 ], [ -3.0997, 6.9943 ], [ -3.0922, 6.9796 ], [ -3.0756, 6.9719 ], [ -3.072, 6.963 ], [ -3.0728, 6.9437 ], [ -3.0652, 6.9395 ], [ -3.0456, 6.9382 ], [ -3.0339, 6.9275 ], [ -3.0167, 6.9309 ], [ -3.0128, 6.9366 ], [ -2.996, 6.9405 ], [ -2.9887, 6.9464 ], [ -2.969, 6.937 ], [ -2.9386, 6.9414 ], [ -2.9285, 6.9292 ], [ -2.9198, 6.9249 ], [ -2.9185, 6.918 ], [ -2.9053, 6.9062 ], [ -2.8963, 6.8929 ], [ -2.8968, 6.8875 ], [ -2.8859, 6.8796 ], [ -2.8861, 6.8749 ], [ -2.8801, 6.87 ], [ -2.8716, 6.8537 ], [ -2.8648, 6.8516 ] ] ] } },
{ "type": "Feature", "properties": { "shapeName": "Jaman South Municipal", "shapeID": "2480657B92052873943163" }, "geometry": { "type": "Polygon", "coordinates": [ [ [ -2.655, 7.6745 ], [ -2.6594, 7.6533 ], [ -2.6759, 7.6266 ], [ -2.6778, 7.6148 ], [ -2.6858, 7.609 ], [ -2.6865, 7.584 ], [ -2.6945, 7.5624 ], [ -2.7308, 7.5701 ], [ -2.7262, 7.5529 ], [ -2.718, 7.5399 ], [ -2.7346, 7.5466 ], [ -2.781, 7.5475 ], [ -2.7785, 7.5232 ], [ -2.7684, 7.5093 ], [ -2.7671, 7.5009 ], [ -2.7952, 7.4827 ], [ -2.798, 7.4739 ], [ -2.7967, 7.462 ], [ -2.8047, 7.4681 ], [ -2.8889, 7.4261 ], [ -2.8931, 7.4167 ], [ -2.9035, 7.4255 ], [ -2.9121, 7.4519 ], [ -2.9259, 7.4624 ], [ -2.9273, 7.4692 ], [ -2.9371, 7.4803 ], [ -2.9235, 7.6086 ], [ -2.8693, 7.7323 ], [ -2.8506, 7.7619 ], [ -2.8486, 7.7802 ], [ -2.8261, 7.8057 ], [ -2.8304, 7.8205 ], [ -2.8251, 7.8244 ], [ -2.806, 7.8081 ], [ -2.7927, 7.8062 ], [ -2.7797, 7.7936 ], [ -2.7675, 7.7948 ], [ -2.7621, 7.789 ], [ -2.7655, 7.7868 ], [ -2.763, 7.7798 ], [ -2.7671, 7.776 ], [ -2.7626, 7.7661 ], [ -2.7547, 7.7611 ], [ -2.755, 7.7572 ], [ -2.743, 7.7413 ], [ -2.7292, 7.735 ], [ -2.723, 7.7168 ], [ -2.7196, 7.7143 ], [ -2.7171, 7.716 ], [ -2.7096, 7.7057 ], [ -2.7047, 7.7051 ], [ -2.7033, 7.6964 ], [ -2.6929, 7.6927 ], [ -2.6874, 7.6973 ], [ -2.6768, 7.6924 ], [ -2.6692, 7.6818 ], [ -2.668, 7.6726 ], [ -2.655, 7.6745 ] ] ] } },
{ "type": "Feature", "properties": { "shapeName": "Bia West", "shapeID": "2480657B58435284570364" }, "geometry": { "type": "Polygon", "coordinates": [ [ [ -3.2262, 6.8246 ], [ -3.1829, 6.8221 ], [ -3.1634, 6.815 ], [ -3.1569, 6.7972 ], [ -3.1325, 6.8065 ], [ -3.1189, 6.8057 ], [ -3.1033, 6.7992 ], [ -3.094, 6.7996 ], [ -3.0818, 6.7777 ], [ -3.0671, 6.7687 ], [ -3.0474, 6.7681 ], [ -3.0424, 6.7648 ], [ -3.0149, 6.7604 ], [ -2.9949, 6.7624 ], [ -2.9866, 6.7577 ], [ -2.9656, 6.7556 ], [ -2.9598, 6.7501 ], [ -2.9482, 6.7479 ], [ -2.9434, 6.7433 ], [ -2.9486, 6.6873 ], [ -2.9429, 6.6854 ], [ -2.9177, 6.6578 ], [ -2.9104, 6.6548 ], [ -2.9015, 6.6451 ], [ -2.8935, 6.645 ], [ -2.8894, 6.6519 ], [ -2.8823, 6.6459 ], [ -2.8782, 6.6239 ], [ -2.8818, 6.6205 ], [ -2.8732, 6.6117 ], [ -2.8746, 6.6056 ], [ -2.8788, 6.6057 ], [ -2.8796, 6.5983 ], [ -2.8878, 6.5925 ], [ -2.8896, 6.5943 ], [ -2.8905, 6.5839 ], [ -2.8961, 6.5818 ], [ -2.8933, 6.5768 ], [ -2.8982, 6.5712 ], [ -2.8952, 6.5597 ], [ -2.9005, 6.5554 ], [ -2.9059, 6.5565 ], [ -2.907, 6.5516 ], [ -2.9172, 6.5513 ], [ -2.9225, 6.5423 ], [ -2.9202, 6.5361 ], [ -2.9238, 6.5317 ], [ -2.9194, 6.5255 ], [ -2.9247, 6.523 ], [ -2.9237, 6.5182 ], [ -2.9262, 6.5164 ], [ -2.9235, 6.5118 ], [ -2.9289, 6.5123 ], [ -2.9308, 6.5069 ], [ -2.9299, 6.4988 ], [ -2.9254, 6.4952 ], [ -2.9377, 6.4869 ], [ -2.9432, 6.4928 ], [ -2.9695, 6.5051 ], [ -2.9984, 6.5088 ], [ -3.0031, 6.5039 ], [ -3.0175, 6.5048 ], [ -3.0199, 6.5171 ], [ -3.0296, 6.5273 ], [ -3.0247, 6.5337 ], [ -3.0371, 6.5399 ], [ -3.0374, 6.5082 ], [ -3.069, 6.5302 ], [ -3.082, 6.5244 ], [ -3.0824, 6.5188 ], [ -3.12, 6.4648 ], [ -3.1158, 6.4592 ], [ -3.1109, 6.4363 ], [ -3.0927, 6.4205 ], [ -3.0995, 6.3845 ], [ -3.0916, 6.349 ], [ -3.101, 6.3589 ], [ -3.1264, 6.3646 ], [ -3.1359, 6.3574 ], [ -3.1395, 6.3493 ], [ -3.1513, 6.3459 ], [ -3.1519, 6.3408 ], [ -3.1634, 6.3249 ], [ -3.1652, 6.3128 ], [ -3.177, 6.3129 ], [ -3.1858, 6.326 ], [ -3.1865, 6.3429 ], [ -3.1935, 6.3604 ], [ -3.2366, 6.5387 ], [ -3.2341, 6.5965 ], [ -3.2549, 6.6095 ], [ -3.2553, 6.6156 ], [ -3.2621, 6.6176 ], [ -3.2567, 6.6439 ], [ -3.2437, 6.6655 ], [ -3.2353, 6.6677 ], [ -3.2367, 6.6764 ], [ -3.2311, 6.6807 ], [ -3.2327, 6.6863 ], [ -3.2278, 6.6913 ], [ -3.2322, 6.7006 ], [ -3.2223, 6.7052 ], [ -3.2166, 6.7143 ], [ -3.2162, 6.722 ], [ -3.209, 6.7316 ], [ -3.2178, 6.7488 ], [ -3.2119, 6.7553 ], [ -3.2272, 6.7678 ], [ -3.2313, 6.7767 ], [ -3.2318, 6.8211 ], [ -3.2262, 6.8246 ] ] ] } },
{ "type": "Feature", "properties": { "shapeName": "Sunyani West", "shapeID": "2480657B93462158202754" }, "geometry": { "type": "Polygon", "coordinates": [ [ [ -2.2491, 7.6086 ], [ -2.2493, 7.5956 ], [ -2.2541, 7.5826 ], [ -2.2438, 7.5765 ], [ -2.2394, 7.5651 ], [ -2.2439, 7.5652 ], [ -2.2448, 7.5485 ], [ -2.2548, 7.5434 ], [ -2.2543, 7.5348 ], [ -2.2621, 7.5266 ], [ -2.2631, 7.5059 ], [ -2.2674, 7.5001 ], [ -2.2605, 7.4885 ], [ -2.2459, 7.4876 ], [ -2.2422, 7.4794 ], [ -2.2318, 7.4785 ], [ -2.2298, 7.4696 ], [ -2.2236, 7.4692 ], [ -2.2086, 7.4713 ], [ -2.1951, 7.4784 ], [ -2.1899, 7.4764 ], [ -2.168, 7.4791 ], [ -2.1671, 7.4842 ], [ -2.1476, 7.4954 ], [ -2.1139, 7.495 ], [ -2.1148, 7.4846 ], [ -2.1097, 7.4636 ], [ -2.114, 7.4604 ], [ -2.1141, 7.4424 ], [ -2.1193, 7.4408 ], [ -2.1219, 7.4332 ], [ -2.1278, 7.4318 ], [ -2.1268, 7.4191 ], [ -2.1408, 7.4091 ], [ -2.1356, 7.3955 ], [ -2.1403, 7.3871 ], [ -2.1355, 7.3738 ], [ -2.1389, 7.3682 ], [ -2.1475, 7.3657 ], [ -2.1535, 7.3459 ], [ -2.1524, 7.3411 ], [ -2.1599, 7.3296 ], [ -2.1667, 7.325 ], [ -2.1771, 7.3238 ], [ -2.1825, 7.3198 ], [ -2.1902, 7.3221 ], [ -2.1944, 7.3176 ], [ -2.2101, 7.3134 ], [ -2.2094, 7.3252 ], [ -2.2137, 7.3444 ], [ -2.2202, 7.359 ], [ -2.2251, 7.3621 ], [ -2.2485, 7.3469 ], [ -2.268, 7.3535 ], [ -2.2745, 7.3494 ], [ -2.2862, 7.3539 ], [ -2.2962, 7.3502 ], [ -2.3075, 7.3526 ], [ -2.3244, 7.3676 ], [ -2.3425, 7.3629 ], [ -2.3472, 7.3611 ], [ -2.347, 7.3538 ], [ -2.3524, 7.3513 ], [ -2.3562, 7.3332 ], [ -2.4011, 7.3237 ], [ -2.415, 7.3142 ], [ -2.4228, 7.3181 ], [ -2.4359, 7.3074 ], [ -2.4288, 7.287 ], [ -2.4374, 7.2454 ], [ -2.4469, 7.2495 ], [ -2.4575, 7.2488 ], [ -2.457, 7.2456 ], [ -2.469, 7.2482 ], [ -2.473, 7.2455 ], [ -2.4714, 7.2396 ], [ -2.4747, 7.2413 ], [ -2.5, 7.2703 ], [ -2.5069, 7.2866 ], [ -2.5134, 7.2897 ], [ -2.5065, 7.3201 ], [ -2.5089, 7.3247 ], [ -2.5179, 7.3283 ], [ -2.5202, 7.3502 ], [ -2.5178, 7.3605 ], [ -2.5208, 7.3712 ], [ -2.5034, 7.3655 ], [ -2.5013, 7.3728 ], [ -2.5049, 7.3816 ], [ -2.5038, 7.3891 ], [ -2.5054, 7.3964 ], [ -2.5144, 7.4057 ], [ -2.5223, 7.4134 ], [ -2.5317, 7.4168 ], [ -2.5377, 7.4279 ], [ -2.5415, 7.4454 ], [ -2.5306, 7.4529 ], [ -2.5164, 7.4573 ], [ -2.5131, 7.4656 ], [ -2.491, 7.4726 ], [ -2.4931, 7.4873 ], [ -2.5223, 7.4973 ], [ -2.5259, 7.5098 ], [ -2.5206, 7.5129 ], [ -2.518, 7.5212 ], [ -2.5127, 7.5211 ], [ -2.5109, 7.5253 ], [ -2.5175, 7.5415 ], [ -2.5102, 7.5514 ], [ -2.4828, 7.5586 ], [ -2.4755, 7.5672 ], [ -2.4739, 7.5759 ], [ -2.4807, 7.5937 ], [ -2.4728, 7.5996 ], [ -2.4636, 7.6009 ], [ -2.4576, 7.5949 ], [ -2.4476, 7.5935 ], [ -2.4386, 7.5836 ], [ -2.4318, 7.5808 ], [ -2.4279, 7.5736 ], [ -2.4166, 7.5699 ], [ -2.4068, 7.5748 ], [ -2.3923, 7.5738 ], [ -2.3846, 7.5629 ], [ -2.384, 7.5689 ], [ -2.3682, 7.5669 ], [ -2.3605, 7.5737 ], [ -2.3507, 7.5724 ], [ -2.3379, 7.5766 ], [ -2.336, 7.5802 ], [ -2.3305, 7.5763 ], [ -2.3207, 7.58 ], [ -2.3101, 7.5765 ], [ -2.2881, 7.5898 ], [ -2.2803, 7.5845 ], [ -2.2729, 7.5855 ], [ -2.2671, 7.604 ], [ -2.2491, 7.6086 ] ] ] } },
{ "type": "Feature", "properties": { "shapeName": "Asunafo North Municipal", "shapeID": "2480657B96138797401471" }, "geometry": { "type": "Polygon", "coordinates": [ [ [ -2.8775, 6.653 ], [ -2.8734, 6.6575 ], [ -2.8573, 6.6598 ], [ -2.8481, 6.669 ], [ -2.8495, 6.6792 ], [ -2.8557, 6.6825 ], [ -2.8617, 6.6933 ], [ -2.8623, 6.6971 ], [ -2.8582, 6.6983 ], [ -2.8623, 6.7046 ], [ -2.8593, 6.7115 ], [ -2.8646, 6.713 ], [ -2.8659, 6.7187 ], [ -2.8579, 6.7269 ], [ -2.8588, 6.7321 ], [ -2.8457, 6.7412 ], [ -2.8462, 6.747 ], [ -2.8413, 6.7503 ], [ -2.8408, 6.7587 ], [ -2.8498, 6.7728 ], [ -2.8447, 6.7756 ], [ -2.8436, 6.7817 ], [ -2.8375, 6.7887 ], [ -2.8399, 6.7943 ], [ -2.8489, 6.7997 ], [ -2.8485, 6.8031 ], [ -2.8428, 6.8064 ], [ -2.8484, 6.8107 ], [ -2.8503, 6.8177 ], [ -2.858, 6.8197 ], [ -2.8593, 6.8241 ], [ -2.8541, 6.8316 ], [ -2.8658, 6.8504 ], [ -2.8595, 6.8541 ], [ -2.8607, 6.8639 ], [ -2.8517, 6.8747 ], [ -2.8493, 6.8868 ], [ -2.853, 6.8917 ], [ -2.8563, 6.9117 ], [ -2.85, 6.9229 ], [ -2.8521, 6.9422 ], [ -2.844, 6.9573 ], [ -2.8323, 6.9586 ], [ -2.8308, 6.9632 ], [ -2.8208, 6.964 ], [ -2.8188, 6.9696 ], [ -2.8119, 6.9734 ], [ -2.7961, 6.9988 ], [ -2.7925, 7.0098 ], [ -2.7774, 7.0201 ], [ -2.7602, 7.0259 ], [ -2.7498, 7.0189 ], [ -2.7425, 7.0157 ], [ -2.7343, 7.0168 ], [ -2.7242, 7.01 ], [ -2.7124, 7.0101 ], [ -2.7019, 7.0141 ], [ -2.7006, 7.0085 ], [ -2.6913, 7.0071 ], [ -2.6695, 7.0197 ], [ -2.6512, 7.0131 ], [ -2.6313, 7.028 ], [ -2.6241, 7.0129 ], [ -2.6231, 7.0005 ], [ -2.608, 6.996 ], [ -2.605, 6.9917 ], [ -2.5824, 6.987 ], [ -2.5598, 6.975 ], [ -2.5554, 6.9758 ], [ -2.541, 6.9648 ], [ -2.5355, 6.9642 ], [ -2.5128, 6.9337 ], [ -2.5193, 6.9257 ], [ -2.5244, 6.9088 ], [ -2.5362, 6.8954 ], [ -2.5359, 6.8857 ], [ -2.5194, 6.8617 ], [ -2.5233, 6.8536 ], [ -2.5192, 6.8442 ], [ -2.531, 6.8325 ], [ -2.5144, 6.8166 ], [ -2.5076, 6.8025 ], [ -2.5117, 6.7952 ], [ -2.5048, 6.7965 ], [ -2.5005, 6.793 ], [ -2.5007, 6.7799 ], [ -2.4921, 6.7688 ], [ -2.5068, 6.7637 ], [ -2.5034, 6.7521 ], [ -2.5125, 6.7476 ], [ -2.5159, 6.7374 ], [ -2.5158, 6.7322 ], [ -2.5093, 6.7259 ], [ -2.5138, 6.7054 ], [ -2.5065, 6.7042 ], [ -2.5111, 6.6801 ], [ -2.5035, 6.6703 ], [ -2.5061, 6.6569 ], [ -2.5, 6.6488 ], [ -2.5038, 6.6468 ], [ -2.5136, 6.621 ], [ -2.5178, 6.6168 ], [ -2.5252, 6.6209 ], [ -2.536, 6.6056 ], [ -2.5331, 6.6026 ], [ -2.5378, 6.6021 ], [ -2.6158, 6.6559 ], [ -2.6095, 6.6568 ], [ -2.5996, 6.6657 ], [ -2.5834, 6.6599 ], [ -2.5741, 6.6658 ], [ -2.5715, 6.6713 ], [ -2.6241, 6.6906 ], [ -2.6322, 6.7098 ], [ -2.6451, 6.7146 ], [ -2.6526, 6.7211 ], [ -2.6561, 6.7138 ], [ -2.6681, 6.7096 ], [ -2.6708, 6.6985 ], [ -2.682, 6.6949 ], [ -2.7028, 6.6782 ], [ -2.7, 6.672 ], [ -2.7029, 6.6655 ], [ -2.7159, 6.6597 ], [ -2.7363, 6.6443 ], [ -2.7386, 6.6503 ], [ -2.7485, 6.6445 ], [ -2.7562, 6.6459 ], [ -2.769, 6.6417 ], [ -2.7877, 6.6497 ], [ -2.7863, 6.6445 ], [ -2.7893, 6.6411 ], [ -2.8012, 6.6394 ], [ -2.8091, 6.6442 ], [ -2.8145, 6.6362 ], [ -2.832, 6.6304 ], [ -2.8331, 6.635 ], [ -2.8442, 6.6365 ], [ -2.8517, 6.643 ], [ -2.8694, 6.6382 ], [ -2.8716, 6.6417 ], [ -2.8664, 6.6498 ], [ -2.8725, 6.6541 ], [ -2.8775, 6.653 ] ] ] } },
{ "type": "Feature", "properties": { "shapeName": "Bodi", "shapeID": "2480657B1960270363323" }, "geometry": { "type": "Polygon", "coordinates": [ [ [ -2.9482, 6.1654 ], [ -2.9508, 6.1666 ], [ -2.9541, 6.1627 ], [ -2.9597, 6.1645 ], [ -2.9567, 6.1799 ], [ -2.9597, 6.1919 ], [ -2.9666, 6.1981 ], [ -2.9737, 6.1986 ], [ -2.9779, 6.2036 ], [ -2.9861, 6.2055 ], [ -2.9958, 6.1932 ], [ -3.0207, 6.2117 ], [ -3.0302, 6.209 ], [ -3.0296, 6.2508 ], [ -3.0254, 6.2691 ], [ -3.018, 6.2764 ], [ -2.989, 6.2631 ], [ -2.9612, 6.2667 ], [ -2.9589, 6.2682 ], [ -2.9603, 6.2747 ], [ -2.9515, 6.2777 ], [ -2.9484, 6.2828 ], [ -2.949, 6.2888 ], [ -2.9358, 6.2926 ], [ -2.9421, 6.3052 ], [ -2.9366, 6.3086 ], [ -2.9348, 6.3138 ], [ -2.9071, 6.3243 ], [ -2.8799, 6.3151 ], [ -2.8703, 6.3197 ], [ -2.8507, 6.3151 ], [ -2.8254, 6.3184 ], [ -2.8168, 6.3227 ], [ -2.8239, 6.3307 ], [ -2.8127, 6.3333 ], [ -2.8066, 6.3392 ], [ -2.7955, 6.3355 ], [ -2.7868, 6.3374 ], [ -2.7638, 6.3162 ], [ -2.7224, 6.374 ], [ -2.7315, 6.3797 ], [ -2.7286, 6.3926 ], [ -2.7188, 6.3965 ], [ -2.7104, 6.3873 ], [ -2.7113, 6.3849 ], [ -2.7043, 6.3813 ], [ -2.7006, 6.3864 ], [ -2.6922, 6.3815 ], [ -2.6849, 6.3872 ], [ -2.6777, 6.3872 ], [ -2.671, 6.3735 ], [ -2.6643, 6.3742 ], [ -2.6606, 6.3707 ], [ -2.6575, 6.3608 ], [ -2.6617, 6.3564 ], [ -2.6583, 6.3567 ], [ -2.6491, 6.3472 ], [ -2.647, 6.3358 ], [ -2.6354, 6.3246 ], [ -2.6286, 6.3226 ], [ -2.6279, 6.3145 ], [ -2.6241, 6.3121 ], [ -2.6342, 6.3119 ], [ -2.6371, 6.3046 ], [ -2.6353, 6.2823 ], [ -2.6435, 6.2702 ], [ -2.6646, 6.2737 ], [ -2.6869, 6.263 ], [ -2.6763, 6.2485 ], [ -2.686, 6.2351 ], [ -2.6923, 6.2344 ], [ -2.6961, 6.2372 ], [ -2.7049, 6.2335 ], [ -2.7145, 6.2386 ], [ -2.7222, 6.2346 ], [ -2.7189, 6.2314 ], [ -2.7205, 6.2287 ], [ -2.7255, 6.2316 ], [ -2.7458, 6.2238 ], [ -2.7615, 6.174 ], [ -2.7802, 6.1499 ], [ -2.7731, 6.1184 ], [ -2.8368, 6.0835 ], [ -2.8434, 6.0904 ], [ -2.8444, 6.103 ], [ -2.8386, 6.1155 ], [ -2.8462, 6.1318 ], [ -2.8455, 6.1414 ], [ -2.848, 6.1445 ], [ -2.8526, 6.1431 ], [ -2.8555, 6.1508 ], [ -2.8752, 6.1657 ], [ -2.877, 6.1756 ], [ -2.8811, 6.1775 ], [ -2.8784, 6.1788 ], [ -2.8811, 6.1859 ], [ -2.8894, 6.1905 ], [ -2.8903, 6.1953 ], [ -2.894, 6.1898 ], [ -2.8975, 6.1917 ], [ -2.9, 6.188 ], [ -2.9014, 6.1896 ], [ -2.9044, 6.1837 ], [ -2.9078, 6.1855 ], [ -2.9087, 6.1795 ], [ -2.9129, 6.1846 ], [ -2.9214, 6.1828 ], [ -2.9264, 6.1752 ], [ -2.9326, 6.1758 ], [ -2.9412, 6.1686 ], [ -2.9437, 6.1708 ], [ -2.9482, 6.1654 ] ] ] } },
{ "type": "Feature", "properties": { "shapeName": "Juaboso", "shapeID": "2480657B56579001772859" }, "geometry": { "type": "Polygon", "coordinates": [ [ [ -3.0314, 6.2258 ], [ -3.0457, 6.2285 ], [ -3.0587, 6.2191 ], [ -3.0762, 6.224 ], [ -3.0813, 6.2224 ], [ -3.0889, 6.2309 ], [ -3.1121, 6.2293 ], [ -3.118, 6.2334 ], [ -3.1252, 6.2267 ], [ -3.1243, 6.2181 ], [ -3.1309, 6.2081 ], [ -3.1548, 6.2522 ], [ -3.1743, 6.2516 ], [ -3.1707, 6.2942 ], [ -3.177, 6.3129 ], [ -3.1652, 6.3128 ], [ -3.1634, 6.3249 ], [ -3.1519, 6.3408 ], [ -3.1513, 6.3459 ], [ -3.1395, 6.3493 ], [ -3.1359, 6.3574 ], [ -3.1239, 6.3649 ], [ -3.101, 6.3589 ], [ -3.0916, 6.349 ], [ -3.0995, 6.3845 ], [ -3.0927, 6.4205 ], [ -3.1109, 6.4363 ], [ -3.1158, 6.4592 ], [ -3.12, 6.4648 ], [ -3.0824, 6.5188 ], [ -3.082, 6.5244 ], [ -3.069, 6.5302 ], [ -3.0374, 6.5082 ], [ -3.0371, 6.5399 ], [ -3.0247, 6.5337 ], [ -3.0296, 6.5273 ], [ -3.0199, 6.5171 ], [ -3.0175, 6.5048 ], [ -3.0031, 6.5039 ], [ -2.9984, 6.5088 ], [ -2.9695, 6.5051 ], [ -2.9432, 6.4928 ], [ -2.9377, 6.4869 ], [ -2.9254, 6.4952 ], [ -2.9299, 6.4988 ], [ -2.9308, 6.5069 ], [ -2.9289, 6.5123 ], [ -2.9235, 6.5118 ], [ -2.9262, 6.5164 ], [ -2.9237, 6.5182 ], [ -2.9247, 6.523 ], [ -2.9194, 6.5255 ], [ -2.9238, 6.5317 ], [ -2.9202, 6.5361 ], [ -2.9225, 6.5423 ], [ -2.9172, 6.5513 ], [ -2.907, 6.5516 ], [ -2.9059, 6.5565 ], [ -2.9005, 6.5554 ], [ -2.8952, 6.5597 ], [ -2.8982, 6.5712 ], [ -2.8933, 6.5768 ], [ -2.8961, 6.5818 ], [ -2.8905, 6.5839 ], [ -2.8896, 6.5943 ], [ -2.8878, 6.5925 ], [ -2.8796, 6.5983 ], [ -2.8788, 6.6057 ], [ -2.8746, 6.6056 ], [ -2.8732, 6.6117 ], [ -2.8818, 6.6205 ], [ -2.8782, 6.6239 ], [ -2.8823, 6.6459 ], [ -2.8775, 6.653 ], [ -2.8725, 6.6541 ], [ -2.8664, 6.6498 ], [ -2.8716, 6.6417 ], [ -2.8694, 6.6382 ], [ -2.8517, 6.643 ], [ -2.8442, 6.6365 ], [ -2.8331, 6.635 ], [ -2.8309, 6.6268 ], [ -2.8245, 6.626 ], [ -2.816, 6.6167 ], [ -2.8037, 6.616 ], [ -2.8008, 6.607 ], [ -2.7938, 6.6013 ], [ -2.7888, 6.6014 ], [ -2.7848, 6.5951 ], [ -2.7798, 6.5758 ], [ -2.7631, 6.5844 ], [ -2.7481, 6.5807 ], [ -2.7273, 6.5888 ], [ -2.7018, 6.5853 ], [ -2.6945, 6.5777 ], [ -2.6811, 6.572 ], [ -2.6741, 6.5054 ], [ -2.6849, 6.4935 ], [ -2.7439, 6.4843 ], [ -2.7296, 6.4561 ], [ -2.7161, 6.4587 ], [ -2.7182, 6.4341 ], [ -2.7258, 6.4231 ], [ -2.7177, 6.4124 ], [ -2.7166, 6.4014 ], [ -2.7217, 6.3941 ], [ -2.7286, 6.3926 ], [ -2.7315, 6.3797 ], [ -2.7224, 6.374 ], [ -2.7638, 6.3162 ], [ -2.7868, 6.3374 ], [ -2.7955, 6.3355 ], [ -2.8066, 6.3392 ], [ -2.8127, 6.3333 ], [ -2.8239, 6.3307 ], [ -2.8168, 6.3227 ], [ -2.8254, 6.3184 ], [ -2.8507, 6.3151 ], [ -2.8703, 6.3197 ], [ -2.8799, 6.3151 ], [ -2.9071, 6.3243 ], [ -2.9243, 6.3195 ], [ -2.9348, 6.3138 ], [ -2.9366, 6.3086 ], [ -2.9421, 6.3052 ], [ -2.9358, 6.2926 ], [ -2.949, 6.2888 ], [ -2.9484, 6.2828 ], [ -2.9515, 6.2777 ], [ -2.9603, 6.2747 ], [ -2.9589, 6.2682 ], [ -2.9612, 6.2667 ], [ -2.989, 6.2631 ], [ -3.018, 6.2764 ], [ -3.0254, 6.2691 ], [ -3.0314, 6.2258 ] ] ] } },
{ "type": "Feature", "properties": { "shapeName": "Nkoranza North", "shapeID": "2480657B63998169387071" }, "geometry": { "type": "Polygon", "coordinates": [ [ [ -1.5075, 7.8552 ], [ -1.5044, 7.8456 ], [ -1.4957, 7.8482 ], [ -1.4854, 7.8379 ], [ -1.4806, 7.8157 ], [ -1.4746, 7.8052 ], [ -1.4565, 7.811 ], [ -1.4436, 7.8111 ], [ -1.4318, 7.7988 ], [ -1.4105, 7.8053 ], [ -1.4037, 7.8102 ], [ -1.3997, 7.8077 ], [ -1.3943, 7.8096 ], [ -1.3911, 7.8055 ], [ -1.3747, 7.7999 ], [ -1.3846, 7.7949 ], [ -1.3566, 7.785 ], [ -1.354, 7.7789 ], [ -1.3688, 7.7726 ], [ -1.3697, 7.7688 ], [ -1.3755, 7.7674 ], [ -1.3817, 7.7607 ], [ -1.3825, 7.7317 ], [ -1.3734, 7.7089 ], [ -1.3677, 7.7023 ], [ -1.3789, 7.6878 ], [ -1.3823, 7.676 ], [ -1.3894, 7.671 ], [ -1.4073, 7.6465 ], [ -1.408, 7.6386 ], [ -1.4119, 7.6344 ], [ -1.406, 7.6351 ], [ -1.4008, 7.6449 ], [ -1.3965, 7.6448 ], [ -1.3927, 7.6393 ], [ -1.3882, 7.6443 ], [ -1.3692, 7.6454 ], [ -1.3682, 7.6535 ], [ -1.3358, 7.66 ], [ -1.3282, 7.6575 ], [ -1.3237, 7.6512 ], [ -1.3116, 7.647 ], [ -1.2957, 7.6303 ], [ -1.2853, 7.6275 ], [ -1.2792, 7.6186 ], [ -1.2853, 7.6152 ], [ -1.2942, 7.6152 ], [ -1.3033, 7.6209 ], [ -1.3097, 7.6184 ], [ -1.3079, 7.6219 ], [ -1.3162, 7.6247 ], [ -1.3439, 7.6194 ], [ -1.3534, 7.6091 ], [ -1.3638, 7.6086 ], [ -1.3686, 7.6029 ], [ -1.3861, 7.6051 ], [ -1.3969, 7.6003 ], [ -1.4058, 7.5884 ], [ -1.4213, 7.58 ], [ -1.4263, 7.5835 ], [ -1.4355, 7.5826 ], [ -1.4464, 7.5763 ], [ -1.4534, 7.5857 ], [ -1.4658, 7.5827 ], [ -1.4702, 7.5849 ], [ -1.4705, 7.577 ], [ -1.4739, 7.5793 ], [ -1.4773, 7.5774 ], [ -1.4813, 7.5668 ], [ -1.4865, 7.5672 ], [ -1.4955, 7.5599 ], [ -1.5052, 7.5578 ], [ -1.5215, 7.5602 ], [ -1.5301, 7.5674 ], [ -1.533, 7.5631 ], [ -1.544, 7.5589 ], [ -1.5612, 7.5618 ], [ -1.5698, 7.5585 ], [ -1.5777, 7.5644 ], [ -1.5876, 7.5644 ], [ -1.5878, 7.5689 ], [ -1.6129, 7.5737 ], [ -1.6187, 7.5685 ], [ -1.6295, 7.5774 ], [ -1.6471, 7.583 ], [ -1.6498, 7.589 ], [ -1.6559, 7.5917 ], [ -1.6809, 7.5891 ], [ -1.6897, 7.5937 ], [ -1.6985, 7.5931 ], [ -1.701, 7.59 ], [ -1.7106, 7.595 ], [ -1.7115, 7.5906 ], [ -1.7234, 7.5858 ], [ -1.7246, 7.5805 ], [ -1.7278, 7.5815 ], [ -1.7359, 7.5753 ], [ -1.7429, 7.5748 ], [ -1.7445, 7.5779 ], [ -1.7676, 7.5724 ], [ -1.7777, 7.5816 ], [ -1.7831, 7.581 ], [ -1.7877, 7.5844 ], [ -1.7945, 7.6054 ], [ -1.8003, 7.6098 ], [ -1.815, 7.613 ], [ -1.8325, 7.6254 ], [ -1.83, 7.6383 ], [ -1.8381, 7.6551 ], [ -1.8306, 7.6751 ], [ -1.8327, 7.6854 ], [ -1.8307, 7.688 ], [ -1.8424, 7.6973 ], [ -1.8581, 7.6968 ], [ -1.8539, 7.7073 ], [ -1.8645, 7.7117 ], [ -1.8698, 7.7103 ], [ -1.879, 7.7153 ], [ -1.9003, 7.701 ], [ -1.906, 7.701 ], [ -1.9099, 7.7082 ], [ -1.9108, 7.7188 ], [ -1.9045, 7.7244 ], [ -1.9101, 7.7289 ], [ -1.8833, 7.7522 ], [ -1.8093, 7.7519 ], [ -1.801, 7.7755 ], [ -1.7912, 7.7824 ], [ -1.7699, 7.7848 ], [ -1.759, 7.7801 ], [ -1.7535, 7.7866 ], [ -1.7301, 7.7905 ], [ -1.7184, 7.7989 ], [ -1.7163, 7.8042 ], [ -1.7098, 7.8045 ], [ -1.7019, 7.813 ], [ -1.6906, 7.8157 ], [ -1.6739, 7.8088 ], [ -1.6634, 7.8101 ], [ -1.6566, 7.8162 ], [ -1.6466, 7.8137 ], [ -1.6304, 7.8235 ], [ -1.6164, 7.8411 ], [ -1.6074, 7.8435 ], [ -1.6039, 7.8571 ], [ -1.5784, 7.8821 ], [ -1.5656, 7.8814 ], [ -1.5595, 7.8739 ], [ -1.5314, 7.8701 ], [ -1.5146, 7.8557 ], [ -1.5075, 7.8552 ] ] ] } },
{ "type": "Feature", "properties": { "shapeName": "Kintampo South", "shapeID": "2480657B51466124780551" }, "geometry": { "type": "Polygon", "coordinates": [ [ [ -1.9491, 7.7836 ], [ -1.9093, 7.819 ], [ -1.9029, 7.8311 ], [ -1.9141, 7.8773 ], [ -1.974, 7.9482 ], [ -1.985, 7.9662 ], [ -1.9951, 7.9674 ], [ -2.0199, 7.9554 ], [ -2.0319, 7.9566 ], [ -2.0412, 7.9644 ], [ -2.044, 7.9735 ], [ -2.026, 7.9961 ], [ -2.0253, 8.0239 ], [ -2.0369, 8.0304 ], [ -2.0575, 8.052 ], [ -2.055, 8.0614 ], [ -2.0649, 8.089 ], [ -2.0797, 8.0989 ], [ -2.0889, 8.1187 ], [ -2.0966, 8.1236 ], [ -2.1017, 8.1358 ], [ -2.117, 8.1354 ], [ -2.1198, 8.1391 ], [ -2.1216, 8.1497 ], [ -2.1173, 8.1571 ], [ -2.0946, 8.1559 ], [ -2.0647, 8.1461 ], [ -2.0429, 8.1477 ], [ -2.0309, 8.1527 ], [ -2.0276, 8.1441 ], [ -1.9871, 8.1047 ], [ -1.9808, 8.1096 ], [ -1.9684, 8.1086 ], [ -1.9343, 8.0737 ], [ -1.9262, 8.0595 ], [ -1.9137, 8.0638 ], [ -1.9085, 8.0588 ], [ -1.9078, 8.0533 ], [ -1.8821, 8.0544 ], [ -1.8543, 8.0495 ], [ -1.8254, 8.0772 ], [ -1.7463, 8.0597 ], [ -1.7422, 8.0465 ], [ -1.7243, 8.0375 ], [ -1.7156, 8.05 ], [ -1.7018, 8.0505 ], [ -1.6743, 8.0463 ], [ -1.6715, 8.0398 ], [ -1.6623, 8.0441 ], [ -1.662, 8.048 ], [ -1.6384, 8.037 ], [ -1.6357, 8.0322 ], [ -1.574, 8.0309 ], [ -1.5684, 8.0176 ], [ -1.5621, 8.0154 ], [ -1.563, 8.0093 ], [ -1.5472, 7.9989 ], [ -1.5426, 8.0028 ], [ -1.5447, 8.006 ], [ -1.5404, 8.0134 ], [ -1.535, 8.0154 ], [ -1.5222, 8.013 ], [ -1.5153, 8.0148 ], [ -1.5109, 8.0103 ], [ -1.4922, 8.0057 ], [ -1.4919, 7.9893 ], [ -1.503, 7.9795 ], [ -1.5079, 7.9631 ], [ -1.5079, 7.9567 ], [ -1.4987, 7.939 ], [ -1.4989, 7.9239 ], [ -1.5171, 7.881 ], [ -1.51, 7.8697 ], [ -1.5075, 7.8552 ], [ -1.5146, 7.8557 ], [ -1.5314, 7.8701 ], [ -1.5595, 7.8739 ], [ -1.5656, 7.8814 ], [ -1.5784, 7.8821 ], [ -1.6039, 7.8571 ], [ -1.6074, 7.8435 ], [ -1.6164, 7.8411 ], [ -1.6304, 7.8235 ], [ -1.6466, 7.8137 ], [ -1.6566, 7.8162 ], [ -1.6634, 7.8101 ], [ -1.6739, 7.8088 ], [ -1.6906, 7.8157 ], [ -1.7019, 7.813 ], [ -1.7067, 7.8063 ], [ -1.7163, 7.8042 ], [ -1.7184, 7.7989 ], [ -1.7301, 7.7905 ], [ -1.7535, 7.7866 ], [ -1.759, 7.7801 ], [ -1.7699, 7.7848 ], [ -1.7912, 7.7824 ], [ -1.801, 7.7755 ], [ -1.8093, 7.7519 ], [ -1.8833, 7.7522 ], [ -1.9101, 7.7289 ], [ -1.9317, 7.7414 ], [ -1.9363, 7.7531 ], [ -1.9442, 7.762 ], [ -1.9259, 7.7739 ], [ -1.94, 7.7756 ], [ -1.9367, 7.7843 ], [ -1.9491, 7.7836 ] ] ] } },
{ "type": "Feature", "properties": { "shapeName": "Shama", "shapeID": "2480657B99130964172058" }, "geometry": { "type": "Polygon", "coordinates": [ [ [ -1.5815, 5.1549 ], [ -1.5802, 5.0331 ], [ -1.6042, 5.0293 ], [ -1.6224, 5.021 ], [ -1.6335, 4.9992 ], [ -1.6312, 4.9916 ], [ -1.6356, 4.9867 ], [ -1.6347, 4.981 ], [ -1.6407, 4.9784 ], [ -1.6432, 4.9713 ], [ -1.6741, 4.9654 ], [ -1.6694, 4.9682 ], [ -1.6892, 4.9779 ], [ -1.6843, 4.9893 ], [ -1.6935, 4.9909 ], [ -1.694, 4.9961 ], [ -1.697, 4.9966 ], [ -1.7006, 5.0104 ], [ -1.705, 5.0151 ], [ -1.7034, 5.0204 ], [ -1.7112, 5.021 ], [ -1.7152, 5.026 ], [ -1.7149, 5.0331 ], [ -1.7185, 5.0371 ], [ -1.7131, 5.0455 ], [ -1.7151, 5.0526 ], [ -1.7082, 5.0552 ], [ -1.7017, 5.052 ], [ -1.699, 5.0547 ], [ -1.7065, 5.0624 ], [ -1.7016, 5.0827 ], [ -1.7175, 5.1041 ], [ -1.7056, 5.1048 ], [ -1.7002, 5.1017 ], [ -1.69, 5.1046 ], [ -1.6852, 5.1003 ], [ -1.6768, 5.1022 ], [ -1.6756, 5.0993 ], [ -1.6643, 5.1023 ], [ -1.654, 5.0948 ], [ -1.6489, 5.0946 ], [ -1.6499, 5.1027 ], [ -1.6417, 5.117 ], [ -1.6278, 5.1169 ], [ -1.6349, 5.1233 ], [ -1.6263, 5.1301 ], [ -1.6222, 5.1285 ], [ -1.6192, 5.1437 ], [ -1.601, 5.155 ], [ -1.5815, 5.1549 ] ] ] } },
{ "type": "Feature", "properties": { "shapeName": "Tano North Municipal", "shapeID": "2480657B68079094729511" }, "geometry": { "type": "Polygon", "coordinates": [ [ [ -2.0649, 7.3195 ], [ -2.065, 7.304 ], [ -2.0684, 7.3021 ], [ -2.0702, 7.2907 ], [ -2.0656, 7.2809 ], [ -2.0773, 7.267 ], [ -2.0713, 7.2599 ], [ -2.074, 7.2506 ], [ -2.069, 7.2364 ], [ -2.0735, 7.2167 ], [ -2.081, 7.2114 ], [ -2.0692, 7.1974 ], [ -2.0667, 7.1645 ], [ -2.0543, 7.1587 ], [ -2.0556, 7.1442 ], [ -2.049, 7.1285 ], [ -2.0522, 7.12 ], [ -2.0625, 7.1116 ], [ -2.0606, 7.1088 ], [ -2.0724, 7.0875 ], [ -2.0764, 7.0828 ], [ -2.087, 7.0792 ], [ -2.0931, 7.0631 ], [ -2.111, 7.056 ], [ -2.1161, 7.0574 ], [ -2.1138, 7.0545 ], [ -2.1183, 7.054 ], [ -2.1188, 7.0491 ], [ -2.1256, 7.0505 ], [ -2.1256, 7.0397 ], [ -2.1353, 7.0282 ], [ -2.139, 7.0329 ], [ -2.1399, 7.0416 ], [ -2.1503, 7.0396 ], [ -2.1651, 7.0329 ], [ -2.1746, 7.0206 ], [ -2.1824, 7.0168 ], [ -2.1857, 7.0254 ], [ -2.1788, 7.0326 ], [ -2.1853, 7.0362 ], [ -2.1934, 7.0282 ], [ -2.202, 7.0275 ], [ -2.2143, 7.0197 ], [ -2.2161, 7.0118 ], [ -2.2231, 7.0076 ], [ -2.2288, 7.0108 ], [ -2.23, 7.0236 ], [ -2.2275, 7.0274 ], [ -2.2331, 7.0364 ], [ -2.2388, 7.0349 ], [ -2.2403, 7.0378 ], [ -2.2532, 7.0404 ], [ -2.2568, 7.0386 ], [ -2.2583, 7.0301 ], [ -2.2712, 7.0103 ], [ -2.2706, 7.0068 ], [ -2.2807, 6.9942 ], [ -2.3216, 7.0245 ], [ -2.3158, 7.0312 ], [ -2.3186, 7.0367 ], [ -2.3132, 7.0411 ], [ -2.3166, 7.0497 ], [ -2.3032, 7.0497 ], [ -2.3006, 7.0524 ], [ -2.2981, 7.0661 ], [ -2.2997, 7.0763 ], [ -2.2874, 7.0884 ], [ -2.2984, 7.0983 ], [ -2.2953, 7.113 ], [ -2.3033, 7.1208 ], [ -2.2995, 7.1232 ], [ -2.3006, 7.1267 ], [ -2.2965, 7.1262 ], [ -2.2923, 7.1316 ], [ -2.2939, 7.1363 ], [ -2.2884, 7.1409 ], [ -2.2968, 7.1446 ], [ -2.2982, 7.1487 ], [ -2.3054, 7.1481 ], [ -2.3106, 7.1599 ], [ -2.3501, 7.187 ], [ -2.3407, 7.2178 ], [ -2.3341, 7.2294 ], [ -2.3249, 7.2371 ], [ -2.3194, 7.2333 ], [ -2.2968, 7.2335 ], [ -2.2909, 7.2242 ], [ -2.2851, 7.2267 ], [ -2.2841, 7.2325 ], [ -2.2785, 7.2337 ], [ -2.2816, 7.238 ], [ -2.2815, 7.247 ], [ -2.2734, 7.2372 ], [ -2.27, 7.2388 ], [ -2.2725, 7.2457 ], [ -2.2652, 7.2455 ], [ -2.2703, 7.2493 ], [ -2.271, 7.2549 ], [ -2.2634, 7.2614 ], [ -2.2689, 7.2647 ], [ -2.2659, 7.2675 ], [ -2.2687, 7.2712 ], [ -2.2661, 7.2767 ], [ -2.2519, 7.2809 ], [ -2.2457, 7.2796 ], [ -2.2405, 7.2922 ], [ -2.2352, 7.2958 ], [ -2.2305, 7.295 ], [ -2.222, 7.3028 ], [ -2.2184, 7.301 ], [ -2.2192, 7.3121 ], [ -2.2151, 7.3144 ], [ -2.2023, 7.3146 ], [ -2.1902, 7.3221 ], [ -2.1825, 7.3198 ], [ -2.1771, 7.3238 ], [ -2.1713, 7.3229 ], [ -2.1599, 7.3296 ], [ -2.1524, 7.3411 ], [ -2.1535, 7.3459 ], [ -2.1475, 7.3657 ], [ -2.1389, 7.3682 ], [ -2.1355, 7.3738 ], [ -2.1403, 7.3871 ], [ -2.1356, 7.3955 ], [ -2.0763, 7.3232 ], [ -2.0649, 7.3195 ] ] ] } },
{ "type": "Feature", "properties": { "shapeName": "Wassa East", "shapeID": "2480657B7921909152770" }, "geometry": { "type": "Polygon", "coordinates": [ [ [ -1.5815, 5.1549 ], [ -1.601, 5.155 ], [ -1.6192, 5.1437 ], [ -1.6222, 5.1285 ], [ -1.6263, 5.1301 ], [ -1.6349, 5.1233 ], [ -1.6278, 5.1169 ], [ -1.6417, 5.117 ], [ -1.6499, 5.1027 ], [ -1.6489, 5.0946 ], [ -1.654, 5.0948 ], [ -1.6643, 5.1023 ], [ -1.6852, 5.1003 ], [ -1.6814, 5.1087 ], [ -1.6872, 5.1145 ], [ -1.6864, 5.1173 ], [ -1.7174, 5.1175 ], [ -1.744, 5.1364 ], [ -1.7713, 5.1282 ], [ -1.7819, 5.1317 ], [ -1.7842, 5.1357 ], [ -1.7902, 5.1373 ], [ -1.7894, 5.1434 ], [ -1.7974, 5.1496 ], [ -1.7953, 5.1534 ], [ -1.8028, 5.1649 ], [ -1.8447, 5.1875 ], [ -1.8547, 5.19 ], [ -1.8491, 5.1966 ], [ -1.8541, 5.2231 ], [ -1.8252, 5.246 ], [ -1.7953, 5.2782 ], [ -1.7727, 5.2951 ], [ -1.7584, 5.3102 ], [ -1.7683, 5.3423 ], [ -1.7981, 5.3904 ], [ -1.8221, 5.4468 ], [ -1.815, 5.454 ], [ -1.8141, 5.4666 ], [ -1.82, 5.4764 ], [ -1.8264, 5.4783 ], [ -1.8252, 5.4834 ], [ -1.8151, 5.4926 ], [ -1.8133, 5.4986 ], [ -1.8005, 5.5008 ], [ -1.8008, 5.5088 ], [ -1.7879, 5.527 ], [ -1.785, 5.5272 ], [ -1.7832, 5.5337 ], [ -1.7906, 5.5426 ], [ -1.7959, 5.5438 ], [ -1.8032, 5.5421 ], [ -1.8066, 5.5377 ], [ -1.8134, 5.5421 ], [ -1.8181, 5.5404 ], [ -1.8209, 5.5543 ], [ -1.8162, 5.5615 ], [ -1.8166, 5.5763 ], [ -1.8245, 5.5932 ], [ -1.7506, 5.6269 ], [ -1.7377, 5.6236 ], [ -1.7329, 5.6278 ], [ -1.7195, 5.6302 ], [ -1.7135, 5.6364 ], [ -1.6857, 5.6423 ], [ -1.6785, 5.6347 ], [ -1.6764, 5.6081 ], [ -1.6572, 5.6185 ], [ -1.6424, 5.6167 ], [ -1.6235, 5.6021 ], [ -1.6177, 5.5852 ], [ -1.6096, 5.5757 ], [ -1.6076, 5.5635 ], [ -1.5996, 5.5667 ], [ -1.5919, 5.5633 ], [ -1.5904, 5.5544 ], [ -1.5949, 5.5382 ], [ -1.594, 5.5299 ], [ -1.6081, 5.5319 ], [ -1.616, 5.52 ], [ -1.617, 5.5011 ], [ -1.6127, 5.4658 ], [ -1.6022, 5.4565 ], [ -1.6017, 5.4506 ], [ -1.6225, 5.4401 ], [ -1.6288, 5.422 ], [ -1.6231, 5.4203 ], [ -1.6208, 5.426 ], [ -1.6129, 5.4241 ], [ -1.6129, 5.4213 ], [ -1.6091, 5.4234 ], [ -1.6041, 5.4213 ], [ -1.606, 5.4176 ], [ -1.5965, 5.4107 ], [ -1.5787, 5.4105 ], [ -1.563, 5.4153 ], [ -1.5474, 5.4061 ], [ -1.5459, 5.408 ], [ -1.5364, 5.4029 ], [ -1.5257, 5.4029 ], [ -1.5139, 5.3927 ], [ -1.5024, 5.4013 ], [ -1.4893, 5.3992 ], [ -1.4786, 5.3894 ], [ -1.4748, 5.3777 ], [ -1.4621, 5.3819 ], [ -1.4566, 5.348 ], [ -1.4466, 5.3399 ], [ -1.4374, 5.3383 ], [ -1.4076, 5.312 ], [ -1.3998, 5.298 ], [ -1.4277, 5.289 ], [ -1.4355, 5.2675 ], [ -1.4441, 5.2678 ], [ -1.4486, 5.2296 ], [ -1.4463, 5.2101 ], [ -1.4537, 5.2112 ], [ -1.4618, 5.2072 ], [ -1.4812, 5.21 ], [ -1.4905, 5.2063 ], [ -1.5099, 5.2083 ], [ -1.5228, 5.1996 ], [ -1.5251, 5.1707 ], [ -1.533, 5.1737 ], [ -1.5383, 5.1634 ], [ -1.5674, 5.1584 ], [ -1.5684, 5.1625 ], [ -1.5703, 5.1584 ], [ -1.5815, 5.1549 ] ] ] } },
{ "type": "Feature", "properties": { "shapeName": "Ketu North", "shapeID": "2480657B52907018957478" }, "geometry": { "type": "Polygon", "coordinates": [ [ [ 1.0791, 6.1712 ], [ 1.0315, 6.1818 ], [ 1.0286, 6.1754 ], [ 1.0217, 6.1714 ], [ 1.0365, 6.1405 ], [ 1.0163, 6.1242 ], [ 1.0174, 6.122 ], [ 1.0108, 6.121 ], [ 1.0089, 6.1243 ], [ 0.9952, 6.1201 ], [ 1.0029, 6.109 ], [ 0.9875, 6.1094 ], [ 0.9769, 6.0903 ], [ 0.9788, 6.0853 ], [ 1.0135, 6.0802 ], [ 1.02, 6.0691 ], [ 0.9935, 6.0589 ], [ 0.9988, 6.0466 ], [ 0.977, 6.0479 ], [ 0.9763, 6.0508 ], [ 0.9575, 6.0576 ], [ 0.9202, 6.0638 ], [ 0.8815, 6.0656 ], [ 0.8734, 6.0636 ], [ 0.8631, 6.0697 ], [ 0.8843, 6.1179 ], [ 0.8779, 6.1229 ], [ 0.8867, 6.1318 ], [ 0.8855, 6.1392 ], [ 0.8916, 6.1411 ], [ 0.8777, 6.1486 ], [ 0.8755, 6.1552 ], [ 0.8792, 6.158 ], [ 0.8781, 6.1625 ], [ 0.8741, 6.1636 ], [ 0.8794, 6.1883 ], [ 0.9002, 6.2177 ], [ 0.9013, 6.2237 ], [ 0.8943, 6.2468 ], [ 0.8975, 6.2784 ], [ 0.917, 6.2763 ], [ 0.9283, 6.281 ], [ 0.9355, 6.2735 ], [ 0.9448, 6.2836 ], [ 0.9593, 6.2885 ], [ 0.9647, 6.2969 ], [ 0.9633, 6.3095 ], [ 0.9599, 6.3132 ], [ 0.9651, 6.3255 ], [ 0.964, 6.335 ], [ 1.0044, 6.3347 ], [ 1.008, 6.3216 ], [ 1.0053, 6.311 ], [ 1.0079, 6.2938 ], [ 1.0157, 6.2872 ], [ 1.0178, 6.2697 ], [ 1.0365, 6.2383 ], [ 1.0548, 6.2333 ], [ 1.0663, 6.219 ], [ 1.0757, 6.1944 ], [ 1.0716, 6.1949 ], [ 1.081, 6.1829 ], [ 1.0792, 6.1777 ], [ 1.0765, 6.1823 ], [ 1.0754, 6.1771 ], [ 1.0791, 6.1712 ] ] ] } },
{ "type": "Feature", "properties": { "shapeName": "Mpohor", "shapeID": "2480657B89256099008264" }, "geometry": { "type": "Polygon", "coordinates": [ [ [ -1.6857, 5.1027 ], [ -1.6962, 5.1042 ], [ -1.7002, 5.1017 ], [ -1.7157, 5.1061 ], [ -1.7175, 5.1041 ], [ -1.7016, 5.0827 ], [ -1.7065, 5.0624 ], [ -1.699, 5.0547 ], [ -1.7017, 5.052 ], [ -1.7128, 5.0545 ], [ -1.7151, 5.0526 ], [ -1.7145, 5.043 ], [ -1.7308, 5.048 ], [ -1.7405, 5.0346 ], [ -1.7366, 5.0273 ], [ -1.738, 5.0132 ], [ -1.7615, 5.0307 ], [ -1.7711, 5.0444 ], [ -1.7906, 5.0238 ], [ -1.7945, 5.0128 ], [ -1.8017, 5.0099 ], [ -1.807, 5.0008 ], [ -1.8119, 4.9987 ], [ -1.809, 4.9909 ], [ -1.8142, 4.988 ], [ -1.8109, 4.9838 ], [ -1.8115, 4.9786 ], [ -1.8409, 4.9853 ], [ -1.8437, 4.9772 ], [ -1.8398, 4.9667 ], [ -1.8459, 4.9668 ], [ -1.8434, 4.9634 ], [ -1.8844, 4.9635 ], [ -1.8806, 4.9606 ], [ -1.8817, 4.9559 ], [ -1.8763, 4.9558 ], [ -1.8664, 4.9472 ], [ -1.8667, 4.9273 ], [ -1.8984, 4.9274 ], [ -1.9039, 4.9293 ], [ -1.9133, 4.9401 ], [ -1.9228, 4.9413 ], [ -1.9329, 4.9503 ], [ -1.9587, 4.9486 ], [ -1.9588, 4.9536 ], [ -1.9687, 4.9532 ], [ -1.972, 4.9587 ], [ -1.979, 4.9496 ], [ -1.9803, 4.9644 ], [ -1.9886, 4.9744 ], [ -1.9767, 4.9848 ], [ -1.9735, 5.021 ], [ -1.967, 5.0246 ], [ -1.951, 5.0249 ], [ -1.9519, 5.0343 ], [ -1.9494, 5.0376 ], [ -1.953, 5.0421 ], [ -1.9491, 5.0541 ], [ -1.9534, 5.0579 ], [ -1.9488, 5.0591 ], [ -1.9541, 5.0633 ], [ -1.9521, 5.0675 ], [ -1.9548, 5.0704 ], [ -1.9501, 5.0774 ], [ -1.9535, 5.0814 ], [ -1.953, 5.0935 ], [ -1.9489, 5.1009 ], [ -1.9502, 5.1164 ], [ -1.9356, 5.1468 ], [ -1.9387, 5.1548 ], [ -1.9283, 5.1606 ], [ -1.8949, 5.1581 ], [ -1.884, 5.1444 ], [ -1.8547, 5.19 ], [ -1.8447, 5.1875 ], [ -1.8028, 5.1649 ], [ -1.7953, 5.1534 ], [ -1.7974, 5.1496 ], [ -1.7894, 5.1434 ], [ -1.7902, 5.1373 ], [ -1.7842, 5.1357 ], [ -1.7819, 5.1317 ], [ -1.7713, 5.1282 ], [ -1.744, 5.1364 ], [ -1.7174, 5.1175 ], [ -1.6864, 5.1173 ], [ -1.6872, 5.1145 ], [ -1.6814, 5.1087 ], [ -1.6857, 5.1027 ] ] ] } },
{ "type": "Feature", "properties": { "shapeName": "Wassa Amenfi West", "shapeID": "2480657B13145859726554" }, "geometry": { "type": "Polygon", "coordinates": [ [ [ -2.6178, 5.4125 ], [ -2.6178, 5.4255 ], [ -2.6101, 5.4324 ], [ -2.6104, 5.4486 ], [ -2.6045, 5.4493 ], [ -2.6011, 5.4541 ], [ -2.6041, 5.4655 ], [ -2.5906, 5.4648 ], [ -2.5911, 5.4694 ], [ -2.5943, 5.4674 ], [ -2.6001, 5.4704 ], [ -2.6011, 5.4784 ], [ -2.5975, 5.4861 ], [ -2.5794, 5.4863 ], [ -2.5848, 5.4989 ], [ -2.5788, 5.5137 ], [ -2.5821, 5.5177 ], [ -2.5917, 5.5185 ], [ -2.5986, 5.5123 ], [ -2.6044, 5.5265 ], [ -2.596, 5.5254 ], [ -2.5982, 5.535 ], [ -2.5912, 5.5464 ], [ -2.5805, 5.5486 ], [ -2.5792, 5.5431 ], [ -2.5722, 5.5419 ], [ -2.5692, 5.5549 ], [ -2.5769, 5.5624 ], [ -2.569, 5.5591 ], [ -2.5667, 5.5811 ], [ -2.5589, 5.5817 ], [ -2.5616, 5.5877 ], [ -2.5692, 5.5871 ], [ -2.5716, 5.5909 ], [ -2.5656, 5.5969 ], [ -2.569, 5.6086 ], [ -2.5821, 5.6232 ], [ -2.5798, 5.6274 ], [ -2.5747, 5.6254 ], [ -2.5733, 5.6277 ], [ -2.5754, 5.6432 ], [ -2.5734, 5.648 ], [ -2.5578, 5.6414 ], [ -2.5531, 5.6467 ], [ -2.5585, 5.6605 ], [ -2.5764, 5.6577 ], [ -2.5804, 5.66 ], [ -2.5803, 5.6649 ], [ -2.5744, 5.6637 ], [ -2.5747, 5.6737 ], [ -2.5635, 5.6767 ], [ -2.5657, 5.6816 ], [ -2.5745, 5.6783 ], [ -2.572, 5.6904 ], [ -2.5589, 5.6849 ], [ -2.5528, 5.6861 ], [ -2.551, 5.6897 ], [ -2.5599, 5.7021 ], [ -2.5554, 5.7049 ], [ -2.5567, 5.7072 ], [ -2.5689, 5.7113 ], [ -2.5695, 5.7187 ], [ -2.566, 5.724 ], [ -2.5813, 5.7408 ], [ -2.5871, 5.7394 ], [ -2.5927, 5.7429 ], [ -2.5938, 5.7339 ], [ -2.598, 5.733 ], [ -2.6063, 5.7342 ], [ -2.6074, 5.7369 ], [ -2.5961, 5.7522 ], [ -2.5928, 5.7511 ], [ -2.5924, 5.7554 ], [ -2.5778, 5.7604 ], [ -2.5712, 5.7694 ], [ -2.5785, 5.7851 ], [ -2.5718, 5.7919 ], [ -2.5812, 5.7952 ], [ -2.582, 5.8078 ], [ -2.5716, 5.807 ], [ -2.5684, 5.8109 ], [ -2.5565, 5.7942 ], [ -2.5444, 5.7938 ], [ -2.5361, 5.7975 ], [ -2.5343, 5.7948 ], [ -2.5251, 5.7952 ], [ -2.5234, 5.7938 ], [ -2.5296, 5.7857 ], [ -2.5088, 5.7773 ], [ -2.5063, 5.7826 ], [ -2.4978, 5.785 ], [ -2.4987, 5.7905 ], [ -2.5031, 5.7922 ], [ -2.5034, 5.7944 ], [ -2.4955, 5.7964 ], [ -2.502, 5.801 ], [ -2.5015, 5.81 ], [ -2.4978, 5.8095 ], [ -2.4945, 5.8007 ], [ -2.4827, 5.802 ], [ -2.4876, 5.8122 ], [ -2.486, 5.8257 ], [ -2.4961, 5.8228 ], [ -2.506, 5.8271 ], [ -2.5097, 5.8235 ], [ -2.5177, 5.8248 ], [ -2.5184, 5.8286 ], [ -2.5127, 5.8305 ], [ -2.5121, 5.8347 ], [ -2.5206, 5.8354 ], [ -2.513, 5.8652 ], [ -2.5041, 5.8631 ], [ -2.5049, 5.8706 ], [ -2.4998, 5.873 ], [ -2.4961, 5.8671 ], [ -2.4871, 5.8699 ], [ -2.4988, 5.8875 ], [ -2.4981, 5.896 ], [ -2.5103, 5.8991 ], [ -2.5098, 5.9145 ], [ -2.4978, 5.9144 ], [ -2.4972, 5.9172 ], [ -2.5057, 5.9232 ], [ -2.502, 5.9264 ], [ -2.5042, 5.9374 ], [ -2.5106, 5.9463 ], [ -2.5076, 5.95 ], [ -2.5165, 5.9544 ], [ -2.5151, 5.9669 ], [ -2.5308, 5.9691 ], [ -2.5347, 5.9653 ], [ -2.5385, 5.9785 ], [ -2.5584, 5.9787 ], [ -2.5568, 5.9847 ], [ -2.5496, 5.9874 ], [ -2.55, 5.9926 ], [ -2.537, 6.0035 ], [ -2.5116, 6.0435 ], [ -2.5059, 6.0466 ], [ -2.5043, 6.0543 ], [ -2.4993, 6.0535 ], [ -2.4994, 6.0589 ], [ -2.4942, 6.0592 ], [ -2.494, 6.0646 ], [ -2.4893, 6.0646 ], [ -2.506, 6.0725 ], [ -2.5087, 6.0786 ], [ -2.5068, 6.083 ], [ -2.4963, 6.0927 ], [ -2.4823, 6.0962 ], [ -2.476, 6.108 ], [ -2.4709, 6.1096 ], [ -2.4607, 6.1097 ], [ -2.4517, 6.0997 ], [ -2.4452, 6.115 ], [ -2.4386, 6.1199 ], [ -2.432, 6.1128 ], [ -2.4338, 6.107 ], [ -2.412, 6.0879 ], [ -2.3992, 6.0898 ], [ -2.3913, 6.0843 ], [ -2.3769, 6.0826 ], [ -2.3728, 6.0717 ], [ -2.3737, 6.0646 ], [ -2.3789, 6.0606 ], [ -2.3772, 6.0527 ], [ -2.381, 6.0471 ], [ -2.3797, 6.044 ], [ -2.3845, 6.0425 ], [ -2.393, 6.0301 ], [ -2.404, 6.0334 ], [ -2.4148, 6.0245 ], [ -2.4153, 6.0094 ], [ -2.4204, 6.0085 ], [ -2.4204, 6.0006 ], [ -2.4268, 5.9981 ], [ -2.4313, 5.9901 ], [ -2.3075, 5.872 ], [ -2.3183, 5.8609 ], [ -2.3161, 5.7943 ], [ -2.3611, 5.7753 ], [ -2.3808, 5.7571 ], [ -2.3815, 5.7449 ], [ -2.3886, 5.724 ], [ -2.3773, 5.6671 ], [ -2.4253, 5.6416 ], [ -2.4432, 5.5848 ], [ -2.4494, 5.5361 ], [ -2.4568, 5.5158 ], [ -2.4509, 5.5053 ], [ -2.3679, 5.4617 ], [ -2.3717, 5.4583 ], [ -2.3776, 5.4603 ], [ -2.3853, 5.455 ], [ -2.3896, 5.4377 ], [ -2.3873, 5.4212 ], [ -2.3778, 5.4068 ], [ -2.3801, 5.4027 ], [ -2.3765, 5.3936 ], [ -2.3775, 5.3865 ], [ -2.3682, 5.3779 ], [ -2.3759, 5.3756 ], [ -2.3778, 5.379 ], [ -2.3971, 5.3794 ], [ -2.4033, 5.3767 ], [ -2.4084, 5.3798 ], [ -2.4149, 5.3752 ], [ -2.4323, 5.3818 ], [ -2.4401, 5.3793 ], [ -2.4794, 5.4007 ], [ -2.49, 5.3997 ], [ -2.4993, 5.3783 ], [ -2.4948, 5.3758 ], [ -2.5043, 5.3723 ], [ -2.5085, 5.3717 ], [ -2.5148, 5.3772 ], [ -2.5206, 5.372 ], [ -2.5275, 5.3709 ], [ -2.532, 5.3751 ], [ -2.5852, 5.3778 ], [ -2.5904, 5.3804 ], [ -2.5899, 5.3907 ], [ -2.5994, 5.4152 ], [ -2.607, 5.4128 ], [ -2.6123, 5.4164 ], [ -2.6134, 5.4115 ], [ -2.6178, 5.4125 ] ] ] } },
{ "type": "Feature", "properties": { "shapeName": "Ketu South", "shapeID": "2480657B7709388821831" }, "geometry": { "type": "Polygon", "coordinates": [ [ [ 0.9988, 6.0466 ], [ 0.9935, 6.0589 ], [ 1.02, 6.0691 ], [ 1.0135, 6.0802 ], [ 0.9788, 6.0853 ], [ 0.9769, 6.0903 ], [ 0.9875, 6.1094 ], [ 1.0029, 6.109 ], [ 0.9952, 6.1201 ], [ 1.0089, 6.1243 ], [ 1.0108, 6.121 ], [ 1.0174, 6.122 ], [ 1.0163, 6.1242 ], [ 1.0365, 6.1405 ], [ 1.0217, 6.1714 ], [ 1.0286, 6.1754 ], [ 1.0315, 6.1818 ], [ 1.0709, 6.1749 ], [ 1.0857, 6.1686 ], [ 1.2002, 6.1676 ], [ 1.1995, 6.1127 ], [ 1.1261, 6.0773 ], [ 1.0818, 6.0465 ], [ 1.0314, 5.9827 ], [ 1.0227, 5.9827 ], [ 1.0186, 5.9792 ], [ 1.0103, 5.9925 ], [ 1.0075, 6.0206 ], [ 0.9966, 6.0229 ], [ 0.992, 6.0312 ], [ 0.9985, 6.0397 ], [ 0.9988, 6.0466 ] ] ] } },
{ "type": "Feature", "properties": { "shapeName": "Wassa Amenfi Central", "shapeID": "2480657B10255028610816" }, "geometry": { "type": "Polygon", "coordinates": [ [ [ -2.3682, 5.3779 ], [ -2.3775, 5.3865 ], [ -2.3765, 5.3936 ], [ -2.3801, 5.4027 ], [ -2.3778, 5.4068 ], [ -2.3873, 5.4212 ], [ -2.3896, 5.4377 ], [ -2.3853, 5.455 ], [ -2.3776, 5.4603 ], [ -2.3717, 5.4583 ], [ -2.3679, 5.4617 ], [ -2.4509, 5.5053 ], [ -2.4568, 5.5158 ], [ -2.4494, 5.5361 ], [ -2.4432, 5.5848 ], [ -2.4253, 5.6416 ], [ -2.3773, 5.6671 ], [ -2.3886, 5.724 ], [ -2.3815, 5.7449 ], [ -2.3808, 5.7571 ], [ -2.3611, 5.7753 ], [ -2.3161, 5.7943 ], [ -2.3183, 5.8609 ], [ -2.3075, 5.872 ], [ -2.4313, 5.9901 ], [ -2.4268, 5.9981 ], [ -2.4204, 6.0006 ], [ -2.4204, 6.0085 ], [ -2.4153, 6.0094 ], [ -2.4148, 6.0245 ], [ -2.404, 6.0334 ], [ -2.393, 6.0301 ], [ -2.3845, 6.0425 ], [ -2.3797, 6.044 ], [ -2.381, 6.0471 ], [ -2.3772, 6.0527 ], [ -2.3789, 6.0606 ], [ -2.3737, 6.0646 ], [ -2.3728, 6.0717 ], [ -2.3769, 6.0826 ], [ -2.3709, 6.0844 ], [ -2.3733, 6.0864 ], [ -2.3704, 6.0976 ], [ -2.354, 6.1055 ], [ -2.3242, 6.1011 ], [ -2.3188, 6.0963 ], [ -2.3034, 6.0965 ], [ -2.2918, 6.1034 ], [ -2.2835, 6.1022 ], [ -2.2712, 6.1223 ], [ -2.2569, 6.1199 ], [ -2.2557, 6.136 ], [ -2.2419, 6.1408 ], [ -2.2283, 6.15 ], [ -2.2252, 6.1452 ], [ -2.2146, 6.1418 ], [ -2.2126, 6.1315 ], [ -2.2087, 6.1272 ], [ -2.2146, 6.1179 ], [ -2.2072, 6.1142 ], [ -2.2066, 6.1055 ], [ -2.1975, 6.0902 ], [ -2.199, 6.0799 ], [ -2.1934, 6.0735 ], [ -2.199, 6.0671 ], [ -2.1965, 6.0566 ], [ -2.1993, 6.055 ], [ -2.1969, 6.0497 ], [ -2.1993, 6.0452 ], [ -2.1932, 6.0342 ], [ -2.1952, 6.0313 ], [ -2.1928, 6.0238 ], [ -2.1881, 6.0195 ], [ -2.1906, 6.0091 ], [ -2.1849, 6.0081 ], [ -2.1822, 6.0013 ], [ -2.1789, 6.0012 ], [ -2.1827, 5.9952 ], [ -2.1766, 5.9937 ], [ -2.1736, 5.9846 ], [ -2.1671, 5.9843 ], [ -2.1681, 5.9777 ], [ -2.1638, 5.978 ], [ -2.1617, 5.9638 ], [ -2.1579, 5.9599 ], [ -2.1626, 5.9597 ], [ -2.1616, 5.9485 ], [ -2.1658, 5.936 ], [ -2.165, 5.9307 ], [ -2.1602, 5.9308 ], [ -2.1634, 5.9266 ], [ -2.1604, 5.9242 ], [ -2.1646, 5.9187 ], [ -2.161, 5.9168 ], [ -2.1601, 5.9054 ], [ -2.1658, 5.9037 ], [ -2.1673, 5.8962 ], [ -2.1628, 5.8908 ], [ -2.1694, 5.8841 ], [ -2.1658, 5.8818 ], [ -2.1596, 5.8641 ], [ -2.166, 5.8616 ], [ -2.1636, 5.8537 ], [ -2.1682, 5.8533 ], [ -2.1644, 5.8366 ], [ -2.1673, 5.8341 ], [ -2.1618, 5.8256 ], [ -2.1583, 5.8251 ], [ -2.1602, 5.8206 ], [ -2.1573, 5.8135 ], [ -2.1486, 5.8083 ], [ -2.1505, 5.8036 ], [ -2.1558, 5.8024 ], [ -2.157, 5.8055 ], [ -2.1605, 5.7993 ], [ -2.1642, 5.802 ], [ -2.1713, 5.7936 ], [ -2.1631, 5.7743 ], [ -2.155, 5.7722 ], [ -2.1584, 5.7648 ], [ -2.1551, 5.7598 ], [ -2.1464, 5.7618 ], [ -2.1475, 5.7564 ], [ -2.135, 5.7499 ], [ -2.1354, 5.7393 ], [ -2.1406, 5.7339 ], [ -2.1348, 5.7311 ], [ -2.1494, 5.7068 ], [ -2.1418, 5.6915 ], [ -2.1453, 5.6851 ], [ -2.1424, 5.6766 ], [ -2.147, 5.6739 ], [ -2.146, 5.6695 ], [ -2.157, 5.6659 ], [ -2.1561, 5.6572 ], [ -2.1645, 5.6573 ], [ -2.1587, 5.6406 ], [ -2.1637, 5.6384 ], [ -2.1662, 5.6268 ], [ -2.1591, 5.6148 ], [ -2.1659, 5.6128 ], [ -2.1725, 5.6037 ], [ -2.1721, 5.6002 ], [ -2.1679, 5.5996 ], [ -2.1735, 5.5895 ], [ -2.1659, 5.5726 ], [ -2.1725, 5.5731 ], [ -2.1746, 5.5688 ], [ -2.1723, 5.566 ], [ -2.1629, 5.5667 ], [ -2.1586, 5.5582 ], [ -2.1687, 5.5478 ], [ -2.1741, 5.5529 ], [ -2.1781, 5.5526 ], [ -2.1826, 5.5616 ], [ -2.19, 5.56 ], [ -2.1934, 5.5656 ], [ -2.2048, 5.5705 ], [ -2.2301, 5.564 ], [ -2.2462, 5.5474 ], [ -2.2482, 5.5392 ], [ -2.2459, 5.5211 ], [ -2.2552, 5.5221 ], [ -2.2496, 5.5053 ], [ -2.2506, 5.4981 ], [ -2.2619, 5.484 ], [ -2.2587, 5.4823 ], [ -2.2618, 5.478 ], [ -2.257, 5.4773 ], [ -2.2539, 5.4596 ], [ -2.2555, 5.454 ], [ -2.259, 5.4531 ], [ -2.2624, 5.4358 ], [ -2.2599, 5.4315 ], [ -2.2636, 5.4276 ], [ -2.2593, 5.4218 ], [ -2.2656, 5.4187 ], [ -2.2611, 5.4157 ], [ -2.2601, 5.4 ], [ -2.2498, 5.3929 ], [ -2.2439, 5.3943 ], [ -2.2369, 5.3819 ], [ -2.2318, 5.3821 ], [ -2.2405, 5.3719 ], [ -2.2362, 5.3694 ], [ -2.2296, 5.3718 ], [ -2.2317, 5.3691 ], [ -2.2274, 5.3641 ], [ -2.2185, 5.3614 ], [ -2.2111, 5.3536 ], [ -2.214, 5.3493 ], [ -2.2068, 5.3383 ], [ -2.2055, 5.3298 ], [ -2.2079, 5.3272 ], [ -2.2498, 5.3295 ], [ -2.2499, 5.3333 ], [ -2.2533, 5.3318 ], [ -2.2558, 5.3383 ], [ -2.2621, 5.3357 ], [ -2.26, 5.3458 ], [ -2.2762, 5.3567 ], [ -2.2765, 5.348 ], [ -2.2824, 5.3462 ], [ -2.2891, 5.3518 ], [ -2.2894, 5.3435 ], [ -2.2973, 5.348 ], [ -2.3053, 5.3395 ], [ -2.3161, 5.3477 ], [ -2.3199, 5.3479 ], [ -2.3191, 5.346 ], [ -2.3306, 5.351 ], [ -2.3337, 5.3478 ], [ -2.3372, 5.3497 ], [ -2.3365, 5.3548 ], [ -2.3425, 5.3572 ], [ -2.3447, 5.3644 ], [ -2.3503, 5.3635 ], [ -2.3569, 5.3756 ], [ -2.3682, 5.3779 ] ] ] } },
{ "type": "Feature", "properties": { "shapeName": "Keta Municipal", "shapeID": "2480657B20833842549797" }, "geometry": { "type": "Polygon", "coordinates": [ [ [ 0.8631, 6.0697 ], [ 0.8734, 6.0636 ], [ 0.8815, 6.0656 ], [ 0.9202, 6.0638 ], [ 0.9575, 6.0576 ], [ 0.9763, 6.0508 ], [ 0.977, 6.0479 ], [ 0.9988, 6.0466 ], [ 0.9985, 6.0397 ], [ 0.992, 6.0312 ], [ 0.9966, 6.0229 ], [ 1.0075, 6.0206 ], [ 1.0103, 5.9925 ], [ 1.0186, 5.9792 ], [ 1.0227, 5.9827 ], [ 1.0314, 5.9827 ], [ 0.9956, 5.9265 ], [ 0.9903, 5.9067 ], [ 0.9938, 5.8795 ], [ 0.9884, 5.8575 ], [ 0.9809, 5.8405 ], [ 0.9599, 5.8148 ], [ 0.9207, 5.8069 ], [ 0.8917, 5.815 ], [ 0.879, 5.8219 ], [ 0.8755, 5.8415 ], [ 0.8825, 5.8681 ], [ 0.8523, 5.8842 ], [ 0.8187, 5.8738 ], [ 0.8106, 5.8831 ], [ 0.7724, 5.8772 ], [ 0.7838, 5.884 ], [ 0.7815, 5.9037 ], [ 0.7884, 5.908 ], [ 0.782, 5.9155 ], [ 0.7844, 5.9193 ], [ 0.7751, 5.9217 ], [ 0.7777, 5.9256 ], [ 0.7731, 5.9266 ], [ 0.7725, 5.9232 ], [ 0.7612, 5.9274 ], [ 0.7667, 5.9394 ], [ 0.7664, 5.9549 ], [ 0.7717, 5.9612 ], [ 0.7852, 5.9666 ], [ 0.7989, 5.9583 ], [ 0.8037, 5.9585 ], [ 0.8226, 6.0034 ], [ 0.8293, 6.0012 ], [ 0.8346, 6.0095 ], [ 0.8527, 6.0033 ], [ 0.8607, 6.0052 ], [ 0.8593, 6.0353 ], [ 0.8478, 6.0346 ], [ 0.8401, 6.0374 ], [ 0.8559, 6.0581 ], [ 0.857, 6.0681 ], [ 0.8631, 6.0697 ] ] ] } },
{ "type": "Feature", "properties": { "shapeName": "Kadjebi", "shapeID": "2480657B29295475961782" }, "geometry": { "type": "MultiPolygon", "coordinates": [ [ [ [ 0.6198, 7.9005 ], [ 0.6239, 7.8839 ], [ 0.6233, 7.8714 ], [ 0.6274, 7.8682 ], [ 0.6262, 7.8504 ], [ 0.6198, 7.8375 ], [ 0.6218, 7.8358 ], [ 0.6174, 7.8067 ], [ 0.6214, 7.7995 ], [ 0.6171, 7.7962 ], [ 0.6295, 7.7945 ], [ 0.6269, 7.7886 ], [ 0.6297, 7.7851 ], [ 0.631, 7.7686 ], [ 0.6275, 7.7651 ], [ 0.6191, 7.7643 ], [ 0.6199, 7.7575 ], [ 0.6131, 7.7566 ], [ 0.6114, 7.7528 ], [ 0.6169, 7.7449 ], [ 0.6235, 7.7141 ], [ 0.6301, 7.7062 ], [ 0.6196, 7.7032 ], [ 0.6088, 7.7109 ], [ 0.599, 7.7089 ], [ 0.5907, 7.703 ], [ 0.5828, 7.6569 ], [ 0.586, 7.6239 ], [ 0.5585, 7.6123 ], [ 0.5535, 7.6071 ], [ 0.5436, 7.6081 ], [ 0.5309, 7.5973 ], [ 0.5184, 7.5923 ], [ 0.5273, 7.5894 ], [ 0.529, 7.5842 ], [ 0.5214, 7.5201 ], [ 0.4854, 7.515 ], [ 0.4198, 7.5305 ], [ 0.4239, 7.6141 ], [ 0.4218, 7.6884 ], [ 0.4304, 7.6923 ], [ 0.438, 7.6867 ], [ 0.4447, 7.6913 ], [ 0.4422, 7.7106 ], [ 0.4485, 7.7284 ], [ 0.4461, 7.7304 ], [ 0.4467, 7.7446 ], [ 0.4432, 7.7498 ], [ 0.4479, 7.7533 ], [ 0.4426, 7.7617 ], [ 0.4495, 7.7749 ], [ 0.4493, 7.7846 ], [ 0.4533, 7.7931 ], [ 0.452, 7.8 ], [ 0.448, 7.8006 ], [ 0.4502, 7.8085 ], [ 0.4434, 7.813 ], [ 0.4461, 7.8174 ], [ 0.442, 7.8275 ], [ 0.4461, 7.8287 ], [ 0.4503, 7.8376 ], [ 0.4538, 7.8307 ], [ 0.4623, 7.8257 ], [ 0.4659, 7.8274 ], [ 0.4667, 7.8324 ], [ 0.4785, 7.8282 ], [ 0.4841, 7.8305 ], [ 0.4771, 7.836 ], [ 0.4846, 7.845 ], [ 0.4856, 7.8563 ], [ 0.4884, 7.8556 ], [ 0.4908, 7.8632 ], [ 0.4971, 7.8623 ], [ 0.4974, 7.8705 ], [ 0.5008, 7.8687 ], [ 0.5025, 7.8737 ], [ 0.5079, 7.8746 ], [ 0.5049, 7.8857 ], [ 0.5069, 7.8907 ], [ 0.5038, 7.8944 ], [ 0.4965, 7.8904 ], [ 0.4929, 7.8918 ], [ 0.4938, 7.8965 ], [ 0.4971, 7.8974 ], [ 0.4918, 7.9001 ], [ 0.5032, 7.9047 ], [ 0.5026, 7.9106 ], [ 0.5088, 7.9153 ], [ 0.5167, 7.9158 ], [ 0.5336, 7.9085 ], [ 0.5629, 7.9204 ], [ 0.5695, 7.9106 ], [ 0.5728, 7.912 ], [ 0.5769, 7.9062 ], [ 0.5864, 7.9019 ], [ 0.5892, 7.9049 ], [ 0.5937, 7.8997 ], [ 0.6078, 7.9022 ], [ 0.6198, 7.9005 ] ] ], [ [ [ 0.624, 7.9012 ], [ 0.6204, 7.9008 ], [ 0.6222, 7.9015 ], [ 0.624, 7.9012 ] ] ] ] } },
{ "type": "Feature", "properties": { "shapeName": "Mfantseman Municipal", "shapeID": "2480657B5340678211162" }, "geometry": { "type": "Polygon", "coordinates": [ [ [ -1.0039, 5.2874 ], [ -1.0125, 5.2793 ], [ -1.0144, 5.2741 ], [ -1.0115, 5.2672 ], [ -1.0136, 5.2619 ], [ -1.02, 5.2648 ], [ -1.0226, 5.253 ], [ -1.0065, 5.235 ], [ -1.0148, 5.2299 ], [ -1.016, 5.2226 ], [ -1.0204, 5.2185 ], [ -1.0171, 5.2152 ], [ -1.019, 5.211 ], [ -1.0154, 5.2013 ], [ -1.0674, 5.1986 ], [ -1.091, 5.1942 ], [ -1.1197, 5.173 ], [ -1.1485, 5.1642 ], [ -1.1664, 5.1453 ], [ -1.1937, 5.1378 ], [ -1.1984, 5.1329 ], [ -1.2029, 5.1393 ], [ -1.2124, 5.1442 ], [ -1.2114, 5.1475 ], [ -1.2273, 5.1632 ], [ -1.2264, 5.1678 ], [ -1.2336, 5.1705 ], [ -1.2304, 5.1781 ], [ -1.2251, 5.1794 ], [ -1.2122, 5.1928 ], [ -1.2047, 5.1941 ], [ -1.2084, 5.2134 ], [ -1.2064, 5.2164 ], [ -1.2104, 5.2236 ], [ -1.2083, 5.2272 ], [ -1.2006, 5.2293 ], [ -1.1854, 5.2581 ], [ -1.1686, 5.2602 ], [ -1.1605, 5.2537 ], [ -1.1348, 5.2576 ], [ -1.1191, 5.2517 ], [ -1.111, 5.2415 ], [ -1.1044, 5.2451 ], [ -1.0858, 5.2434 ], [ -1.0879, 5.2537 ], [ -1.0836, 5.2716 ], [ -1.057, 5.273 ], [ -1.052, 5.2846 ], [ -1.0541, 5.2868 ], [ -1.0875, 5.297 ], [ -1.0922, 5.303 ], [ -1.1053, 5.3099 ], [ -1.1061, 5.3134 ], [ -1.1101, 5.3134 ], [ -1.1211, 5.3273 ], [ -1.119, 5.3288 ], [ -1.1231, 5.3363 ], [ -1.1222, 5.3418 ], [ -1.1284, 5.346 ], [ -1.1189, 5.3682 ], [ -1.1148, 5.37 ], [ -1.1158, 5.3749 ], [ -1.134, 5.3759 ], [ -1.137, 5.3804 ], [ -1.1235, 5.4095 ], [ -1.1233, 5.4159 ], [ -1.118, 5.4208 ], [ -1.1148, 5.4155 ], [ -1.1025, 5.4128 ], [ -1.0921, 5.4044 ], [ -1.092, 5.3979 ], [ -1.0831, 5.39 ], [ -1.0808, 5.3728 ], [ -1.0709, 5.3666 ], [ -1.0634, 5.3683 ], [ -1.0574, 5.3504 ], [ -1.0634, 5.3408 ], [ -1.062, 5.3332 ], [ -1.0516, 5.3231 ], [ -1.0352, 5.318 ], [ -1.03, 5.3131 ], [ -1.0282, 5.3056 ], [ -1.0154, 5.2995 ], [ -1.0136, 5.2942 ], [ -1.0061, 5.2914 ], [ -1.0039, 5.2874 ] ] ] } },
{ "type": "Feature", "properties": { "shapeName": "South Tongu", "shapeID": "2480657B92948775681515" }, "geometry": { "type": "Polygon", "coordinates": [ [ [ 0.688, 5.7778 ], [ 0.6777, 5.7952 ], [ 0.6519, 5.8052 ], [ 0.6546, 5.8272 ], [ 0.6429, 5.841 ], [ 0.6203, 5.8343 ], [ 0.6197, 5.854 ], [ 0.6259, 5.863 ], [ 0.6305, 5.8625 ], [ 0.6315, 5.8668 ], [ 0.615, 5.8646 ], [ 0.6124, 5.8728 ], [ 0.6191, 5.8758 ], [ 0.6068, 5.8769 ], [ 0.6055, 5.8839 ], [ 0.5997, 5.8906 ], [ 0.5746, 5.8999 ], [ 0.5805, 5.9101 ], [ 0.5874, 5.9134 ], [ 0.585, 5.9172 ], [ 0.5888, 5.919 ], [ 0.5761, 5.9328 ], [ 0.5706, 5.9298 ], [ 0.5716, 5.9327 ], [ 0.5661, 5.9382 ], [ 0.559, 5.9393 ], [ 0.551, 5.9203 ], [ 0.5479, 5.9249 ], [ 0.5518, 5.929 ], [ 0.5485, 5.9317 ], [ 0.5504, 5.9351 ], [ 0.5474, 5.935 ], [ 0.5417, 5.9497 ], [ 0.524, 5.9549 ], [ 0.5254, 5.9788 ], [ 0.499, 5.991 ], [ 0.5004, 5.9954 ], [ 0.4959, 5.9988 ], [ 0.5, 6.0023 ], [ 0.496, 6.0084 ], [ 0.5179, 6.0019 ], [ 0.549, 6.0068 ], [ 0.551, 6.0162 ], [ 0.5482, 6.0377 ], [ 0.5544, 6.0548 ], [ 0.5519, 6.0807 ], [ 0.557, 6.0847 ], [ 0.587, 6.0788 ], [ 0.595, 6.0993 ], [ 0.6092, 6.1071 ], [ 0.6191, 6.1064 ], [ 0.6262, 6.0945 ], [ 0.6306, 6.0939 ], [ 0.6521, 6.1036 ], [ 0.6604, 6.1128 ], [ 0.6721, 6.1057 ], [ 0.6929, 6.1241 ], [ 0.7054, 6.143 ], [ 0.7088, 6.1562 ], [ 0.7215, 6.1527 ], [ 0.7253, 6.1434 ], [ 0.7232, 6.1363 ], [ 0.7256, 6.1315 ], [ 0.7174, 6.1195 ], [ 0.7226, 6.1188 ], [ 0.7342, 6.0993 ], [ 0.7472, 6.0933 ], [ 0.7523, 6.086 ], [ 0.7552, 6.0715 ], [ 0.7509, 6.0545 ], [ 0.7311, 6.0343 ], [ 0.7298, 6.0242 ], [ 0.7108, 6.0148 ], [ 0.7048, 5.9926 ], [ 0.7257, 5.9832 ], [ 0.7297, 5.9761 ], [ 0.7407, 5.9689 ], [ 0.7546, 5.969 ], [ 0.7664, 5.9549 ], [ 0.7667, 5.9394 ], [ 0.7612, 5.9274 ], [ 0.7725, 5.9232 ], [ 0.7731, 5.9266 ], [ 0.7777, 5.9256 ], [ 0.7751, 5.9217 ], [ 0.7844, 5.9193 ], [ 0.782, 5.9155 ], [ 0.7884, 5.908 ], [ 0.7815, 5.9037 ], [ 0.7838, 5.884 ], [ 0.7724, 5.8772 ], [ 0.7606, 5.8725 ], [ 0.7554, 5.8743 ], [ 0.7594, 5.8711 ], [ 0.7463, 5.88 ], [ 0.7187, 5.8694 ], [ 0.7128, 5.8544 ], [ 0.714, 5.8396 ], [ 0.7098, 5.8296 ], [ 0.7183, 5.8108 ], [ 0.7121, 5.8057 ], [ 0.7105, 5.7951 ], [ 0.7181, 5.7921 ], [ 0.7205, 5.7846 ], [ 0.7142, 5.7823 ], [ 0.7132, 5.7759 ], [ 0.7102, 5.7748 ], [ 0.7044, 5.7805 ], [ 0.6982, 5.774 ], [ 0.688, 5.7778 ] ] ] } },
{ "type": "Feature", "properties": { "shapeName": "Ekumfi", "shapeID": "2480657B22323593180175" }, "geometry": { "type": "Polygon", "coordinates": [ [ [ -1.0154, 5.2013 ], [ -1.019, 5.211 ], [ -1.0171, 5.2152 ], [ -1.0204, 5.2185 ], [ -1.016, 5.2226 ], [ -1.0148, 5.2299 ], [ -1.0065, 5.235 ], [ -1.0226, 5.253 ], [ -1.02, 5.2648 ], [ -1.0136, 5.2619 ], [ -1.0115, 5.2672 ], [ -1.0144, 5.2741 ], [ -1.0125, 5.2793 ], [ -1.0077, 5.2855 ], [ -0.9927, 5.2912 ], [ -0.9888, 5.2994 ], [ -0.9745, 5.295 ], [ -0.9635, 5.2996 ], [ -0.9611, 5.2961 ], [ -0.9533, 5.2958 ], [ -0.9315, 5.3056 ], [ -0.9341, 5.3173 ], [ -0.9139, 5.3327 ], [ -0.917, 5.3455 ], [ -0.9139, 5.3586 ], [ -0.9224, 5.3763 ], [ -0.9041, 5.3647 ], [ -0.8898, 5.3627 ], [ -0.8933, 5.3513 ], [ -0.8848, 5.3322 ], [ -0.8864, 5.3297 ], [ -0.8686, 5.3246 ], [ -0.8583, 5.312 ], [ -0.8509, 5.3143 ], [ -0.8221, 5.298 ], [ -0.8218, 5.2927 ], [ -0.8044, 5.2689 ], [ -0.7958, 5.243 ], [ -0.7998, 5.2287 ], [ -0.7981, 5.2231 ], [ -0.8074, 5.2157 ], [ -0.8208, 5.2122 ], [ -1.0154, 5.2013 ] ] ] } },
{ "type": "Feature", "properties": { "shapeName": "Twifo Hemang Lower Denkyira", "shapeID": "2480657B44541331554905" }, "geometry": { "type": "Polygon", "coordinates": [ [ [ -1.4474, 5.2223 ], [ -1.4478, 5.2474 ], [ -1.4441, 5.2678 ], [ -1.4355, 5.2675 ], [ -1.4277, 5.289 ], [ -1.3998, 5.298 ], [ -1.4041, 5.3059 ], [ -1.4374, 5.3383 ], [ -1.4466, 5.3399 ], [ -1.4566, 5.348 ], [ -1.4621, 5.3819 ], [ -1.4748, 5.3777 ], [ -1.4786, 5.3894 ], [ -1.4893, 5.3992 ], [ -1.5024, 5.4013 ], [ -1.5139, 5.3927 ], [ -1.5257, 5.4029 ], [ -1.5364, 5.4029 ], [ -1.5459, 5.408 ], [ -1.5474, 5.4061 ], [ -1.563, 5.4153 ], [ -1.5787, 5.4105 ], [ -1.5965, 5.4107 ], [ -1.606, 5.4176 ], [ -1.6041, 5.4213 ], [ -1.6091, 5.4234 ], [ -1.6129, 5.4213 ], [ -1.6129, 5.4241 ], [ -1.6208, 5.426 ], [ -1.6231, 5.4203 ], [ -1.6288, 5.422 ], [ -1.6225, 5.4401 ], [ -1.6017, 5.4506 ], [ -1.6022, 5.4565 ], [ -1.6127, 5.4658 ], [ -1.617, 5.5011 ], [ -1.6154, 5.5157 ], [ -1.6113, 5.5152 ], [ -1.607, 5.5196 ], [ -1.5881, 5.5158 ], [ -1.5842, 5.5106 ], [ -1.5888, 5.5039 ], [ -1.5479, 5.5165 ], [ -1.539, 5.5111 ], [ -1.5339, 5.5116 ], [ -1.5327, 5.5083 ], [ -1.521, 5.5123 ], [ -1.5106, 5.5086 ], [ -1.507, 5.513 ], [ -1.4864, 5.5144 ], [ -1.4855, 5.5234 ], [ -1.4795, 5.5259 ], [ -1.48, 5.5298 ], [ -1.4727, 5.5343 ], [ -1.4676, 5.5335 ], [ -1.4602, 5.5411 ], [ -1.4573, 5.5389 ], [ -1.4394, 5.5412 ], [ -1.4116, 5.5253 ], [ -1.4131, 5.5151 ], [ -1.4057, 5.5081 ], [ -1.4056, 5.5021 ], [ -1.4195, 5.4965 ], [ -1.4264, 5.4895 ], [ -1.4324, 5.4951 ], [ -1.4331, 5.4775 ], [ -1.4253, 5.4613 ], [ -1.4053, 5.4602 ], [ -1.3907, 5.4496 ], [ -1.3836, 5.4323 ], [ -1.3934, 5.4149 ], [ -1.3732, 5.3991 ], [ -1.3621, 5.3985 ], [ -1.3584, 5.4013 ], [ -1.358, 5.3972 ], [ -1.3514, 5.3957 ], [ -1.3507, 5.3903 ], [ -1.34, 5.3778 ], [ -1.3407, 5.3708 ], [ -1.3291, 5.3598 ], [ -1.3304, 5.3555 ], [ -1.3176, 5.356 ], [ -1.3172, 5.3519 ], [ -1.3133, 5.3507 ], [ -1.2951, 5.3549 ], [ -1.3006, 5.3431 ], [ -1.2972, 5.329 ], [ -1.3018, 5.3238 ], [ -1.2995, 5.3104 ], [ -1.2927, 5.3022 ], [ -1.2939, 5.2972 ], [ -1.2868, 5.2926 ], [ -1.2856, 5.2819 ], [ -1.2952, 5.2735 ], [ -1.2934, 5.2562 ], [ -1.2966, 5.2517 ], [ -1.3101, 5.2446 ], [ -1.323, 5.2514 ], [ -1.3323, 5.2484 ], [ -1.3448, 5.2379 ], [ -1.3576, 5.233 ], [ -1.3627, 5.2241 ], [ -1.3619, 5.2157 ], [ -1.3683, 5.2167 ], [ -1.3721, 5.2227 ], [ -1.3792, 5.2249 ], [ -1.3839, 5.2212 ], [ -1.3944, 5.2256 ], [ -1.404, 5.2242 ], [ -1.4158, 5.2141 ], [ -1.4175, 5.2201 ], [ -1.4286, 5.2269 ], [ -1.4474, 5.2223 ] ] ] } },
{ "type": "Feature", "properties": { "shapeName": "Jasikan", "shapeID": "2480657B79217814678772" }, "geometry": { "type": "Polygon", "coordinates": [ [ [ 0.4198, 7.5305 ], [ 0.4854, 7.515 ], [ 0.5214, 7.5201 ], [ 0.519, 7.5125 ], [ 0.5241, 7.5027 ], [ 0.5231, 7.4936 ], [ 0.5285, 7.491 ], [ 0.5259, 7.4873 ], [ 0.5295, 7.4862 ], [ 0.526, 7.4829 ], [ 0.5299, 7.4811 ], [ 0.5212, 7.4738 ], [ 0.5215, 7.465 ], [ 0.525, 7.4636 ], [ 0.5189, 7.4608 ], [ 0.5224, 7.4593 ], [ 0.5211, 7.4547 ], [ 0.5263, 7.4582 ], [ 0.5321, 7.4572 ], [ 0.5339, 7.4498 ], [ 0.5306, 7.4473 ], [ 0.5342, 7.4472 ], [ 0.5321, 7.4434 ], [ 0.5374, 7.4347 ], [ 0.5359, 7.4263 ], [ 0.5387, 7.422 ], [ 0.5436, 7.4217 ], [ 0.5531, 7.4052 ], [ 0.5731, 7.3947 ], [ 0.5986, 7.4002 ], [ 0.6012, 7.4078 ], [ 0.6061, 7.4057 ], [ 0.6196, 7.4133 ], [ 0.6253, 7.4112 ], [ 0.6293, 7.4041 ], [ 0.6414, 7.4018 ], [ 0.6447, 7.3979 ], [ 0.6482, 7.379 ], [ 0.6432, 7.375 ], [ 0.6589, 7.3166 ], [ 0.6432, 7.2797 ], [ 0.6442, 7.263 ], [ 0.6063, 7.2665 ], [ 0.5836, 7.2781 ], [ 0.5808, 7.2886 ], [ 0.5741, 7.2878 ], [ 0.574, 7.2846 ], [ 0.5771, 7.2841 ], [ 0.5733, 7.281 ], [ 0.5717, 7.2676 ], [ 0.5629, 7.2682 ], [ 0.5609, 7.2596 ], [ 0.557, 7.2538 ], [ 0.553, 7.2534 ], [ 0.5527, 7.2474 ], [ 0.549, 7.2465 ], [ 0.5486, 7.2389 ], [ 0.544, 7.2385 ], [ 0.5409, 7.2332 ], [ 0.5427, 7.2251 ], [ 0.5357, 7.22 ], [ 0.5193, 7.2205 ], [ 0.5212, 7.2347 ], [ 0.5171, 7.2397 ], [ 0.5336, 7.2473 ], [ 0.5334, 7.2544 ], [ 0.537, 7.2563 ], [ 0.5417, 7.2714 ], [ 0.5405, 7.2955 ], [ 0.5351, 7.2994 ], [ 0.5342, 7.3051 ], [ 0.5272, 7.303 ], [ 0.5225, 7.2976 ], [ 0.5051, 7.3009 ], [ 0.4914, 7.2901 ], [ 0.4794, 7.2923 ], [ 0.4664, 7.3282 ], [ 0.4702, 7.33 ], [ 0.4732, 7.3455 ], [ 0.4709, 7.4061 ], [ 0.4565, 7.3976 ], [ 0.4429, 7.3766 ], [ 0.4444, 7.3617 ], [ 0.4088, 7.3563 ], [ 0.3947, 7.3626 ], [ 0.3911, 7.3682 ], [ 0.3864, 7.366 ], [ 0.3833, 7.3699 ], [ 0.3763, 7.3654 ], [ 0.3717, 7.3677 ], [ 0.3702, 7.3619 ], [ 0.3649, 7.3645 ], [ 0.3546, 7.3584 ], [ 0.3506, 7.3629 ], [ 0.329, 7.363 ], [ 0.3253, 7.3701 ], [ 0.3265, 7.3776 ], [ 0.3331, 7.3784 ], [ 0.335, 7.3853 ], [ 0.347, 7.396 ], [ 0.3457, 7.4223 ], [ 0.3545, 7.4289 ], [ 0.3713, 7.4332 ], [ 0.3835, 7.4642 ], [ 0.3877, 7.4651 ], [ 0.3871, 7.4726 ], [ 0.392, 7.4754 ], [ 0.3883, 7.4892 ], [ 0.3901, 7.5091 ], [ 0.4072, 7.5166 ], [ 0.4198, 7.5305 ] ] ] } },
{ "type": "Feature", "properties": { "shapeName": "Twifo Atti-morkwa", "shapeID": "2480657B2289284937660" }, "geometry": { "type": "Polygon", "coordinates": [ [ [ -1.6154, 5.5157 ], [ -1.616, 5.52 ], [ -1.6081, 5.5319 ], [ -1.594, 5.5299 ], [ -1.5949, 5.5382 ], [ -1.5904, 5.5544 ], [ -1.5919, 5.5633 ], [ -1.5996, 5.5667 ], [ -1.6076, 5.5635 ], [ -1.6096, 5.5757 ], [ -1.6177, 5.5852 ], [ -1.6214, 5.5993 ], [ -1.6424, 5.6167 ], [ -1.6572, 5.6185 ], [ -1.6764, 5.6081 ], [ -1.6785, 5.6347 ], [ -1.6857, 5.6423 ], [ -1.7135, 5.6364 ], [ -1.7195, 5.6302 ], [ -1.7329, 5.6278 ], [ -1.7377, 5.6236 ], [ -1.7506, 5.6269 ], [ -1.8245, 5.5932 ], [ -1.8322, 5.5924 ], [ -1.818, 5.6747 ], [ -1.8082, 5.6809 ], [ -1.7829, 5.6812 ], [ -1.7808, 5.6875 ], [ -1.7691, 5.6857 ], [ -1.7602, 5.6992 ], [ -1.7709, 5.7216 ], [ -1.7351, 5.7728 ], [ -1.7272, 5.7772 ], [ -1.71, 5.8038 ], [ -1.7127, 5.8096 ], [ -1.7102, 5.8157 ], [ -1.6908, 5.8165 ], [ -1.6854, 5.8221 ], [ -1.6805, 5.8223 ], [ -1.6663, 5.8164 ], [ -1.651, 5.818 ], [ -1.6421, 5.8141 ], [ -1.6406, 5.8202 ], [ -1.6528, 5.839 ], [ -1.651, 5.8489 ], [ -1.6435, 5.8523 ], [ -1.6411, 5.8493 ], [ -1.6366, 5.8547 ], [ -1.6148, 5.857 ], [ -1.5971, 5.8454 ], [ -1.5925, 5.8319 ], [ -1.5837, 5.8235 ], [ -1.5843, 5.8065 ], [ -1.5778, 5.8028 ], [ -1.5797, 5.782 ], [ -1.5721, 5.7713 ], [ -1.5737, 5.7584 ], [ -1.5655, 5.7625 ], [ -1.5461, 5.7633 ], [ -1.5276, 5.7764 ], [ -1.5119, 5.7733 ], [ -1.5046, 5.7767 ], [ -1.4819, 5.7714 ], [ -1.4755, 5.7669 ], [ -1.4722, 5.7536 ], [ -1.464, 5.7527 ], [ -1.4401, 5.715 ], [ -1.4268, 5.7166 ], [ -1.4231, 5.6941 ], [ -1.4313, 5.6717 ], [ -1.4271, 5.6651 ], [ -1.4295, 5.6527 ], [ -1.4356, 5.6414 ], [ -1.4338, 5.6277 ], [ -1.4258, 5.6284 ], [ -1.4225, 5.6188 ], [ -1.4381, 5.6043 ], [ -1.4312, 5.5947 ], [ -1.4392, 5.5851 ], [ -1.4446, 5.5845 ], [ -1.4375, 5.5615 ], [ -1.4387, 5.5551 ], [ -1.4347, 5.5487 ], [ -1.4425, 5.5393 ], [ -1.4602, 5.5411 ], [ -1.4676, 5.5335 ], [ -1.4776, 5.532 ], [ -1.4795, 5.5259 ], [ -1.4855, 5.5234 ], [ -1.4864, 5.5144 ], [ -1.507, 5.513 ], [ -1.5106, 5.5086 ], [ -1.521, 5.5123 ], [ -1.5327, 5.5083 ], [ -1.5339, 5.5116 ], [ -1.539, 5.5111 ], [ -1.5479, 5.5165 ], [ -1.5888, 5.5039 ], [ -1.5842, 5.5106 ], [ -1.5881, 5.5158 ], [ -1.607, 5.5196 ], [ -1.6113, 5.5152 ], [ -1.6154, 5.5157 ] ] ] } },
{ "type": "Feature", "properties": { "shapeName": "Krachi East Municipal", "shapeID": "2480657B4921606442052" }, "geometry": { "type": "Polygon", "coordinates": [ [ [ 0.4918, 7.9001 ], [ 0.4971, 7.8974 ], [ 0.4938, 7.8965 ], [ 0.4929, 7.8918 ], [ 0.4965, 7.8904 ], [ 0.5038, 7.8944 ], [ 0.5069, 7.8907 ], [ 0.5049, 7.8857 ], [ 0.5079, 7.8746 ], [ 0.5025, 7.8737 ], [ 0.5008, 7.8687 ], [ 0.4974, 7.8705 ], [ 0.4971, 7.8623 ], [ 0.4908, 7.8632 ], [ 0.4884, 7.8556 ], [ 0.4856, 7.8563 ], [ 0.4846, 7.845 ], [ 0.4771, 7.836 ], [ 0.4841, 7.8305 ], [ 0.4785, 7.8282 ], [ 0.4667, 7.8324 ], [ 0.4659, 7.8274 ], [ 0.4623, 7.8257 ], [ 0.4538, 7.8307 ], [ 0.4503, 7.8376 ], [ 0.4461, 7.8287 ], [ 0.442, 7.8275 ], [ 0.4461, 7.8174 ], [ 0.4434, 7.813 ], [ 0.4502, 7.8085 ], [ 0.448, 7.8006 ], [ 0.452, 7.8 ], [ 0.4533, 7.7931 ], [ 0.4493, 7.7846 ], [ 0.4495, 7.7749 ], [ 0.4426, 7.7617 ], [ 0.4479, 7.7533 ], [ 0.4432, 7.7498 ], [ 0.4467, 7.7446 ], [ 0.4461, 7.7304 ], [ 0.4485, 7.7284 ], [ 0.4422, 7.7106 ], [ 0.4447, 7.6913 ], [ 0.438, 7.6867 ], [ 0.4304, 7.6923 ], [ 0.4218, 7.6884 ], [ 0.4191, 7.6929 ], [ 0.4126, 7.6913 ], [ 0.4021, 7.6948 ], [ 0.3777, 7.6852 ], [ 0.3778, 7.6916 ], [ 0.3705, 7.6847 ], [ 0.3708, 7.6781 ], [ 0.3618, 7.6756 ], [ 0.3523, 7.6674 ], [ 0.3537, 7.6598 ], [ 0.3471, 7.6544 ], [ 0.3503, 7.6498 ], [ 0.3439, 7.6394 ], [ 0.345, 7.6296 ], [ 0.3359, 7.6198 ], [ 0.3318, 7.6194 ], [ 0.3333, 7.6118 ], [ 0.3308, 7.6056 ], [ 0.3287, 7.6065 ], [ 0.3367, 7.5968 ], [ 0.32, 7.5892 ], [ 0.3251, 7.5839 ], [ 0.3207, 7.5786 ], [ 0.3269, 7.5782 ], [ 0.3303, 7.5737 ], [ 0.3222, 7.5666 ], [ 0.3285, 7.5606 ], [ 0.3245, 7.5532 ], [ 0.3271, 7.5466 ], [ 0.3231, 7.5402 ], [ 0.3184, 7.5399 ], [ 0.315, 7.5356 ], [ 0.3142, 7.5391 ], [ 0.3039, 7.5398 ], [ 0.3103, 7.5338 ], [ 0.3081, 7.5329 ], [ 0.3119, 7.5306 ], [ 0.312, 7.5257 ], [ 0.3067, 7.5253 ], [ 0.3053, 7.5208 ], [ 0.3101, 7.5185 ], [ 0.3096, 7.5135 ], [ 0.3051, 7.5111 ], [ 0.3065, 7.5045 ], [ 0.3004, 7.5061 ], [ 0.2997, 7.4984 ], [ 0.3035, 7.4969 ], [ 0.2996, 7.4937 ], [ 0.3029, 7.4877 ], [ 0.2804, 7.483 ], [ 0.2576, 7.4656 ], [ 0.2436, 7.4671 ], [ 0.2286, 7.456 ], [ 0.1826, 7.4322 ], [ 0.1789, 7.4221 ], [ 0.1703, 7.4157 ], [ 0.1451, 7.4135 ], [ 0.1346, 7.4159 ], [ 0.1241, 7.4064 ], [ 0.091, 7.4293 ], [ 0.0832, 7.4484 ], [ 0.0771, 7.4821 ], [ 0.043, 7.539 ], [ 0.0094, 7.5784 ], [ -0.0143, 7.6261 ], [ -0.0168, 7.6483 ], [ -0.0152, 7.684 ], [ 0.0145, 7.6913 ], [ 0.0373, 7.7122 ], [ 0.0444, 7.7402 ], [ 0.0673, 7.7681 ], [ 0.0778, 7.7943 ], [ 0.0766, 7.8329 ], [ 0.0736, 7.8351 ], [ 0.0654, 7.832 ], [ 0.0599, 7.8333 ], [ 0.0678, 7.8563 ], [ 0.0734, 7.9047 ], [ 0.065, 7.942 ], [ 0.0657, 7.9504 ], [ 0.1037, 7.9737 ], [ 0.1164, 7.9944 ], [ 0.1186, 8.0149 ], [ 0.0743, 8.0533 ], [ 0.0763, 8.0643 ], [ 0.0897, 8.0744 ], [ 0.1061, 8.0753 ], [ 0.1404, 8.07 ], [ 0.1729, 8.0883 ], [ 0.1939, 8.0934 ], [ 0.197, 8.1092 ], [ 0.1766, 8.1159 ], [ 0.1573, 8.1339 ], [ 0.1477, 8.1554 ], [ 0.1526, 8.1612 ], [ 0.1519, 8.1673 ], [ 0.1555, 8.1664 ], [ 0.1581, 8.172 ], [ 0.1643, 8.1716 ], [ 0.1785, 8.1857 ], [ 0.1783, 8.1942 ], [ 0.1939, 8.1907 ], [ 0.2031, 8.196 ], [ 0.2131, 8.1948 ], [ 0.2198, 8.2019 ], [ 0.2308, 8.2005 ], [ 0.2458, 8.2066 ], [ 0.2665, 8.1955 ], [ 0.266, 8.2015 ], [ 0.2716, 8.2043 ], [ 0.2728, 8.1994 ], [ 0.2792, 8.1963 ], [ 0.2743, 8.1961 ], [ 0.2777, 8.1912 ], [ 0.2755, 8.1875 ], [ 0.2841, 8.1891 ], [ 0.2922, 8.1831 ], [ 0.2983, 8.1851 ], [ 0.2997, 8.1821 ], [ 0.3081, 8.1807 ], [ 0.312, 8.1703 ], [ 0.3173, 8.1664 ], [ 0.312, 8.1436 ], [ 0.303, 8.1289 ], [ 0.2849, 8.1156 ], [ 0.2765, 8.1175 ], [ 0.272, 8.1125 ], [ 0.2593, 8.1079 ], [ 0.2415, 8.1067 ], [ 0.2527, 8.1003 ], [ 0.2544, 8.095 ], [ 0.2596, 8.0964 ], [ 0.2639, 8.0938 ], [ 0.2572, 8.0917 ], [ 0.2569, 8.087 ], [ 0.2583, 8.0813 ], [ 0.2683, 8.0714 ], [ 0.2828, 8.0647 ], [ 0.3049, 8.0663 ], [ 0.3118, 8.0535 ], [ 0.3112, 8.0417 ], [ 0.3519, 8.0168 ], [ 0.4069, 7.9755 ], [ 0.4046, 7.966 ], [ 0.4127, 7.9697 ], [ 0.4164, 7.9659 ], [ 0.4332, 7.9651 ], [ 0.4367, 7.9631 ], [ 0.4371, 7.9563 ], [ 0.4509, 7.9646 ], [ 0.4582, 7.9607 ], [ 0.4598, 7.9553 ], [ 0.4699, 7.9551 ], [ 0.4732, 7.9513 ], [ 0.4713, 7.9492 ], [ 0.4755, 7.9467 ], [ 0.4682, 7.9334 ], [ 0.4734, 7.9312 ], [ 0.4709, 7.928 ], [ 0.4726, 7.9251 ], [ 0.4782, 7.9236 ], [ 0.4897, 7.9117 ], [ 0.4918, 7.9001 ] ] ] } },
{ "type": "Feature", "properties": { "shapeName": "Awutu Senya", "shapeID": "2480657B19246099956301" }, "geometry": { "type": "Polygon", "coordinates": [ [ [ -0.5103, 5.7362 ], [ -0.5118, 5.7267 ], [ -0.5083, 5.7136 ], [ -0.52, 5.7053 ], [ -0.5185, 5.6864 ], [ -0.5092, 5.6831 ], [ -0.4997, 5.6682 ], [ -0.4937, 5.6543 ], [ -0.4971, 5.6466 ], [ -0.4946, 5.6447 ], [ -0.4826, 5.6477 ], [ -0.4577, 5.6367 ], [ -0.4313, 5.6214 ], [ -0.4254, 5.6117 ], [ -0.426, 5.6043 ], [ -0.4442, 5.6044 ], [ -0.4504, 5.6085 ], [ -0.4557, 5.603 ], [ -0.4613, 5.6054 ], [ -0.4748, 5.5989 ], [ -0.4796, 5.6053 ], [ -0.5014, 5.5915 ], [ -0.4992, 5.5861 ], [ -0.4916, 5.5853 ], [ -0.4813, 5.5758 ], [ -0.4719, 5.5734 ], [ -0.4772, 5.559 ], [ -0.4863, 5.5571 ], [ -0.4881, 5.5443 ], [ -0.492, 5.5503 ], [ -0.4946, 5.5487 ], [ -0.4975, 5.5535 ], [ -0.5016, 5.5537 ], [ -0.51, 5.5436 ], [ -0.4949, 5.5241 ], [ -0.5051, 5.5123 ], [ -0.5033, 5.4999 ], [ -0.5229, 5.5119 ], [ -0.5421, 5.5155 ], [ -0.546, 5.5208 ], [ -0.5482, 5.5306 ], [ -0.558, 5.5441 ], [ -0.5674, 5.5835 ], [ -0.5675, 5.5879 ], [ -0.5576, 5.6015 ], [ -0.5575, 5.6073 ], [ -0.5619, 5.6145 ], [ -0.5694, 5.6158 ], [ -0.5795, 5.63 ], [ -0.573, 5.6487 ], [ -0.5811, 5.6544 ], [ -0.5881, 5.6492 ], [ -0.5964, 5.6484 ], [ -0.6051, 5.6553 ], [ -0.609, 5.6609 ], [ -0.5908, 5.6732 ], [ -0.5891, 5.6808 ], [ -0.6068, 5.7002 ], [ -0.6143, 5.7015 ], [ -0.62, 5.7105 ], [ -0.6186, 5.7149 ], [ -0.624, 5.7145 ], [ -0.6195, 5.7177 ], [ -0.623, 5.7229 ], [ -0.6101, 5.7236 ], [ -0.581, 5.7369 ], [ -0.5715, 5.7351 ], [ -0.5682, 5.7403 ], [ -0.5597, 5.736 ], [ -0.5502, 5.7389 ], [ -0.5247, 5.7339 ], [ -0.52, 5.7343 ], [ -0.5183, 5.7377 ], [ -0.5103, 5.7362 ] ] ] } },
{ "type": "Feature", "properties": { "shapeName": "Nkwanta South Municipal", "shapeID": "2480657B13680530894334" }, "geometry": { "type": "Polygon", "coordinates": [ [ [ 0.6261, 7.9014 ], [ 0.5937, 7.8997 ], [ 0.5892, 7.9049 ], [ 0.5864, 7.9019 ], [ 0.5769, 7.9062 ], [ 0.5728, 7.912 ], [ 0.5695, 7.9106 ], [ 0.5629, 7.9204 ], [ 0.5336, 7.9085 ], [ 0.5167, 7.9158 ], [ 0.5088, 7.9153 ], [ 0.5026, 7.9106 ], [ 0.5032, 7.9047 ], [ 0.4918, 7.9001 ], [ 0.4897, 7.9117 ], [ 0.4782, 7.9236 ], [ 0.4726, 7.9251 ], [ 0.4709, 7.928 ], [ 0.4734, 7.9312 ], [ 0.4682, 7.9334 ], [ 0.4755, 7.9467 ], [ 0.4713, 7.9492 ], [ 0.4732, 7.9513 ], [ 0.4699, 7.9551 ], [ 0.4598, 7.9553 ], [ 0.4582, 7.9607 ], [ 0.4509, 7.9646 ], [ 0.4371, 7.9563 ], [ 0.4367, 7.9631 ], [ 0.4332, 7.9651 ], [ 0.4164, 7.9659 ], [ 0.4127, 7.9697 ], [ 0.4046, 7.966 ], [ 0.4069, 7.9755 ], [ 0.3519, 8.0168 ], [ 0.3112, 8.0417 ], [ 0.3118, 8.0535 ], [ 0.3049, 8.0663 ], [ 0.2828, 8.0647 ], [ 0.2683, 8.0714 ], [ 0.2583, 8.0813 ], [ 0.2569, 8.087 ], [ 0.2572, 8.0917 ], [ 0.2639, 8.0938 ], [ 0.2596, 8.0964 ], [ 0.2544, 8.095 ], [ 0.2527, 8.1003 ], [ 0.2415, 8.1067 ], [ 0.2593, 8.1079 ], [ 0.272, 8.1125 ], [ 0.2765, 8.1175 ], [ 0.2849, 8.1156 ], [ 0.303, 8.1289 ], [ 0.312, 8.1436 ], [ 0.3173, 8.1664 ], [ 0.312, 8.1703 ], [ 0.3081, 8.1807 ], [ 0.2997, 8.1821 ], [ 0.2983, 8.1851 ], [ 0.2922, 8.1831 ], [ 0.2841, 8.1891 ], [ 0.2755, 8.1875 ], [ 0.2777, 8.1912 ], [ 0.2743, 8.1961 ], [ 0.2792, 8.1963 ], [ 0.2728, 8.1994 ], [ 0.2716, 8.2043 ], [ 0.266, 8.2015 ], [ 0.2665, 8.1955 ], [ 0.2458, 8.2066 ], [ 0.2308, 8.2005 ], [ 0.2198, 8.2019 ], [ 0.2131, 8.1948 ], [ 0.2031, 8.196 ], [ 0.1939, 8.1907 ], [ 0.1446, 8.1977 ], [ 0.133, 8.2073 ], [ 0.1232, 8.2324 ], [ 0.1449, 8.2409 ], [ 0.1629, 8.2415 ], [ 0.1892, 8.2493 ], [ 0.1939, 8.2533 ], [ 0.198, 8.2915 ], [ 0.1966, 8.3017 ], [ 0.1852, 8.3227 ], [ 0.1903, 8.3334 ], [ 0.2035, 8.3413 ], [ 0.2275, 8.3422 ], [ 0.2407, 8.3338 ], [ 0.2739, 8.3327 ], [ 0.2822, 8.3283 ], [ 0.2884, 8.334 ], [ 0.2852, 8.3417 ], [ 0.2911, 8.3456 ], [ 0.2911, 8.3492 ], [ 0.2828, 8.3509 ], [ 0.2774, 8.3588 ], [ 0.2779, 8.3633 ], [ 0.2846, 8.3611 ], [ 0.2906, 8.3656 ], [ 0.2845, 8.373 ], [ 0.2907, 8.3897 ], [ 0.2774, 8.3938 ], [ 0.2844, 8.4037 ], [ 0.2827, 8.4086 ], [ 0.2862, 8.4156 ], [ 0.2951, 8.4138 ], [ 0.3007, 8.4179 ], [ 0.281, 8.43 ], [ 0.2872, 8.4327 ], [ 0.2834, 8.4378 ], [ 0.2896, 8.4401 ], [ 0.2885, 8.4501 ], [ 0.2975, 8.4487 ], [ 0.2945, 8.4576 ], [ 0.3062, 8.4609 ], [ 0.3019, 8.4645 ], [ 0.307, 8.4693 ], [ 0.3001, 8.4746 ], [ 0.3015, 8.4806 ], [ 0.3139, 8.4813 ], [ 0.3166, 8.49 ], [ 0.3248, 8.4895 ], [ 0.3188, 8.4946 ], [ 0.3205, 8.4994 ], [ 0.3159, 8.5066 ], [ 0.3307, 8.5081 ], [ 0.334, 8.5128 ], [ 0.3412, 8.5142 ], [ 0.3428, 8.5202 ], [ 0.3629, 8.5259 ], [ 0.358, 8.5351 ], [ 0.3665, 8.5361 ], [ 0.3707, 8.5507 ], [ 0.386, 8.5521 ], [ 0.4022, 8.5606 ], [ 0.4223, 8.5829 ], [ 0.4477, 8.5871 ], [ 0.4576, 8.5988 ], [ 0.4717, 8.5997 ], [ 0.4801, 8.5938 ], [ 0.482, 8.5986 ], [ 0.4918, 8.5975 ], [ 0.5007, 8.5814 ], [ 0.4996, 8.5742 ], [ 0.508, 8.5731 ], [ 0.514, 8.5652 ], [ 0.5243, 8.5662 ], [ 0.5296, 8.57 ], [ 0.5424, 8.556 ], [ 0.5601, 8.5499 ], [ 0.5711, 8.5329 ], [ 0.5717, 8.526 ], [ 0.5843, 8.5286 ], [ 0.591, 8.5167 ], [ 0.6018, 8.5181 ], [ 0.6118, 8.5127 ], [ 0.6212, 8.5121 ], [ 0.6296, 8.5078 ], [ 0.6261, 8.5027 ], [ 0.6299, 8.4965 ], [ 0.6397, 8.4978 ], [ 0.6453, 8.4938 ], [ 0.6474, 8.4895 ], [ 0.645, 8.4753 ], [ 0.6558, 8.4554 ], [ 0.6515, 8.4483 ], [ 0.6541, 8.4287 ], [ 0.6518, 8.422 ], [ 0.6714, 8.4168 ], [ 0.6791, 8.4098 ], [ 0.686, 8.4112 ], [ 0.6883, 8.4054 ], [ 0.6961, 8.4043 ], [ 0.6933, 8.3949 ], [ 0.7055, 8.3945 ], [ 0.6989, 8.3888 ], [ 0.7095, 8.385 ], [ 0.7112, 8.3794 ], [ 0.7084, 8.3775 ], [ 0.7121, 8.3767 ], [ 0.7082, 8.3722 ], [ 0.7116, 8.3665 ], [ 0.7101, 8.3519 ], [ 0.7201, 8.3494 ], [ 0.7176, 8.3433 ], [ 0.7227, 8.3448 ], [ 0.7294, 8.3411 ], [ 0.7269, 8.3368 ], [ 0.7305, 8.3242 ], [ 0.7277, 8.3225 ], [ 0.731, 8.3154 ], [ 0.7313, 8.2943 ], [ 0.7264, 8.2815 ], [ 0.6829, 8.2796 ], [ 0.6819, 8.2662 ], [ 0.6735, 8.259 ], [ 0.6389, 8.2606 ], [ 0.6366, 8.2549 ], [ 0.6383, 8.2451 ], [ 0.6246, 8.2358 ], [ 0.6254, 8.2249 ], [ 0.6189, 8.2196 ], [ 0.6191, 8.2151 ], [ 0.6106, 8.2162 ], [ 0.59, 8.2077 ], [ 0.5898, 8.195 ], [ 0.6032, 8.1814 ], [ 0.6133, 8.1842 ], [ 0.6139, 8.1801 ], [ 0.607, 8.1723 ], [ 0.6113, 8.1541 ], [ 0.6069, 8.1388 ], [ 0.5921, 8.139 ], [ 0.5943, 8.1274 ], [ 0.5919, 8.1032 ], [ 0.5872, 8.1032 ], [ 0.585, 8.0933 ], [ 0.5927, 8.0606 ], [ 0.5973, 8.0627 ], [ 0.5988, 8.0583 ], [ 0.596, 8.0487 ], [ 0.5979, 8.0447 ], [ 0.5941, 8.0399 ], [ 0.5986, 8.027 ], [ 0.6096, 8.0271 ], [ 0.6133, 8.0194 ], [ 0.6221, 8.0145 ], [ 0.6225, 8.0078 ], [ 0.6126, 8.0057 ], [ 0.6173, 7.9862 ], [ 0.6149, 7.9811 ], [ 0.6171, 7.9653 ], [ 0.6209, 7.9659 ], [ 0.6237, 7.9625 ], [ 0.6213, 7.9525 ], [ 0.6243, 7.945 ], [ 0.6212, 7.9367 ], [ 0.6272, 7.9319 ], [ 0.6266, 7.9253 ], [ 0.6313, 7.9193 ], [ 0.627, 7.9172 ], [ 0.6323, 7.9146 ], [ 0.6261, 7.9014 ] ] ] } },
{ "type": "Feature", "properties": { "shapeName": "Awutu Senya East", "shapeID": "2480657B20036139360918" }, "geometry": { "type": "MultiPolygon", "coordinates": [ [ [ [ -0.4772, 5.559 ], [ -0.4719, 5.5734 ], [ -0.4813, 5.5758 ], [ -0.4916, 5.5853 ], [ -0.4992, 5.5861 ], [ -0.5014, 5.5915 ], [ -0.4796, 5.6053 ], [ -0.4748, 5.5989 ], [ -0.4613, 5.6054 ], [ -0.4557, 5.603 ], [ -0.4504, 5.6085 ], [ -0.4442, 5.6044 ], [ -0.426, 5.6043 ], [ -0.4167, 5.5888 ], [ -0.4091, 5.5829 ], [ -0.4061, 5.5718 ], [ -0.3999, 5.5657 ], [ -0.4108, 5.5553 ], [ -0.416, 5.5376 ], [ -0.4143, 5.5307 ], [ -0.4206, 5.5297 ], [ -0.4296, 5.5334 ], [ -0.4538, 5.5274 ], [ -0.4568, 5.5358 ], [ -0.4547, 5.547 ], [ -0.4692, 5.5586 ], [ -0.4772, 5.559 ] ] ], [ [ [ -0.4738, 5.4066 ], [ -0.4822, 5.4012 ], [ -0.4898, 5.3885 ], [ -0.4887, 5.3853 ], [ -0.499, 5.3778 ], [ -0.5532, 5.3652 ], [ -0.5573, 5.367 ], [ -0.557, 5.3756 ], [ -0.5489, 5.3931 ], [ -0.5578, 5.403 ], [ -0.5588, 5.4177 ], [ -0.5484, 5.4161 ], [ -0.5441, 5.4176 ], [ -0.5438, 5.4214 ], [ -0.538, 5.4186 ], [ -0.5327, 5.4207 ], [ -0.5155, 5.4427 ], [ -0.5014, 5.4351 ], [ -0.4832, 5.4335 ], [ -0.4738, 5.4066 ] ] ] ] } },
{ "type": "Feature", "properties": { "shapeName": "Afigya Kwabre South", "shapeID": "2480657B27047738560833" }, "geometry": { "type": "Polygon", "coordinates": [ [ [ -1.6435, 6.9137 ], [ -1.6395, 6.9122 ], [ -1.6358, 6.9162 ], [ -1.6252, 6.9171 ], [ -1.6177, 6.924 ], [ -1.6089, 6.9259 ], [ -1.6011, 6.9218 ], [ -1.5748, 6.928 ], [ -1.5702, 6.9277 ], [ -1.5669, 6.9212 ], [ -1.5598, 6.9177 ], [ -1.5511, 6.9173 ], [ -1.547, 6.9112 ], [ -1.5538, 6.903 ], [ -1.551, 6.9011 ], [ -1.5524, 6.8873 ], [ -1.5468, 6.8764 ], [ -1.5458, 6.8614 ], [ -1.5433, 6.8571 ], [ -1.535, 6.8554 ], [ -1.524, 6.8461 ], [ -1.5471, 6.8138 ], [ -1.5738, 6.8033 ], [ -1.5861, 6.7935 ], [ -1.5979, 6.7895 ], [ -1.6146, 6.7753 ], [ -1.6049, 6.7636 ], [ -1.6059, 6.7585 ], [ -1.6012, 6.7538 ], [ -1.608, 6.7505 ], [ -1.6105, 6.7552 ], [ -1.6206, 6.752 ], [ -1.618, 6.7577 ], [ -1.629, 6.7663 ], [ -1.6382, 6.7641 ], [ -1.6408, 6.7592 ], [ -1.6516, 6.754 ], [ -1.6583, 6.7575 ], [ -1.6621, 6.7557 ], [ -1.6664, 6.7625 ], [ -1.6765, 6.7669 ], [ -1.6731, 6.7748 ], [ -1.6753, 6.7845 ], [ -1.6637, 6.7768 ], [ -1.6623, 6.7802 ], [ -1.6685, 6.7857 ], [ -1.6698, 6.81 ], [ -1.6884, 6.8121 ], [ -1.6786, 6.8191 ], [ -1.6806, 6.8263 ], [ -1.6747, 6.8313 ], [ -1.6888, 6.8393 ], [ -1.6935, 6.8478 ], [ -1.6942, 6.855 ], [ -1.685, 6.8555 ], [ -1.6875, 6.8581 ], [ -1.6952, 6.8565 ], [ -1.7008, 6.861 ], [ -1.6952, 6.8583 ], [ -1.6936, 6.8632 ], [ -1.6897, 6.8606 ], [ -1.6868, 6.8651 ], [ -1.6883, 6.8679 ], [ -1.6819, 6.8665 ], [ -1.6803, 6.8739 ], [ -1.6753, 6.8727 ], [ -1.672, 6.8749 ], [ -1.6736, 6.8784 ], [ -1.6697, 6.8781 ], [ -1.6671, 6.8817 ], [ -1.669, 6.8853 ], [ -1.6657, 6.8817 ], [ -1.6614, 6.8829 ], [ -1.662, 6.8889 ], [ -1.6563, 6.8902 ], [ -1.6468, 6.8995 ], [ -1.6482, 6.9105 ], [ -1.6435, 6.9137 ] ] ] } },
{ "type": "Feature", "properties": { "shapeName": "La-nkwantanang-madina", "shapeID": "2480657B60779202001283" }, "geometry": { "type": "Polygon", "coordinates": [ [ [ -0.1226, 5.8118 ], [ -0.171, 5.7079 ], [ -0.1713, 5.6863 ], [ -0.1516, 5.6859 ], [ -0.1517, 5.6597 ], [ -0.1786, 5.6596 ], [ -0.1774, 5.6671 ], [ -0.1879, 5.6671 ], [ -0.1945, 5.6868 ], [ -0.1886, 5.6867 ], [ -0.1885, 5.6966 ], [ -0.1911, 5.6954 ], [ -0.2, 5.7165 ], [ -0.1979, 5.7326 ], [ -0.1918, 5.738 ], [ -0.1932, 5.7508 ], [ -0.1832, 5.7587 ], [ -0.1814, 5.7796 ], [ -0.1772, 5.7829 ], [ -0.1782, 5.7887 ], [ -0.1858, 5.7913 ], [ -0.1723, 5.805 ], [ -0.1723, 5.814 ], [ -0.1659, 5.812 ], [ -0.155, 5.8147 ], [ -0.1505, 5.8099 ], [ -0.1435, 5.8128 ], [ -0.1397, 5.8102 ], [ -0.1325, 5.8166 ], [ -0.1309, 5.823 ], [ -0.1249, 5.8197 ], [ -0.1226, 5.8118 ] ] ] } },
{ "type": "Feature", "properties": { "shapeName": "Atwima Kwanwoma", "shapeID": "2480657B14749544754301" }, "geometry": { "type": "Polygon", "coordinates": [ [ [ -1.5986, 6.6137 ], [ -1.5949, 6.6033 ], [ -1.5981, 6.5982 ], [ -1.5913, 6.5922 ], [ -1.6046, 6.5943 ], [ -1.6124, 6.5883 ], [ -1.6128, 6.5816 ], [ -1.6033, 6.5633 ], [ -1.6015, 6.5529 ], [ -1.598, 6.5507 ], [ -1.6007, 6.5461 ], [ -1.5961, 6.5424 ], [ -1.5961, 6.5282 ], [ -1.617, 6.5301 ], [ -1.623, 6.5356 ], [ -1.631, 6.5307 ], [ -1.6433, 6.535 ], [ -1.673, 6.5712 ], [ -1.6776, 6.5568 ], [ -1.683, 6.5521 ], [ -1.689, 6.557 ], [ -1.7067, 6.5583 ], [ -1.7093, 6.5621 ], [ -1.714, 6.5582 ], [ -1.7145, 6.5493 ], [ -1.7221, 6.5421 ], [ -1.7274, 6.5402 ], [ -1.7399, 6.5425 ], [ -1.745, 6.5344 ], [ -1.7439, 6.5272 ], [ -1.7502, 6.526 ], [ -1.764, 6.5336 ], [ -1.7699, 6.5322 ], [ -1.7762, 6.5288 ], [ -1.7801, 6.514 ], [ -1.7866, 6.5118 ], [ -1.7936, 6.5137 ], [ -1.7922, 6.5212 ], [ -1.8035, 6.5345 ], [ -1.799, 6.5438 ], [ -1.7901, 6.5524 ], [ -1.7956, 6.5594 ], [ -1.7927, 6.5682 ], [ -1.7969, 6.5741 ], [ -1.8056, 6.5775 ], [ -1.8082, 6.5849 ], [ -1.8137, 6.5889 ], [ -1.8151, 6.5953 ], [ -1.8125, 6.5976 ], [ -1.8148, 6.6062 ], [ -1.8189, 6.6093 ], [ -1.816, 6.6139 ], [ -1.8097, 6.6144 ], [ -1.7926, 6.6254 ], [ -1.7891, 6.6386 ], [ -1.7848, 6.6384 ], [ -1.7798, 6.6296 ], [ -1.7737, 6.6381 ], [ -1.7687, 6.6356 ], [ -1.765, 6.6385 ], [ -1.7495, 6.6359 ], [ -1.7262, 6.6583 ], [ -1.7252, 6.6631 ], [ -1.7194, 6.6612 ], [ -1.708, 6.6677 ], [ -1.698, 6.667 ], [ -1.692, 6.6535 ], [ -1.6695, 6.6683 ], [ -1.6635, 6.6577 ], [ -1.6552, 6.651 ], [ -1.653, 6.6367 ], [ -1.6443, 6.6332 ], [ -1.6357, 6.6186 ], [ -1.6228, 6.6171 ], [ -1.6109, 6.6113 ], [ -1.5986, 6.6137 ] ] ] } },
{ "type": "Feature", "properties": { "shapeName": "Sekyere South", "shapeID": "2480657B66267254954762" }, "geometry": { "type": "Polygon", "coordinates": [ [ [ -1.5127, 6.8399 ], [ -1.535, 6.8554 ], [ -1.5433, 6.8571 ], [ -1.5458, 6.8614 ], [ -1.5468, 6.8764 ], [ -1.5524, 6.8873 ], [ -1.551, 6.9011 ], [ -1.5538, 6.903 ], [ -1.547, 6.9112 ], [ -1.5511, 6.9173 ], [ -1.5669, 6.9212 ], [ -1.5702, 6.9277 ], [ -1.5768, 6.9263 ], [ -1.5805, 6.929 ], [ -1.5821, 6.9388 ], [ -1.5917, 6.9356 ], [ -1.6047, 6.9361 ], [ -1.5956, 6.9479 ], [ -1.5887, 6.9506 ], [ -1.5827, 6.961 ], [ -1.5647, 6.9619 ], [ -1.5592, 6.9671 ], [ -1.5603, 6.9749 ], [ -1.5563, 6.9821 ], [ -1.5598, 6.989 ], [ -1.5575, 6.997 ], [ -1.5635, 6.9986 ], [ -1.5713, 7.0075 ], [ -1.5803, 7.0046 ], [ -1.5859, 7.0212 ], [ -1.6002, 7.0263 ], [ -1.593, 7.0469 ], [ -1.5951, 7.0548 ], [ -1.5916, 7.0604 ], [ -1.5955, 7.0707 ], [ -1.5926, 7.077 ], [ -1.61, 7.1021 ], [ -1.606, 7.1117 ], [ -1.6149, 7.1273 ], [ -1.6224, 7.131 ], [ -1.6132, 7.1378 ], [ -1.6106, 7.1497 ], [ -1.5978, 7.1514 ], [ -1.5883, 7.1456 ], [ -1.5927, 7.1351 ], [ -1.5875, 7.1299 ], [ -1.5352, 7.1313 ], [ -1.5338, 7.1365 ], [ -1.5269, 7.1323 ], [ -1.529, 7.1236 ], [ -1.5202, 7.1243 ], [ -1.5191, 7.1163 ], [ -1.506, 7.1144 ], [ -1.4959, 7.1083 ], [ -1.4851, 7.0888 ], [ -1.4928, 7.081 ], [ -1.5024, 7.0542 ], [ -1.4871, 7.0509 ], [ -1.4857, 7.0464 ], [ -1.4788, 7.0483 ], [ -1.4773, 7.0343 ], [ -1.4713, 7.0215 ], [ -1.4493, 7.024 ], [ -1.4455, 7.0167 ], [ -1.444, 6.9981 ], [ -1.4492, 6.9949 ], [ -1.4487, 6.9901 ], [ -1.456, 6.9901 ], [ -1.4604, 6.9644 ], [ -1.4432, 6.9587 ], [ -1.4291, 6.9514 ], [ -1.4303, 6.9478 ], [ -1.4252, 6.9442 ], [ -1.4142, 6.9411 ], [ -1.4041, 6.919 ], [ -1.4156, 6.9102 ], [ -1.4131, 6.8988 ], [ -1.4218, 6.8975 ], [ -1.4261, 6.891 ], [ -1.4275, 6.8793 ], [ -1.4401, 6.8722 ], [ -1.4626, 6.8709 ], [ -1.4629, 6.8547 ], [ -1.4661, 6.8476 ], [ -1.4747, 6.8503 ], [ -1.4887, 6.8427 ], [ -1.5066, 6.8392 ], [ -1.5127, 6.8399 ] ] ] } },
{ "type": "Feature", "properties": { "shapeName": "Ga East", "shapeID": "2480657B24635332146555" }, "geometry": { "type": "Polygon", "coordinates": [ [ [ -0.1858, 5.7913 ], [ -0.1782, 5.7887 ], [ -0.1772, 5.7829 ], [ -0.1814, 5.7796 ], [ -0.1832, 5.7587 ], [ -0.1932, 5.7508 ], [ -0.1918, 5.738 ], [ -0.1979, 5.7326 ], [ -0.2, 5.7165 ], [ -0.1911, 5.6954 ], [ -0.1885, 5.6966 ], [ -0.1886, 5.6867 ], [ -0.1945, 5.6868 ], [ -0.1879, 5.6671 ], [ -0.1933, 5.6672 ], [ -0.2028, 5.6598 ], [ -0.2055, 5.6617 ], [ -0.2052, 5.6458 ], [ -0.2094, 5.6432 ], [ -0.2133, 5.6463 ], [ -0.2204, 5.6413 ], [ -0.2282, 5.6322 ], [ -0.2297, 5.6202 ], [ -0.2478, 5.6458 ], [ -0.2715, 5.6656 ], [ -0.2598, 5.6724 ], [ -0.2618, 5.6843 ], [ -0.2577, 5.7 ], [ -0.2584, 5.7102 ], [ -0.2487, 5.6952 ], [ -0.2415, 5.7332 ], [ -0.2298, 5.7532 ], [ -0.2266, 5.7519 ], [ -0.2251, 5.7401 ], [ -0.2205, 5.7484 ], [ -0.2073, 5.7546 ], [ -0.2019, 5.7631 ], [ -0.2049, 5.7686 ], [ -0.2025, 5.7819 ], [ -0.1942, 5.7841 ], [ -0.1858, 5.7913 ] ] ] } },
{ "type": "Feature", "properties": { "shapeName": "Ayawaso West", "shapeID": "2480657B22724340600972" }, "geometry": { "type": "Polygon", "coordinates": [ [ [ -0.1553, 5.6597 ], [ -0.1517, 5.6451 ], [ -0.1437, 5.6414 ], [ -0.1404, 5.6355 ], [ -0.1333, 5.6062 ], [ -0.1573, 5.6181 ], [ -0.1595, 5.6241 ], [ -0.1575, 5.6291 ], [ -0.1764, 5.623 ], [ -0.1795, 5.5973 ], [ -0.2015, 5.6126 ], [ -0.2102, 5.6097 ], [ -0.2141, 5.6115 ], [ -0.2137, 5.6061 ], [ -0.2179, 5.6081 ], [ -0.2171, 5.6055 ], [ -0.2213, 5.6095 ], [ -0.2233, 5.6149 ], [ -0.1993, 5.6194 ], [ -0.1886, 5.6253 ], [ -0.1958, 5.6457 ], [ -0.1977, 5.6637 ], [ -0.1933, 5.6672 ], [ -0.1774, 5.6671 ], [ -0.1786, 5.6596 ], [ -0.1553, 5.6597 ] ] ] } },
{ "type": "Feature", "properties": { "shapeName": "Sekyere East", "shapeID": "2480657B61321065662810" }, "geometry": { "type": "Polygon", "coordinates": [ [ [ -1.4401, 6.8722 ], [ -1.4275, 6.8793 ], [ -1.4261, 6.891 ], [ -1.4218, 6.8975 ], [ -1.4131, 6.8988 ], [ -1.4028, 6.8871 ], [ -1.3905, 6.8873 ], [ -1.3874, 6.879 ], [ -1.3906, 6.8731 ], [ -1.3875, 6.8705 ], [ -1.3588, 6.8705 ], [ -1.3464, 6.86 ], [ -1.3383, 6.8665 ], [ -1.3334, 6.8648 ], [ -1.3237, 6.8552 ], [ -1.3137, 6.8525 ], [ -1.3056, 6.8409 ], [ -1.3, 6.8397 ], [ -1.2842, 6.8239 ], [ -1.2763, 6.823 ], [ -1.271, 6.8312 ], [ -1.2603, 6.8238 ], [ -1.2587, 6.8203 ], [ -1.2618, 6.8132 ], [ -1.2575, 6.8108 ], [ -1.2551, 6.8012 ], [ -1.258, 6.7887 ], [ -1.2537, 6.779 ], [ -1.2527, 6.7594 ], [ -1.246, 6.7575 ], [ -1.2374, 6.7462 ], [ -1.2367, 6.7398 ], [ -1.2399, 6.7354 ], [ -1.238, 6.723 ], [ -1.2418, 6.7122 ], [ -1.2476, 6.7076 ], [ -1.245, 6.6887 ], [ -1.2595, 6.6796 ], [ -1.2614, 6.6643 ], [ -1.2676, 6.6609 ], [ -1.3, 6.6944 ], [ -1.3145, 6.6989 ], [ -1.3203, 6.7134 ], [ -1.3335, 6.7178 ], [ -1.3431, 6.7257 ], [ -1.3533, 6.7272 ], [ -1.3554, 6.7343 ], [ -1.3524, 6.7553 ], [ -1.3374, 6.7535 ], [ -1.3369, 6.7569 ], [ -1.342, 6.7782 ], [ -1.3511, 6.7919 ], [ -1.3495, 6.7941 ], [ -1.3673, 6.8093 ], [ -1.373, 6.827 ], [ -1.3865, 6.826 ], [ -1.4009, 6.8451 ], [ -1.4287, 6.8316 ], [ -1.4312, 6.8394 ], [ -1.4491, 6.8458 ], [ -1.4475, 6.8568 ], [ -1.4401, 6.8722 ] ] ] } },
{ "type": "Feature", "properties": { "shapeName": "Ga South Municipal", "shapeID": "2480657B41485746076017" }, "geometry": { "type": "Polygon", "coordinates": [ [ [ -0.426, 5.6043 ], [ -0.428, 5.6184 ], [ -0.4465, 5.6309 ], [ -0.4511, 5.6308 ], [ -0.4577, 5.6367 ], [ -0.4826, 5.6477 ], [ -0.4946, 5.6447 ], [ -0.4971, 5.6466 ], [ -0.4937, 5.6543 ], [ -0.4997, 5.6682 ], [ -0.5092, 5.6831 ], [ -0.5185, 5.6864 ], [ -0.52, 5.7053 ], [ -0.5083, 5.7136 ], [ -0.5113, 5.7342 ], [ -0.4954, 5.7473 ], [ -0.483, 5.7496 ], [ -0.4805, 5.7454 ], [ -0.4675, 5.7423 ], [ -0.4334, 5.7398 ], [ -0.4279, 5.7275 ], [ -0.4056, 5.7061 ], [ -0.4009, 5.6869 ], [ -0.3949, 5.6883 ], [ -0.3895, 5.6847 ], [ -0.3907, 5.6826 ], [ -0.3858, 5.6855 ], [ -0.3741, 5.684 ], [ -0.3689, 5.6814 ], [ -0.3678, 5.6695 ], [ -0.3628, 5.6665 ], [ -0.3566, 5.6708 ], [ -0.3543, 5.6658 ], [ -0.3481, 5.6628 ], [ -0.3543, 5.647 ], [ -0.3529, 5.6442 ], [ -0.3607, 5.6343 ], [ -0.3542, 5.6199 ], [ -0.3583, 5.6167 ], [ -0.3571, 5.6085 ], [ -0.3667, 5.6049 ], [ -0.3897, 5.607 ], [ -0.3975, 5.6127 ], [ -0.426, 5.6043 ] ] ] } },
{ "type": "Feature", "properties": { "shapeName": "Ga West Municipal", "shapeID": "2480657B90617621807510" }, "geometry": { "type": "Polygon", "coordinates": [ [ [ -0.357, 5.6091 ], [ -0.3583, 5.6167 ], [ -0.3542, 5.6199 ], [ -0.3607, 5.6343 ], [ -0.3529, 5.6442 ], [ -0.3531, 5.6514 ], [ -0.3483, 5.6582 ], [ -0.3498, 5.6651 ], [ -0.3543, 5.6658 ], [ -0.3566, 5.6708 ], [ -0.3628, 5.6665 ], [ -0.3678, 5.6695 ], [ -0.3689, 5.6814 ], [ -0.3741, 5.684 ], [ -0.3858, 5.6855 ], [ -0.3907, 5.6826 ], [ -0.3895, 5.6847 ], [ -0.3949, 5.6883 ], [ -0.4009, 5.6869 ], [ -0.4056, 5.7061 ], [ -0.4279, 5.7275 ], [ -0.4334, 5.7398 ], [ -0.4675, 5.7423 ], [ -0.4805, 5.7454 ], [ -0.483, 5.7496 ], [ -0.4926, 5.7484 ], [ -0.4905, 5.7542 ], [ -0.4596, 5.7681 ], [ -0.4588, 5.7719 ], [ -0.4485, 5.778 ], [ -0.4439, 5.7774 ], [ -0.4479, 5.7899 ], [ -0.4374, 5.8009 ], [ -0.4283, 5.7928 ], [ -0.4243, 5.7935 ], [ -0.4224, 5.7894 ], [ -0.4157, 5.7876 ], [ -0.4141, 5.7733 ], [ -0.3921, 5.7582 ], [ -0.3848, 5.7764 ], [ -0.379, 5.7746 ], [ -0.3787, 5.7704 ], [ -0.3669, 5.7624 ], [ -0.3523, 5.7663 ], [ -0.3466, 5.7741 ], [ -0.3405, 5.7688 ], [ -0.3277, 5.7345 ], [ -0.3166, 5.712 ], [ -0.306, 5.701 ], [ -0.2928, 5.6695 ], [ -0.2719, 5.6487 ], [ -0.2641, 5.6454 ], [ -0.2521, 5.6192 ], [ -0.2479, 5.616 ], [ -0.2639, 5.6091 ], [ -0.2647, 5.6335 ], [ -0.2689, 5.6347 ], [ -0.2689, 5.6391 ], [ -0.2785, 5.64 ], [ -0.2834, 5.6334 ], [ -0.289, 5.6338 ], [ -0.298, 5.6393 ], [ -0.3072, 5.6512 ], [ -0.3195, 5.6557 ], [ -0.3232, 5.6427 ], [ -0.3323, 5.6353 ], [ -0.343, 5.6319 ], [ -0.3501, 5.6146 ], [ -0.357, 5.6091 ] ] ] } },
{ "type": "Feature", "properties": { "shapeName": "Sekyere Central", "shapeID": "2480657B47319682331963" }, "geometry": { "type": "Polygon", "coordinates": [ [ [ -1.1906, 7.0088 ], [ -1.2202, 7.0038 ], [ -1.2194, 7.0005 ], [ -1.2355, 6.9807 ], [ -1.2402, 6.9801 ], [ -1.2547, 6.9664 ], [ -1.2642, 6.975 ], [ -1.299, 6.9853 ], [ -1.3026, 6.9799 ], [ -1.3339, 6.9731 ], [ -1.3508, 6.9766 ], [ -1.3624, 6.9554 ], [ -1.3782, 6.9553 ], [ -1.3895, 6.9439 ], [ -1.3951, 6.9509 ], [ -1.4049, 6.9514 ], [ -1.4104, 6.9559 ], [ -1.4156, 6.9697 ], [ -1.4217, 6.9697 ], [ -1.4263, 6.9933 ], [ -1.4201, 6.9999 ], [ -1.4109, 6.9886 ], [ -1.4027, 6.9957 ], [ -1.4077, 7.0066 ], [ -1.3977, 7.0231 ], [ -1.4015, 7.0325 ], [ -1.3919, 7.0451 ], [ -1.3759, 7.0573 ], [ -1.3864, 7.0696 ], [ -1.3844, 7.0959 ], [ -1.3655, 7.1052 ], [ -1.3519, 7.1077 ], [ -1.3422, 7.1148 ], [ -1.3406, 7.1238 ], [ -1.3266, 7.1287 ], [ -1.3103, 7.1454 ], [ -1.2931, 7.1528 ], [ -1.2844, 7.1743 ], [ -1.2791, 7.1754 ], [ -1.2766, 7.1807 ], [ -1.2705, 7.181 ], [ -1.2668, 7.1889 ], [ -1.2676, 7.1952 ], [ -1.2551, 7.2042 ], [ -1.2571, 7.2101 ], [ -1.2501, 7.2219 ], [ -1.2631, 7.2286 ], [ -1.2781, 7.2232 ], [ -1.2835, 7.2253 ], [ -1.2839, 7.2304 ], [ -1.2904, 7.2362 ], [ -1.2891, 7.2398 ], [ -1.2972, 7.2636 ], [ -1.2956, 7.2793 ], [ -1.2982, 7.2875 ], [ -1.278, 7.2881 ], [ -1.276, 7.295 ], [ -1.2844, 7.302 ], [ -1.2793, 7.3055 ], [ -1.2794, 7.3208 ], [ -1.2727, 7.333 ], [ -1.2667, 7.3405 ], [ -1.2523, 7.3481 ], [ -1.2377, 7.3614 ], [ -1.2185, 7.3637 ], [ -1.2096, 7.3612 ], [ -1.1937, 7.3662 ], [ -1.189, 7.3632 ], [ -1.1827, 7.3648 ], [ -1.1792, 7.3678 ], [ -1.1721, 7.3919 ], [ -1.173, 7.4014 ], [ -1.1661, 7.4125 ], [ -1.1637, 7.4311 ], [ -1.159, 7.4376 ], [ -1.1498, 7.4415 ], [ -1.1441, 7.4603 ], [ -1.145, 7.47 ], [ -1.1406, 7.473 ], [ -1.133, 7.471 ], [ -1.126, 7.477 ], [ -1.1203, 7.472 ], [ -1.1128, 7.4731 ], [ -1.1048, 7.4648 ], [ -1.0838, 7.4877 ], [ -1.0757, 7.4873 ], [ -1.0701, 7.491 ], [ -1.0679, 7.4639 ], [ -1.0646, 7.4588 ], [ -1.0708, 7.4445 ], [ -1.0694, 7.4331 ], [ -1.0724, 7.4271 ], [ -1.064, 7.4156 ], [ -1.0376, 7.4067 ], [ -1.0114, 7.4054 ], [ -1.0046, 7.4024 ], [ -0.9784, 7.4036 ], [ -0.9628, 7.4148 ], [ -0.9146, 7.4047 ], [ -0.907, 7.3483 ], [ -0.9081, 7.2966 ], [ -0.9213, 7.2715 ], [ -0.9295, 7.2656 ], [ -0.9328, 7.2576 ], [ -0.9435, 7.2469 ], [ -0.9494, 7.2278 ], [ -0.9457, 7.1938 ], [ -0.9624, 7.1771 ], [ -0.9635, 7.1613 ], [ -0.9589, 7.1527 ], [ -0.95, 7.1477 ], [ -0.9416, 7.132 ], [ -0.955, 7.1309 ], [ -0.9654, 7.1399 ], [ -0.9808, 7.136 ], [ -0.9896, 7.1403 ], [ -0.9975, 7.1359 ], [ -1.0168, 7.1364 ], [ -1.0514, 7.1306 ], [ -1.0553, 7.1324 ], [ -1.0623, 7.1276 ], [ -1.0705, 7.1287 ], [ -1.0902, 7.1216 ], [ -1.0891, 7.1181 ], [ -1.0947, 7.1118 ], [ -1.0959, 7.1043 ], [ -1.1041, 7.0956 ], [ -1.1063, 7.0867 ], [ -1.1247, 7.0873 ], [ -1.1388, 7.0936 ], [ -1.1483, 7.0873 ], [ -1.1579, 7.0893 ], [ -1.1715, 7.0864 ], [ -1.1819, 7.0778 ], [ -1.1816, 7.0707 ], [ -1.1679, 7.0602 ], [ -1.165, 7.0534 ], [ -1.1559, 7.0523 ], [ -1.1611, 7.051 ], [ -1.1616, 7.0457 ], [ -1.1707, 7.0374 ], [ -1.1833, 7.0304 ], [ -1.1899, 7.0317 ], [ -1.1906, 7.0088 ] ] ] } },
{ "type": "Feature", "properties": { "shapeName": "Ga Central Municipal", "shapeID": "2480657B96936068561499" }, "geometry": { "type": "Polygon", "coordinates": [ [ [ -0.3571, 5.6085 ], [ -0.3501, 5.6146 ], [ -0.343, 5.6319 ], [ -0.3323, 5.6353 ], [ -0.3232, 5.6427 ], [ -0.3195, 5.6557 ], [ -0.3072, 5.6512 ], [ -0.298, 5.6393 ], [ -0.289, 5.6338 ], [ -0.2834, 5.6334 ], [ -0.2785, 5.64 ], [ -0.2689, 5.6391 ], [ -0.2689, 5.6347 ], [ -0.2647, 5.6335 ], [ -0.2639, 5.6091 ], [ -0.2726, 5.5948 ], [ -0.2825, 5.5856 ], [ -0.2818, 5.5795 ], [ -0.2845, 5.5791 ], [ -0.2857, 5.5862 ], [ -0.2998, 5.5867 ], [ -0.2999, 5.591 ], [ -0.3034, 5.5913 ], [ -0.3033, 5.5984 ], [ -0.3109, 5.603 ], [ -0.3273, 5.5997 ], [ -0.3357, 5.6033 ], [ -0.3384, 5.5986 ], [ -0.3434, 5.6017 ], [ -0.3457, 5.5973 ], [ -0.3435, 5.5923 ], [ -0.3486, 5.5893 ], [ -0.3444, 5.5868 ], [ -0.3512, 5.5831 ], [ -0.3565, 5.5877 ], [ -0.3548, 5.5928 ], [ -0.3628, 5.5974 ], [ -0.3571, 5.6085 ] ] ] } },
{ "type": "Feature", "properties": { "shapeName": "Offinso North", "shapeID": "2480657B15542052325310" }, "geometry": { "type": "Polygon", "coordinates": [ [ [ -1.9536, 7.0852 ], [ -1.9325, 7.1301 ], [ -1.9329, 7.1766 ], [ -1.8689, 7.2032 ], [ -1.8623, 7.2174 ], [ -1.8556, 7.2222 ], [ -1.8553, 7.2273 ], [ -1.8386, 7.2387 ], [ -1.8267, 7.2534 ], [ -1.8272, 7.2585 ], [ -1.8356, 7.2596 ], [ -1.8434, 7.275 ], [ -1.8597, 7.2781 ], [ -1.865, 7.2781 ], [ -1.8812, 7.2663 ], [ -1.8953, 7.2634 ], [ -1.9122, 7.2535 ], [ -1.9272, 7.2648 ], [ -1.9454, 7.2645 ], [ -1.9499, 7.2615 ], [ -1.9545, 7.2655 ], [ -1.9621, 7.2934 ], [ -1.97, 7.2973 ], [ -1.9884, 7.2981 ], [ -1.9958, 7.3132 ], [ -2.0014, 7.3169 ], [ -2.0091, 7.3185 ], [ -2.047, 7.3056 ], [ -2.0563, 7.3089 ], [ -2.0589, 7.3156 ], [ -2.0649, 7.3195 ], [ -2.0763, 7.3232 ], [ -2.1396, 7.4028 ], [ -2.1408, 7.4091 ], [ -2.1268, 7.4191 ], [ -2.1278, 7.4318 ], [ -2.1219, 7.4332 ], [ -2.1193, 7.4408 ], [ -2.1141, 7.4424 ], [ -2.114, 7.4604 ], [ -2.1097, 7.4636 ], [ -2.0746, 7.4551 ], [ -2.038, 7.457 ], [ -2.023, 7.4378 ], [ -2.0185, 7.4215 ], [ -2.0011, 7.4213 ], [ -1.9838, 7.4159 ], [ -1.9756, 7.4101 ], [ -1.9674, 7.4137 ], [ -1.9645, 7.4081 ], [ -1.9619, 7.4128 ], [ -1.9513, 7.4186 ], [ -1.9428, 7.4314 ], [ -1.9391, 7.4347 ], [ -1.9335, 7.4338 ], [ -1.9271, 7.4426 ], [ -1.9174, 7.4418 ], [ -1.916, 7.4367 ], [ -1.9083, 7.4367 ], [ -1.8979, 7.4304 ], [ -1.8715, 7.4595 ], [ -1.867, 7.4783 ], [ -1.8635, 7.4769 ], [ -1.8634, 7.4677 ], [ -1.8564, 7.4612 ], [ -1.8398, 7.4718 ], [ -1.836, 7.471 ], [ -1.8399, 7.4251 ], [ -1.8292, 7.3936 ], [ -1.8072, 7.3485 ], [ -1.7926, 7.3473 ], [ -1.7793, 7.3509 ], [ -1.7729, 7.3465 ], [ -1.7615, 7.322 ], [ -1.7397, 7.3207 ], [ -1.7285, 7.3118 ], [ -1.7265, 7.3171 ], [ -1.7179, 7.3166 ], [ -1.711, 7.3243 ], [ -1.6997, 7.3213 ], [ -1.6787, 7.3248 ], [ -1.6754, 7.3197 ], [ -1.6572, 7.3199 ], [ -1.6542, 7.3135 ], [ -1.6409, 7.3251 ], [ -1.6356, 7.3208 ], [ -1.6398, 7.3126 ], [ -1.6361, 7.3006 ], [ -1.6379, 7.2816 ], [ -1.6429, 7.2744 ], [ -1.642, 7.2627 ], [ -1.6467, 7.2644 ], [ -1.657, 7.2546 ], [ -1.6619, 7.2445 ], [ -1.6671, 7.2466 ], [ -1.6719, 7.2438 ], [ -1.7507, 7.2421 ], [ -1.7607, 7.2443 ], [ -1.7886, 7.2169 ], [ -1.7893, 7.213 ], [ -1.7825, 7.2068 ], [ -1.7473, 7.1821 ], [ -1.7471, 7.168 ], [ -1.7615, 7.1499 ], [ -1.8098, 7.1369 ], [ -1.858, 7.1048 ], [ -1.8921, 7.1017 ], [ -1.9026, 7.0849 ], [ -1.912, 7.0876 ], [ -1.917, 7.0817 ], [ -1.9232, 7.0878 ], [ -1.9298, 7.0816 ], [ -1.9536, 7.0852 ] ] ] } },
{ "type": "Feature", "properties": { "shapeName": "Krachi West", "shapeID": "2480657B78422611914106" }, "geometry": { "type": "Polygon", "coordinates": [ [ [ 0.0865, 8.072 ], [ 0.0763, 8.0643 ], [ 0.0743, 8.0533 ], [ 0.1186, 8.0149 ], [ 0.1164, 7.9944 ], [ 0.1037, 7.9737 ], [ 0.0657, 7.9504 ], [ 0.065, 7.942 ], [ 0.0734, 7.9047 ], [ 0.0678, 7.8563 ], [ 0.0599, 7.8333 ], [ 0.0654, 7.832 ], [ 0.0736, 7.8351 ], [ 0.0766, 7.8329 ], [ 0.0778, 7.7943 ], [ 0.0673, 7.7681 ], [ 0.0444, 7.7402 ], [ 0.0373, 7.7122 ], [ 0.0145, 7.6913 ], [ -0.0152, 7.684 ], [ 0.0025, 7.7176 ], [ 0.0041, 7.7424 ], [ -0.0145, 7.7569 ], [ -0.0773, 7.7472 ], [ -0.1001, 7.7504 ], [ -0.111, 7.7602 ], [ -0.1264, 7.7882 ], [ -0.1362, 7.8249 ], [ -0.1454, 7.903 ], [ -0.1417, 7.9351 ], [ -0.1365, 7.9397 ], [ -0.1349, 7.9485 ], [ -0.1411, 7.9584 ], [ -0.1738, 7.9574 ], [ -0.1702, 7.9698 ], [ -0.1442, 8.0055 ], [ -0.1415, 8.0179 ], [ -0.1551, 8.0306 ], [ -0.1461, 8.0408 ], [ -0.1263, 8.0517 ], [ -0.0946, 8.0566 ], [ -0.0877, 8.0656 ], [ -0.0826, 8.0804 ], [ -0.075, 8.0812 ], [ -0.0718, 8.0873 ], [ -0.0628, 8.0912 ], [ -0.0594, 8.098 ], [ -0.051, 8.0977 ], [ -0.0451, 8.1017 ], [ -0.0346, 8.1002 ], [ -0.0269, 8.1045 ], [ -0.0002, 8.1063 ], [ 0.031, 8.1017 ], [ 0.0865, 8.072 ] ] ] } },
{ "type": "Feature", "properties": { "shapeName": "Offinso Municipal", "shapeID": "2480657B80894926360364" }, "geometry": { "type": "Polygon", "coordinates": [ [ [ -1.6435, 6.9137 ], [ -1.6482, 6.9105 ], [ -1.6468, 6.8995 ], [ -1.6563, 6.8902 ], [ -1.662, 6.8889 ], [ -1.6614, 6.8829 ], [ -1.6657, 6.8817 ], [ -1.669, 6.8853 ], [ -1.6671, 6.8817 ], [ -1.6697, 6.8781 ], [ -1.6736, 6.8784 ], [ -1.672, 6.8749 ], [ -1.6803, 6.8739 ], [ -1.6819, 6.8665 ], [ -1.6883, 6.8679 ], [ -1.6865, 6.8789 ], [ -1.69, 6.8836 ], [ -1.698, 6.8898 ], [ -1.7135, 6.8912 ], [ -1.714, 6.8991 ], [ -1.7108, 6.9007 ], [ -1.7207, 6.9124 ], [ -1.7159, 6.9273 ], [ -1.7207, 6.9371 ], [ -1.7426, 6.9374 ], [ -1.7513, 6.9459 ], [ -1.7515, 6.9512 ], [ -1.7742, 6.9717 ], [ -1.7811, 6.9745 ], [ -1.7847, 6.9707 ], [ -1.7949, 6.9699 ], [ -1.8034, 6.9813 ], [ -1.823, 6.993 ], [ -1.8204, 6.9941 ], [ -1.8216, 6.9995 ], [ -1.8325, 7.0067 ], [ -1.8334, 7.0125 ], [ -1.841, 7.0152 ], [ -1.8476, 7.0243 ], [ -1.8403, 7.0359 ], [ -1.8159, 7.0489 ], [ -1.8135, 7.0517 ], [ -1.8176, 7.0551 ], [ -1.8145, 7.0589 ], [ -1.8085, 7.0586 ], [ -1.8068, 7.0647 ], [ -1.8147, 7.0706 ], [ -1.8109, 7.0765 ], [ -1.8208, 7.0763 ], [ -1.8707, 7.1029 ], [ -1.858, 7.1048 ], [ -1.8098, 7.1369 ], [ -1.7615, 7.1499 ], [ -1.7471, 7.168 ], [ -1.7493, 7.1846 ], [ -1.7893, 7.213 ], [ -1.7763, 7.2307 ], [ -1.7607, 7.2443 ], [ -1.7507, 7.2421 ], [ -1.6719, 7.2438 ], [ -1.6671, 7.2466 ], [ -1.6619, 7.2445 ], [ -1.6565, 7.2511 ], [ -1.654, 7.2451 ], [ -1.6598, 7.2322 ], [ -1.6516, 7.2198 ], [ -1.6575, 7.2046 ], [ -1.6535, 7.1949 ], [ -1.6587, 7.1891 ], [ -1.6586, 7.1617 ], [ -1.6612, 7.1576 ], [ -1.6503, 7.1481 ], [ -1.6804, 7.112 ], [ -1.677, 7.1 ], [ -1.668, 7.0882 ], [ -1.6535, 7.0808 ], [ -1.6571, 7.0673 ], [ -1.6543, 7.0542 ], [ -1.6669, 7.0457 ], [ -1.6582, 7.0426 ], [ -1.6383, 6.9736 ], [ -1.6418, 6.9699 ], [ -1.6394, 6.9527 ], [ -1.6402, 6.9454 ], [ -1.6431, 6.9449 ], [ -1.639, 6.9273 ], [ -1.6422, 6.925 ], [ -1.6435, 6.9137 ] ] ] } },
{ "type": "Feature", "properties": { "shapeName": "Obuasi Municipal", "shapeID": "2480657B43720081643569" }, "geometry": { "type": "Polygon", "coordinates": [ [ [ -1.6072, 6.2392 ], [ -1.6343, 6.2025 ], [ -1.6368, 6.193 ], [ -1.63, 6.1738 ], [ -1.6314, 6.166 ], [ -1.6489, 6.1408 ], [ -1.656, 6.1227 ], [ -1.6612, 6.1192 ], [ -1.6665, 6.1227 ], [ -1.6746, 6.1361 ], [ -1.6828, 6.1397 ], [ -1.6955, 6.1377 ], [ -1.706, 6.1456 ], [ -1.7105, 6.1411 ], [ -1.7147, 6.1487 ], [ -1.7257, 6.1509 ], [ -1.7314, 6.1575 ], [ -1.727, 6.1685 ], [ -1.7461, 6.18 ], [ -1.7506, 6.1858 ], [ -1.7462, 6.1974 ], [ -1.7378, 6.2049 ], [ -1.7383, 6.2085 ], [ -1.7493, 6.208 ], [ -1.7513, 6.2049 ], [ -1.7591, 6.2088 ], [ -1.7708, 6.2034 ], [ -1.7694, 6.2129 ], [ -1.762, 6.2136 ], [ -1.7475, 6.2233 ], [ -1.741, 6.2347 ], [ -1.7338, 6.2401 ], [ -1.7245, 6.2413 ], [ -1.7106, 6.2558 ], [ -1.6923, 6.2572 ], [ -1.689, 6.262 ], [ -1.6821, 6.2622 ], [ -1.6747, 6.2548 ], [ -1.6782, 6.2487 ], [ -1.6732, 6.236 ], [ -1.6072, 6.2392 ] ] ] } },
{ "type": "Feature", "properties": { "shapeName": "Krachi Nchumuru", "shapeID": "2480657B73751367479109" }, "geometry": { "type": "Polygon", "coordinates": [ [ [ 0.1783, 8.1942 ], [ 0.1785, 8.1857 ], [ 0.1643, 8.1716 ], [ 0.1581, 8.172 ], [ 0.1555, 8.1664 ], [ 0.1519, 8.1673 ], [ 0.1526, 8.1612 ], [ 0.1477, 8.1554 ], [ 0.1573, 8.1339 ], [ 0.1766, 8.1159 ], [ 0.197, 8.1092 ], [ 0.1939, 8.0934 ], [ 0.1729, 8.0883 ], [ 0.1404, 8.07 ], [ 0.1061, 8.0753 ], [ 0.0865, 8.072 ], [ 0.031, 8.1017 ], [ -0.0002, 8.1063 ], [ -0.0269, 8.1045 ], [ -0.0346, 8.1002 ], [ -0.0451, 8.1017 ], [ -0.051, 8.0977 ], [ -0.0594, 8.098 ], [ -0.0628, 8.0912 ], [ -0.0718, 8.0873 ], [ -0.075, 8.0812 ], [ -0.0826, 8.0804 ], [ -0.0877, 8.0656 ], [ -0.0946, 8.0566 ], [ -0.1263, 8.0517 ], [ -0.1461, 8.0408 ], [ -0.1551, 8.0306 ], [ -0.1732, 8.0246 ], [ -0.2147, 8.0309 ], [ -0.2406, 8.0496 ], [ -0.2488, 8.077 ], [ -0.2949, 8.1173 ], [ -0.3193, 8.1304 ], [ -0.3847, 8.1528 ], [ -0.3541, 8.1662 ], [ -0.3516, 8.1725 ], [ -0.3586, 8.1857 ], [ -0.3519, 8.1927 ], [ -0.3486, 8.2017 ], [ -0.3685, 8.201 ], [ -0.3849, 8.195 ], [ -0.3897, 8.1987 ], [ -0.3908, 8.2109 ], [ -0.3875, 8.2241 ], [ -0.3695, 8.2309 ], [ -0.3193, 8.2268 ], [ -0.2919, 8.2427 ], [ -0.2807, 8.2455 ], [ -0.2748, 8.2295 ], [ -0.2594, 8.2163 ], [ -0.2378, 8.2179 ], [ -0.2326, 8.213 ], [ -0.2243, 8.2128 ], [ -0.2189, 8.2179 ], [ -0.1986, 8.2193 ], [ -0.1976, 8.2245 ], [ -0.1885, 8.2317 ], [ -0.182, 8.2323 ], [ -0.1772, 8.2278 ], [ -0.1686, 8.2314 ], [ -0.1655, 8.2384 ], [ -0.1696, 8.2532 ], [ -0.1503, 8.2651 ], [ -0.1457, 8.2723 ], [ -0.1242, 8.273 ], [ -0.1141, 8.2973 ], [ -0.1103, 8.3359 ], [ -0.0874, 8.3324 ], [ -0.0843, 8.3373 ], [ -0.0677, 8.3398 ], [ -0.0676, 8.3484 ], [ -0.0643, 8.3512 ], [ -0.0482, 8.3522 ], [ -0.0403, 8.3496 ], [ -0.0386, 8.3431 ], [ -0.0408, 8.3398 ], [ -0.0367, 8.3332 ], [ -0.0306, 8.3297 ], [ -0.0224, 8.3304 ], [ -0.0163, 8.3248 ], [ -0.0026, 8.3205 ], [ 0.0106, 8.2976 ], [ 0.0334, 8.296 ], [ 0.0428, 8.2911 ], [ 0.0527, 8.2906 ], [ 0.0601, 8.282 ], [ 0.0732, 8.2833 ], [ 0.0806, 8.28 ], [ 0.082, 8.273 ], [ 0.0912, 8.2665 ], [ 0.1044, 8.239 ], [ 0.0943, 8.2328 ], [ 0.0858, 8.233 ], [ 0.0795, 8.2225 ], [ 0.0959, 8.2303 ], [ 0.1079, 8.2239 ], [ 0.1152, 8.2291 ], [ 0.1167, 8.2177 ], [ 0.1299, 8.2146 ], [ 0.133, 8.2073 ], [ 0.1446, 8.1977 ], [ 0.1783, 8.1942 ] ] ] } },
{ "type": "Feature", "properties": { "shapeName": "Kwabre East", "shapeID": "2480657B60556198830817" }, "geometry": { "type": "Polygon", "coordinates": [ [ [ -1.6049, 6.7636 ], [ -1.6146, 6.7753 ], [ -1.5979, 6.7895 ], [ -1.5861, 6.7935 ], [ -1.5738, 6.8033 ], [ -1.5471, 6.8138 ], [ -1.525, 6.8482 ], [ -1.5127, 6.8399 ], [ -1.5066, 6.8392 ], [ -1.4887, 6.8427 ], [ -1.4747, 6.8503 ], [ -1.4641, 6.8474 ], [ -1.4586, 6.8255 ], [ -1.4613, 6.8221 ], [ -1.4599, 6.8088 ], [ -1.4517, 6.7966 ], [ -1.4526, 6.7936 ], [ -1.4574, 6.7883 ], [ -1.4765, 6.7935 ], [ -1.4753, 6.7906 ], [ -1.4935, 6.775 ], [ -1.4945, 6.7619 ], [ -1.4906, 6.7578 ], [ -1.493, 6.7544 ], [ -1.5121, 6.7497 ], [ -1.5254, 6.7567 ], [ -1.5301, 6.7481 ], [ -1.5386, 6.7466 ], [ -1.5416, 6.7376 ], [ -1.5556, 6.728 ], [ -1.5595, 6.7301 ], [ -1.5615, 6.7257 ], [ -1.5668, 6.7346 ], [ -1.5619, 6.7406 ], [ -1.5836, 6.7503 ], [ -1.5913, 6.7504 ], [ -1.596, 6.7588 ], [ -1.6049, 6.7636 ] ] ] } },
{ "type": "Feature", "properties": { "shapeName": "Agotime Ziope", "shapeID": "2480657B11620193732867" }, "geometry": { "type": "Polygon", "coordinates": [ [ [ 0.7492, 6.4482 ], [ 0.7457, 6.428 ], [ 0.7485, 6.4152 ], [ 0.7544, 6.4158 ], [ 0.788, 6.3975 ], [ 0.7863, 6.3844 ], [ 0.7907, 6.3807 ], [ 0.7845, 6.3766 ], [ 0.783, 6.3714 ], [ 0.7878, 6.3543 ], [ 0.7842, 6.3509 ], [ 0.7685, 6.3494 ], [ 0.7638, 6.3414 ], [ 0.7557, 6.3534 ], [ 0.7332, 6.3467 ], [ 0.7243, 6.3409 ], [ 0.7145, 6.3421 ], [ 0.6977, 6.3332 ], [ 0.6936, 6.3176 ], [ 0.6966, 6.3119 ], [ 0.675, 6.328 ], [ 0.6734, 6.3351 ], [ 0.6837, 6.3492 ], [ 0.6851, 6.3647 ], [ 0.6989, 6.3701 ], [ 0.6925, 6.3966 ], [ 0.7046, 6.4048 ], [ 0.7046, 6.4209 ], [ 0.71, 6.4225 ], [ 0.7083, 6.4327 ], [ 0.6959, 6.4406 ], [ 0.6636, 6.4289 ], [ 0.6627, 6.4346 ], [ 0.6548, 6.439 ], [ 0.6524, 6.4625 ], [ 0.65, 6.4658 ], [ 0.6397, 6.4682 ], [ 0.6294, 6.4969 ], [ 0.6299, 6.5129 ], [ 0.6337, 6.5209 ], [ 0.6313, 6.5546 ], [ 0.5835, 6.5791 ], [ 0.5892, 6.5867 ], [ 0.6047, 6.5921 ], [ 0.6119, 6.5982 ], [ 0.6315, 6.6289 ], [ 0.6431, 6.6323 ], [ 0.6564, 6.6086 ], [ 0.6669, 6.6052 ], [ 0.6728, 6.6137 ], [ 0.6907, 6.5987 ], [ 0.6887, 6.5968 ], [ 0.6917, 6.5917 ], [ 0.6979, 6.5884 ], [ 0.7117, 6.585 ], [ 0.7237, 6.5899 ], [ 0.7424, 6.589 ], [ 0.7486, 6.573 ], [ 0.7489, 6.5631 ], [ 0.719, 6.5349 ], [ 0.7174, 6.5275 ], [ 0.7217, 6.502 ], [ 0.7322, 6.4848 ], [ 0.7465, 6.4839 ], [ 0.7449, 6.4584 ], [ 0.7492, 6.4482 ] ] ] } },
{ "type": "Feature", "properties": { "shapeName": "Adaklu", "shapeID": "2480657B20696154785284" }, "geometry": { "type": "Polygon", "coordinates": [ [ [ 0.5643, 6.5894 ], [ 0.6313, 6.5546 ], [ 0.6337, 6.5209 ], [ 0.6299, 6.5129 ], [ 0.6294, 6.4969 ], [ 0.6397, 6.4682 ], [ 0.65, 6.4658 ], [ 0.6524, 6.4625 ], [ 0.6548, 6.439 ], [ 0.6627, 6.4346 ], [ 0.6636, 6.4289 ], [ 0.6959, 6.4406 ], [ 0.7083, 6.4327 ], [ 0.71, 6.4225 ], [ 0.7046, 6.4209 ], [ 0.7046, 6.4048 ], [ 0.6925, 6.3966 ], [ 0.6989, 6.3701 ], [ 0.6851, 6.3647 ], [ 0.6837, 6.3492 ], [ 0.6734, 6.3351 ], [ 0.6739, 6.3303 ], [ 0.6704, 6.3287 ], [ 0.6759, 6.3201 ], [ 0.6736, 6.3162 ], [ 0.6629, 6.3125 ], [ 0.6601, 6.3164 ], [ 0.6481, 6.3041 ], [ 0.6387, 6.3034 ], [ 0.6158, 6.2909 ], [ 0.6135, 6.305 ], [ 0.5897, 6.2822 ], [ 0.5726, 6.2899 ], [ 0.5761, 6.3032 ], [ 0.5566, 6.2972 ], [ 0.5475, 6.2984 ], [ 0.5433, 6.2816 ], [ 0.5219, 6.2959 ], [ 0.491, 6.3049 ], [ 0.4744, 6.2995 ], [ 0.4674, 6.3018 ], [ 0.4552, 6.2883 ], [ 0.4442, 6.2881 ], [ 0.4422, 6.2906 ], [ 0.4308, 6.2863 ], [ 0.4323, 6.2958 ], [ 0.4434, 6.3021 ], [ 0.4416, 6.3071 ], [ 0.4459, 6.3121 ], [ 0.4455, 6.3229 ], [ 0.4388, 6.338 ], [ 0.4334, 6.3427 ], [ 0.4277, 6.3422 ], [ 0.4214, 6.3549 ], [ 0.4243, 6.3568 ], [ 0.4164, 6.3664 ], [ 0.4195, 6.3728 ], [ 0.4175, 6.3804 ], [ 0.4211, 6.3871 ], [ 0.4179, 6.3961 ], [ 0.4131, 6.3961 ], [ 0.4139, 6.4016 ], [ 0.4189, 6.4064 ], [ 0.4128, 6.4227 ], [ 0.4132, 6.4267 ], [ 0.4176, 6.4286 ], [ 0.4177, 6.4338 ], [ 0.4152, 6.4398 ], [ 0.4088, 6.4432 ], [ 0.4073, 6.452 ], [ 0.411, 6.4541 ], [ 0.4098, 6.4703 ], [ 0.4278, 6.4874 ], [ 0.4405, 6.5052 ], [ 0.441, 6.5124 ], [ 0.4375, 6.5192 ], [ 0.4334, 6.5202 ], [ 0.4342, 6.5257 ], [ 0.437, 6.5253 ], [ 0.4453, 6.5379 ], [ 0.443, 6.543 ], [ 0.4574, 6.5623 ], [ 0.4638, 6.5793 ], [ 0.4691, 6.5734 ], [ 0.4727, 6.5605 ], [ 0.4825, 6.5545 ], [ 0.4924, 6.5786 ], [ 0.4877, 6.5887 ], [ 0.489, 6.5994 ], [ 0.4976, 6.6012 ], [ 0.52, 6.5974 ], [ 0.5242, 6.572 ], [ 0.5459, 6.5801 ], [ 0.5531, 6.5916 ], [ 0.5643, 6.5894 ] ] ] } },
{ "type": "Feature", "properties": { "shapeName": "Ejura-sekyedumase", "shapeID": "2480657B28564915274944" }, "geometry": { "type": "Polygon", "coordinates": [ [ [ -1.4248, 7.5818 ], [ -1.4213, 7.58 ], [ -1.409, 7.5862 ], [ -1.399, 7.5987 ], [ -1.3861, 7.6051 ], [ -1.3686, 7.6029 ], [ -1.3638, 7.6086 ], [ -1.3534, 7.6091 ], [ -1.3439, 7.6194 ], [ -1.3162, 7.6247 ], [ -1.3079, 7.6219 ], [ -1.3107, 7.6149 ], [ -1.3172, 7.6106 ], [ -1.3128, 7.6027 ], [ -1.3136, 7.5806 ], [ -1.311, 7.5765 ], [ -1.2995, 7.5712 ], [ -1.2938, 7.5598 ], [ -1.2951, 7.5463 ], [ -1.2904, 7.5351 ], [ -1.2664, 7.5215 ], [ -1.2499, 7.4962 ], [ -1.2394, 7.4893 ], [ -1.2254, 7.4949 ], [ -1.2067, 7.4925 ], [ -1.2029, 7.4954 ], [ -1.1912, 7.4859 ], [ -1.1835, 7.4852 ], [ -1.1813, 7.4814 ], [ -1.1571, 7.4797 ], [ -1.1555, 7.469 ], [ -1.145, 7.47 ], [ -1.1441, 7.4603 ], [ -1.1498, 7.4415 ], [ -1.159, 7.4376 ], [ -1.1656, 7.4266 ], [ -1.1661, 7.4125 ], [ -1.173, 7.4014 ], [ -1.1721, 7.3919 ], [ -1.1792, 7.3678 ], [ -1.189, 7.3632 ], [ -1.1937, 7.3662 ], [ -1.2096, 7.3612 ], [ -1.2185, 7.3637 ], [ -1.2377, 7.3614 ], [ -1.2523, 7.3481 ], [ -1.2667, 7.3405 ], [ -1.2794, 7.3208 ], [ -1.2781, 7.31 ], [ -1.2844, 7.302 ], [ -1.276, 7.295 ], [ -1.278, 7.2881 ], [ -1.2982, 7.2875 ], [ -1.2956, 7.2793 ], [ -1.2972, 7.2636 ], [ -1.2883, 7.2317 ], [ -1.3056, 7.2449 ], [ -1.3072, 7.254 ], [ -1.3134, 7.2602 ], [ -1.3256, 7.2689 ], [ -1.3312, 7.2669 ], [ -1.3322, 7.2705 ], [ -1.3458, 7.2757 ], [ -1.3489, 7.2844 ], [ -1.3582, 7.2861 ], [ -1.3702, 7.3046 ], [ -1.3784, 7.3089 ], [ -1.3872, 7.3057 ], [ -1.3921, 7.2978 ], [ -1.3943, 7.2997 ], [ -1.3975, 7.2976 ], [ -1.4043, 7.3032 ], [ -1.4053, 7.2921 ], [ -1.4819, 7.2597 ], [ -1.4938, 7.2599 ], [ -1.4957, 7.2562 ], [ -1.5032, 7.2536 ], [ -1.4963, 7.2347 ], [ -1.4989, 7.2329 ], [ -1.5097, 7.2279 ], [ -1.5159, 7.2383 ], [ -1.5246, 7.2337 ], [ -1.5295, 7.2347 ], [ -1.5351, 7.2259 ], [ -1.5562, 7.2157 ], [ -1.5637, 7.2071 ], [ -1.5737, 7.1814 ], [ -1.5802, 7.1756 ], [ -1.5789, 7.1721 ], [ -1.5883, 7.1456 ], [ -1.5978, 7.1514 ], [ -1.6106, 7.1497 ], [ -1.6074, 7.1654 ], [ -1.6319, 7.1664 ], [ -1.631, 7.1615 ], [ -1.6586, 7.1617 ], [ -1.6587, 7.1891 ], [ -1.6535, 7.1949 ], [ -1.6575, 7.2046 ], [ -1.6516, 7.2198 ], [ -1.6598, 7.2322 ], [ -1.654, 7.2451 ], [ -1.657, 7.2546 ], [ -1.6467, 7.2644 ], [ -1.642, 7.2627 ], [ -1.6429, 7.2744 ], [ -1.6374, 7.284 ], [ -1.6361, 7.3006 ], [ -1.6398, 7.3126 ], [ -1.6356, 7.3208 ], [ -1.6429, 7.3289 ], [ -1.641, 7.3361 ], [ -1.6358, 7.3392 ], [ -1.6251, 7.3391 ], [ -1.6224, 7.3463 ], [ -1.6067, 7.3597 ], [ -1.5925, 7.3844 ], [ -1.5766, 7.4028 ], [ -1.5637, 7.4053 ], [ -1.5391, 7.3957 ], [ -1.5261, 7.399 ], [ -1.5218, 7.3968 ], [ -1.521, 7.3916 ], [ -1.5155, 7.3909 ], [ -1.5157, 7.41 ], [ -1.5092, 7.4221 ], [ -1.5096, 7.4291 ], [ -1.512, 7.4412 ], [ -1.5202, 7.45 ], [ -1.4912, 7.4842 ], [ -1.4724, 7.4966 ], [ -1.4625, 7.5246 ], [ -1.4357, 7.5586 ], [ -1.4336, 7.5735 ], [ -1.4251, 7.5763 ], [ -1.4248, 7.5818 ] ] ] } },
{ "type": "Feature", "properties": { "shapeName": "Atwima Nwabiagya South", "shapeID": "2480657B44972771575405" }, "geometry": { "type": "Polygon", "coordinates": [ [ [ -1.7012, 6.6727 ], [ -1.7194, 6.6612 ], [ -1.7252, 6.6631 ], [ -1.7262, 6.6583 ], [ -1.7495, 6.6359 ], [ -1.765, 6.6385 ], [ -1.7687, 6.6356 ], [ -1.7737, 6.6381 ], [ -1.7798, 6.6296 ], [ -1.7848, 6.6384 ], [ -1.7891, 6.6386 ], [ -1.7926, 6.6254 ], [ -1.8185, 6.6117 ], [ -1.8125, 6.5976 ], [ -1.8151, 6.5953 ], [ -1.8137, 6.5889 ], [ -1.8016, 6.574 ], [ -1.8044, 6.5686 ], [ -1.8092, 6.5673 ], [ -1.8273, 6.5786 ], [ -1.8534, 6.5834 ], [ -1.8608, 6.5884 ], [ -1.8577, 6.5929 ], [ -1.8626, 6.5976 ], [ -1.8546, 6.608 ], [ -1.855, 6.6206 ], [ -1.8504, 6.622 ], [ -1.8417, 6.6389 ], [ -1.8333, 6.6462 ], [ -1.8304, 6.6581 ], [ -1.8419, 6.6639 ], [ -1.8468, 6.6874 ], [ -1.8604, 6.6937 ], [ -1.8644, 6.6981 ], [ -1.8643, 6.703 ], [ -1.8728, 6.7109 ], [ -1.8848, 6.7144 ], [ -1.8854, 6.721 ], [ -1.8973, 6.7347 ], [ -1.8973, 6.7398 ], [ -1.9002, 6.7429 ], [ -1.9052, 6.7423 ], [ -1.9073, 6.7469 ], [ -1.9039, 6.7489 ], [ -1.907, 6.7537 ], [ -1.8991, 6.7617 ], [ -1.9015, 6.7658 ], [ -1.8978, 6.7641 ], [ -1.8955, 6.77 ], [ -1.8911, 6.7712 ], [ -1.8909, 6.783 ], [ -1.8797, 6.7808 ], [ -1.8678, 6.7888 ], [ -1.8702, 6.7916 ], [ -1.8686, 6.7994 ], [ -1.8658, 6.8045 ], [ -1.8629, 6.804 ], [ -1.861, 6.8103 ], [ -1.8513, 6.8103 ], [ -1.8419, 6.8049 ], [ -1.8388, 6.8088 ], [ -1.8303, 6.8011 ], [ -1.8307, 6.7958 ], [ -1.8243, 6.7957 ], [ -1.821, 6.79 ], [ -1.809, 6.7952 ], [ -1.8084, 6.7981 ], [ -1.7929, 6.7965 ], [ -1.7738, 6.8005 ], [ -1.751, 6.7976 ], [ -1.7206, 6.7816 ], [ -1.6968, 6.774 ], [ -1.6834, 6.7655 ], [ -1.7037, 6.7605 ], [ -1.7112, 6.7541 ], [ -1.7087, 6.7513 ], [ -1.6988, 6.751 ], [ -1.6987, 6.748 ], [ -1.6823, 6.748 ], [ -1.6823, 6.7432 ], [ -1.6638, 6.7405 ], [ -1.663, 6.7171 ], [ -1.6769, 6.7181 ], [ -1.6769, 6.7234 ], [ -1.6899, 6.7211 ], [ -1.6837, 6.7197 ], [ -1.6973, 6.7062 ], [ -1.6967, 6.6965 ], [ -1.7025, 6.6906 ], [ -1.7053, 6.681 ], [ -1.7012, 6.6727 ] ] ] } },
{ "type": "Feature", "properties": { "shapeName": "Akatsi South", "shapeID": "2480657B79730913179219" }, "geometry": { "type": "Polygon", "coordinates": [ [ [ 0.8853, 6.1956 ], [ 0.8794, 6.1883 ], [ 0.8741, 6.1636 ], [ 0.8781, 6.1625 ], [ 0.8792, 6.158 ], [ 0.8755, 6.1552 ], [ 0.8777, 6.1486 ], [ 0.8916, 6.1411 ], [ 0.8855, 6.1392 ], [ 0.8867, 6.1318 ], [ 0.8779, 6.1229 ], [ 0.8843, 6.1179 ], [ 0.8623, 6.068 ], [ 0.857, 6.0681 ], [ 0.8559, 6.0581 ], [ 0.8401, 6.0374 ], [ 0.8478, 6.0346 ], [ 0.8593, 6.0353 ], [ 0.8607, 6.0052 ], [ 0.8527, 6.0033 ], [ 0.8346, 6.0095 ], [ 0.8293, 6.0012 ], [ 0.8226, 6.0034 ], [ 0.8037, 5.9585 ], [ 0.7989, 5.9583 ], [ 0.7852, 5.9666 ], [ 0.7717, 5.9612 ], [ 0.7664, 5.9549 ], [ 0.7546, 5.969 ], [ 0.7407, 5.9689 ], [ 0.7297, 5.9761 ], [ 0.7257, 5.9832 ], [ 0.7084, 5.9891 ], [ 0.7048, 5.9926 ], [ 0.7108, 6.0148 ], [ 0.7298, 6.0242 ], [ 0.7311, 6.0343 ], [ 0.7509, 6.0545 ], [ 0.7552, 6.0715 ], [ 0.7523, 6.086 ], [ 0.7472, 6.0933 ], [ 0.7342, 6.0993 ], [ 0.7226, 6.1188 ], [ 0.7174, 6.1195 ], [ 0.7256, 6.1315 ], [ 0.7233, 6.1347 ], [ 0.7242, 6.1466 ], [ 0.7215, 6.1527 ], [ 0.7181, 6.1529 ], [ 0.7222, 6.1709 ], [ 0.7185, 6.1759 ], [ 0.7221, 6.1823 ], [ 0.7186, 6.1829 ], [ 0.7217, 6.1861 ], [ 0.7182, 6.1937 ], [ 0.7202, 6.197 ], [ 0.716, 6.2013 ], [ 0.7171, 6.2095 ], [ 0.7134, 6.2147 ], [ 0.7186, 6.22 ], [ 0.7064, 6.2279 ], [ 0.7109, 6.2338 ], [ 0.7067, 6.2325 ], [ 0.7002, 6.2414 ], [ 0.6985, 6.2681 ], [ 0.6769, 6.2931 ], [ 0.6771, 6.3016 ], [ 0.6815, 6.3083 ], [ 0.6886, 6.306 ], [ 0.6966, 6.3119 ], [ 0.6936, 6.3176 ], [ 0.6977, 6.3332 ], [ 0.7145, 6.3421 ], [ 0.7243, 6.3409 ], [ 0.7332, 6.3467 ], [ 0.7557, 6.3534 ], [ 0.7638, 6.3414 ], [ 0.772, 6.3511 ], [ 0.781, 6.3494 ], [ 0.7906, 6.3219 ], [ 0.793, 6.2947 ], [ 0.7826, 6.2718 ], [ 0.7846, 6.2663 ], [ 0.7754, 6.2359 ], [ 0.7787, 6.2236 ], [ 0.7777, 6.2119 ], [ 0.7737, 6.2028 ], [ 0.7753, 6.1917 ], [ 0.7845, 6.1964 ], [ 0.7927, 6.195 ], [ 0.795, 6.1737 ], [ 0.8025, 6.1777 ], [ 0.8098, 6.1762 ], [ 0.8154, 6.1837 ], [ 0.8206, 6.1843 ], [ 0.8215, 6.2198 ], [ 0.8254, 6.2176 ], [ 0.8316, 6.2223 ], [ 0.8518, 6.2222 ], [ 0.8853, 6.1956 ] ] ] } },
{ "type": "Feature", "properties": { "shapeName": "Atwima Mponua", "shapeID": "2480657B25907117051030" }, "geometry": { "type": "Polygon", "coordinates": [ [ [ -1.9069, 6.7451 ], [ -1.8973, 6.7398 ], [ -1.8973, 6.7347 ], [ -1.8854, 6.721 ], [ -1.8848, 6.7144 ], [ -1.8728, 6.7109 ], [ -1.8643, 6.703 ], [ -1.8644, 6.6981 ], [ -1.8604, 6.6937 ], [ -1.8468, 6.6874 ], [ -1.8419, 6.6639 ], [ -1.8304, 6.6581 ], [ -1.8333, 6.6462 ], [ -1.856, 6.6183 ], [ -1.8546, 6.608 ], [ -1.8626, 6.5976 ], [ -1.8577, 6.5929 ], [ -1.8608, 6.5884 ], [ -1.8583, 6.5724 ], [ -1.8631, 6.5743 ], [ -1.8753, 6.572 ], [ -1.8866, 6.577 ], [ -1.8825, 6.5896 ], [ -1.9031, 6.586 ], [ -1.9063, 6.5917 ], [ -1.9119, 6.5849 ], [ -1.9298, 6.582 ], [ -1.9368, 6.574 ], [ -1.9602, 6.5701 ], [ -1.9751, 6.5472 ], [ -1.9682, 6.5444 ], [ -1.9746, 6.5326 ], [ -1.9854, 6.5286 ], [ -1.9824, 6.5242 ], [ -1.9747, 6.5243 ], [ -1.977, 6.5184 ], [ -1.9918, 6.5189 ], [ -1.9902, 6.5154 ], [ -1.9938, 6.5143 ], [ -2.001, 6.52 ], [ -2.005, 6.5195 ], [ -2.0075, 6.5265 ], [ -2.0103, 6.5237 ], [ -1.9995, 6.5 ], [ -2.0048, 6.489 ], [ -2.0037, 6.4784 ], [ -2.0084, 6.473 ], [ -2.0063, 6.4646 ], [ -2.0135, 6.4556 ], [ -2.0334, 6.4427 ], [ -2.0222, 6.4418 ], [ -2.0194, 6.4371 ], [ -2.0289, 6.4335 ], [ -2.0286, 6.4301 ], [ -2.034, 6.4312 ], [ -2.0374, 6.4281 ], [ -2.0403, 6.4306 ], [ -2.0458, 6.4276 ], [ -2.047, 6.424 ], [ -2.0412, 6.4139 ], [ -2.0501, 6.3989 ], [ -2.042, 6.3953 ], [ -2.0449, 6.3887 ], [ -2.0576, 6.3972 ], [ -2.0706, 6.3946 ], [ -2.0797, 6.4036 ], [ -2.097, 6.411 ], [ -2.1404, 6.4143 ], [ -2.1432, 6.4032 ], [ -2.1413, 6.396 ], [ -2.1444, 6.3909 ], [ -2.1595, 6.391 ], [ -2.1603, 6.3722 ], [ -2.1849, 6.359 ], [ -2.2001, 6.3545 ], [ -2.2065, 6.3423 ], [ -2.2271, 6.32 ], [ -2.2224, 6.3398 ], [ -2.2166, 6.3447 ], [ -2.2169, 6.3744 ], [ -2.2277, 6.4084 ], [ -2.2254, 6.4162 ], [ -2.2317, 6.4207 ], [ -2.2284, 6.4342 ], [ -2.2321, 6.4388 ], [ -2.2301, 6.4501 ], [ -2.2398, 6.4659 ], [ -2.2399, 6.4722 ], [ -2.2629, 6.4912 ], [ -2.279, 6.487 ], [ -2.2936, 6.4916 ], [ -2.3041, 6.4835 ], [ -2.3101, 6.4898 ], [ -2.3131, 6.4882 ], [ -2.3374, 6.4933 ], [ -2.3436, 6.4824 ], [ -2.3522, 6.4841 ], [ -2.36, 6.4772 ], [ -2.3575, 6.47 ], [ -2.3513, 6.4655 ], [ -2.349, 6.4554 ], [ -2.3552, 6.4475 ], [ -2.3508, 6.4472 ], [ -2.3478, 6.4376 ], [ -2.3498, 6.4346 ], [ -2.344, 6.4337 ], [ -2.3511, 6.3951 ], [ -2.3619, 6.3848 ], [ -2.3684, 6.3669 ], [ -2.3783, 6.3544 ], [ -2.3782, 6.3493 ], [ -2.381, 6.3468 ], [ -2.3849, 6.3504 ], [ -2.3899, 6.3465 ], [ -2.3898, 6.3343 ], [ -2.3996, 6.3417 ], [ -2.3975, 6.3516 ], [ -2.4274, 6.3483 ], [ -2.4305, 6.3552 ], [ -2.4265, 6.3636 ], [ -2.4293, 6.3711 ], [ -2.424, 6.3801 ], [ -2.4262, 6.382 ], [ -2.4233, 6.3954 ], [ -2.4263, 6.4015 ], [ -2.4252, 6.4049 ], [ -2.4207, 6.4046 ], [ -2.4222, 6.4079 ], [ -2.4258, 6.4074 ], [ -2.4239, 6.4107 ], [ -2.4271, 6.4113 ], [ -2.4288, 6.4171 ], [ -2.4348, 6.4168 ], [ -2.438, 6.4209 ], [ -2.4386, 6.4164 ], [ -2.4406, 6.417 ], [ -2.4391, 6.4282 ], [ -2.4514, 6.4311 ], [ -2.4466, 6.4306 ], [ -2.4472, 6.4344 ], [ -2.4387, 6.4392 ], [ -2.4386, 6.4429 ], [ -2.4461, 6.4431 ], [ -2.4436, 6.4447 ], [ -2.4424, 6.4576 ], [ -2.4366, 6.4596 ], [ -2.4347, 6.4654 ], [ -2.4314, 6.4641 ], [ -2.4339, 6.4663 ], [ -2.4293, 6.471 ], [ -2.4308, 6.4733 ], [ -2.4215, 6.4732 ], [ -2.4235, 6.4757 ], [ -2.4191, 6.4784 ], [ -2.4233, 6.4766 ], [ -2.4269, 6.4841 ], [ -2.4233, 6.4869 ], [ -2.4237, 6.4924 ], [ -2.4193, 6.4884 ], [ -2.414, 6.49 ], [ -2.416, 6.4959 ], [ -2.4129, 6.4978 ], [ -2.41, 6.4955 ], [ -2.4112, 6.5009 ], [ -2.403, 6.5048 ], [ -2.4038, 6.5081 ], [ -2.3972, 6.503 ], [ -2.3973, 6.5213 ], [ -2.3921, 6.5243 ], [ -2.3861, 6.5232 ], [ -2.3818, 6.5267 ], [ -2.3841, 6.5322 ], [ -2.3811, 6.5374 ], [ -2.3748, 6.539 ], [ -2.378, 6.5417 ], [ -2.3766, 6.5481 ], [ -2.3822, 6.5504 ], [ -2.3853, 6.5574 ], [ -2.3856, 6.568 ], [ -2.3796, 6.572 ], [ -2.381, 6.583 ], [ -2.3729, 6.5887 ], [ -2.3711, 6.5948 ], [ -2.3782, 6.5973 ], [ -2.3786, 6.6005 ], [ -2.3801, 6.5968 ], [ -2.3839, 6.598 ], [ -2.3835, 6.6107 ], [ -2.39, 6.6093 ], [ -2.3947, 6.612 ], [ -2.392, 6.6142 ], [ -2.3954, 6.617 ], [ -2.3923, 6.6243 ], [ -2.3988, 6.6256 ], [ -2.4029, 6.6349 ], [ -2.3998, 6.64 ], [ -2.3998, 6.6378 ], [ -2.3961, 6.6389 ], [ -2.3979, 6.6402 ], [ -2.3948, 6.6434 ], [ -2.3976, 6.6441 ], [ -2.3953, 6.6482 ], [ -2.4128, 6.6507 ], [ -2.4169, 6.6591 ], [ -2.4047, 6.6615 ], [ -2.4032, 6.6655 ], [ -2.3891, 6.6659 ], [ -2.3872, 6.6707 ], [ -2.3811, 6.6709 ], [ -2.38, 6.6741 ], [ -2.3723, 6.6716 ], [ -2.3646, 6.6802 ], [ -2.3665, 6.6839 ], [ -2.3638, 6.6886 ], [ -2.36, 6.6873 ], [ -2.3566, 6.6939 ], [ -2.3523, 6.6935 ], [ -2.3516, 6.6971 ], [ -2.3468, 6.6993 ], [ -2.3268, 6.6956 ], [ -2.3257, 6.6922 ], [ -2.317, 6.6929 ], [ -2.3064, 6.6871 ], [ -2.2996, 6.6922 ], [ -2.3016, 6.6962 ], [ -2.2931, 6.7042 ], [ -2.284, 6.6986 ], [ -2.281, 6.7056 ], [ -2.2777, 6.7041 ], [ -2.2741, 6.707 ], [ -2.274, 6.7041 ], [ -2.2644, 6.7103 ], [ -2.2632, 6.7053 ], [ -2.2505, 6.6995 ], [ -2.2449, 6.7042 ], [ -2.2458, 6.7084 ], [ -2.2403, 6.7121 ], [ -2.2376, 6.7199 ], [ -2.2345, 6.7148 ], [ -2.2284, 6.7151 ], [ -2.2286, 6.7124 ], [ -2.2174, 6.7161 ], [ -2.214, 6.7123 ], [ -2.206, 6.7187 ], [ -2.2073, 6.7215 ], [ -2.2038, 6.7252 ], [ -2.2018, 6.7208 ], [ -2.1972, 6.7225 ], [ -2.1965, 6.7282 ], [ -2.1783, 6.7492 ], [ -2.1782, 6.7617 ], [ -2.1406, 6.7872 ], [ -2.1215, 6.7863 ], [ -2.1196, 6.7915 ], [ -2.1072, 6.7858 ], [ -2.053, 6.7801 ], [ -2.0402, 6.7711 ], [ -2.0214, 6.7823 ], [ -2.0097, 6.7753 ], [ -1.9989, 6.7532 ], [ -1.9945, 6.7557 ], [ -1.9951, 6.7601 ], [ -1.9903, 6.7678 ], [ -1.9919, 6.7739 ], [ -1.9821, 6.7746 ], [ -1.9686, 6.7617 ], [ -1.9713, 6.7397 ], [ -1.9647, 6.7388 ], [ -1.9524, 6.7279 ], [ -1.9513, 6.7178 ], [ -1.9555, 6.7145 ], [ -1.9524, 6.7057 ], [ -1.949, 6.7105 ], [ -1.9438, 6.7114 ], [ -1.9433, 6.719 ], [ -1.9375, 6.7216 ], [ -1.9356, 6.7262 ], [ -1.9381, 6.7329 ], [ -1.9311, 6.731 ], [ -1.935, 6.7402 ], [ -1.9264, 6.742 ], [ -1.9223, 6.7351 ], [ -1.9098, 6.7332 ], [ -1.9051, 6.7371 ], [ -1.9069, 6.7451 ] ] ] } },
{ "type": "Feature", "properties": { "shapeName": "Akatsi North", "shapeID": "2480657B78562505377679" }, "geometry": { "type": "Polygon", "coordinates": [ [ [ 0.964, 6.335 ], [ 0.9651, 6.3255 ], [ 0.9599, 6.3132 ], [ 0.9633, 6.3095 ], [ 0.9647, 6.2969 ], [ 0.9593, 6.2885 ], [ 0.9448, 6.2836 ], [ 0.9355, 6.2735 ], [ 0.9283, 6.281 ], [ 0.917, 6.2763 ], [ 0.8975, 6.2784 ], [ 0.8943, 6.2468 ], [ 0.9013, 6.2237 ], [ 0.9002, 6.2177 ], [ 0.8853, 6.1956 ], [ 0.8518, 6.2222 ], [ 0.8316, 6.2223 ], [ 0.8254, 6.2176 ], [ 0.8215, 6.2198 ], [ 0.8206, 6.1843 ], [ 0.8154, 6.1837 ], [ 0.8098, 6.1762 ], [ 0.8025, 6.1777 ], [ 0.795, 6.1737 ], [ 0.7927, 6.195 ], [ 0.7845, 6.1964 ], [ 0.7753, 6.1917 ], [ 0.7737, 6.2028 ], [ 0.7777, 6.2119 ], [ 0.7787, 6.2236 ], [ 0.7754, 6.2359 ], [ 0.7846, 6.2663 ], [ 0.7826, 6.2718 ], [ 0.793, 6.2947 ], [ 0.7906, 6.3219 ], [ 0.7786, 6.351 ], [ 0.7878, 6.3543 ], [ 0.783, 6.3714 ], [ 0.7845, 6.3766 ], [ 0.7907, 6.3807 ], [ 0.7863, 6.3844 ], [ 0.788, 6.3975 ], [ 0.7544, 6.4158 ], [ 0.7485, 6.4152 ], [ 0.7457, 6.428 ], [ 0.7492, 6.4482 ], [ 0.782, 6.4345 ], [ 0.7875, 6.4134 ], [ 0.8261, 6.4041 ], [ 0.8619, 6.3792 ], [ 0.8838, 6.3555 ], [ 0.8926, 6.3355 ], [ 0.964, 6.335 ] ] ] } },
{ "type": "Feature", "properties": { "shapeName": "Ho Municipal", "shapeID": "2480657B35240131522033" }, "geometry": { "type": "MultiPolygon", "coordinates": [ [ [ [ 0.6364, 6.6299 ], [ 0.6403, 6.6313 ], [ 0.6386, 6.6298 ], [ 0.6364, 6.6299 ] ] ], [ [ [ 0.6364, 6.6299 ], [ 0.6296, 6.6268 ], [ 0.6272, 6.6187 ], [ 0.6119, 6.5982 ], [ 0.6047, 6.5921 ], [ 0.5892, 6.5867 ], [ 0.5836, 6.578 ], [ 0.5643, 6.5894 ], [ 0.5531, 6.5916 ], [ 0.5459, 6.5801 ], [ 0.5242, 6.572 ], [ 0.52, 6.5974 ], [ 0.4976, 6.6012 ], [ 0.489, 6.5994 ], [ 0.4877, 6.5887 ], [ 0.4924, 6.5786 ], [ 0.4825, 6.5545 ], [ 0.4727, 6.5605 ], [ 0.4691, 6.5734 ], [ 0.4638, 6.5793 ], [ 0.4574, 6.5623 ], [ 0.443, 6.543 ], [ 0.4453, 6.5379 ], [ 0.437, 6.5253 ], [ 0.4342, 6.5257 ], [ 0.4334, 6.5202 ], [ 0.4299, 6.5232 ], [ 0.4338, 6.5341 ], [ 0.4323, 6.5444 ], [ 0.4284, 6.5488 ], [ 0.4089, 6.5565 ], [ 0.4071, 6.5609 ], [ 0.3945, 6.5691 ], [ 0.3856, 6.5727 ], [ 0.3772, 6.5697 ], [ 0.375, 6.5738 ], [ 0.3633, 6.5694 ], [ 0.361, 6.573 ], [ 0.3399, 6.5757 ], [ 0.3508, 6.5828 ], [ 0.3577, 6.5821 ], [ 0.3596, 6.5845 ], [ 0.3685, 6.6125 ], [ 0.3664, 6.6193 ], [ 0.3745, 6.6317 ], [ 0.3774, 6.6346 ], [ 0.3848, 6.6313 ], [ 0.3957, 6.6322 ], [ 0.4048, 6.6471 ], [ 0.4274, 6.665 ], [ 0.4293, 6.6892 ], [ 0.4258, 6.6991 ], [ 0.4224, 6.7003 ], [ 0.422, 6.709 ], [ 0.4165, 6.7199 ], [ 0.4173, 6.7261 ], [ 0.4223, 6.7278 ], [ 0.424, 6.7352 ], [ 0.4215, 6.7563 ], [ 0.4316, 6.7653 ], [ 0.4428, 6.7699 ], [ 0.4506, 6.7785 ], [ 0.4588, 6.7718 ], [ 0.4558, 6.7641 ], [ 0.4622, 6.7465 ], [ 0.4701, 6.7486 ], [ 0.4789, 6.7593 ], [ 0.4805, 6.7436 ], [ 0.4831, 6.7421 ], [ 0.4883, 6.7527 ], [ 0.4968, 6.7436 ], [ 0.5057, 6.7542 ], [ 0.5203, 6.7612 ], [ 0.5232, 6.7723 ], [ 0.5197, 6.7777 ], [ 0.5234, 6.7873 ], [ 0.5032, 6.7872 ], [ 0.4971, 6.796 ], [ 0.5035, 6.803 ], [ 0.5086, 6.8033 ], [ 0.5064, 6.8127 ], [ 0.5154, 6.8168 ], [ 0.5201, 6.8256 ], [ 0.5301, 6.8275 ], [ 0.5394, 6.8246 ], [ 0.5464, 6.8282 ], [ 0.5443, 6.8304 ], [ 0.5473, 6.8344 ], [ 0.561, 6.8239 ], [ 0.565, 6.8247 ], [ 0.5681, 6.821 ], [ 0.5663, 6.8145 ], [ 0.5705, 6.813 ], [ 0.5705, 6.8088 ], [ 0.5799, 6.807 ], [ 0.5762, 6.8042 ], [ 0.5756, 6.7981 ], [ 0.5675, 6.8028 ], [ 0.5707, 6.797 ], [ 0.5672, 6.7971 ], [ 0.57, 6.7929 ], [ 0.5662, 6.7883 ], [ 0.5669, 6.7821 ], [ 0.5776, 6.7742 ], [ 0.5717, 6.7744 ], [ 0.5818, 6.7615 ], [ 0.6009, 6.7565 ], [ 0.6084, 6.7472 ], [ 0.6186, 6.7545 ], [ 0.6252, 6.7474 ], [ 0.6326, 6.7489 ], [ 0.6504, 6.7376 ], [ 0.6456, 6.7313 ], [ 0.6432, 6.7191 ], [ 0.6492, 6.7128 ], [ 0.6437, 6.6973 ], [ 0.643, 6.6894 ], [ 0.6464, 6.6845 ], [ 0.6424, 6.6752 ], [ 0.6447, 6.667 ], [ 0.6387, 6.6516 ], [ 0.6404, 6.6498 ], [ 0.6355, 6.6434 ], [ 0.6352, 6.6406 ], [ 0.64, 6.6384 ], [ 0.6365, 6.6368 ], [ 0.6364, 6.6299 ] ] ] ] } },
{ "type": "Feature", "properties": { "shapeName": "Adansi South", "shapeID": "2480657B97463209696641" }, "geometry": { "type": "Polygon", "coordinates": [ [ [ -1.546, 5.9391 ], [ -1.5429, 5.9444 ], [ -1.5523, 5.9515 ], [ -1.5423, 5.9839 ], [ -1.5431, 6.0076 ], [ -1.5512, 6.0212 ], [ -1.4851, 6.069 ], [ -1.4338, 6.0582 ], [ -1.4323, 6.0452 ], [ -1.4064, 6.0471 ], [ -1.4058, 6.0557 ], [ -1.4172, 6.059 ], [ -1.4193, 6.0677 ], [ -1.4144, 6.0743 ], [ -1.4197, 6.0922 ], [ -1.3968, 6.1217 ], [ -1.3843, 6.1208 ], [ -1.3705, 6.1289 ], [ -1.3603, 6.1282 ], [ -1.3524, 6.1318 ], [ -1.3586, 6.1409 ], [ -1.3597, 6.1496 ], [ -1.3655, 6.1544 ], [ -1.2931, 6.1446 ], [ -1.2811, 6.1228 ], [ -1.2623, 6.1112 ], [ -1.2614, 6.1014 ], [ -1.2517, 6.1047 ], [ -1.2508, 6.1138 ], [ -1.2449, 6.1186 ], [ -1.2335, 6.1176 ], [ -1.2266, 6.1224 ], [ -1.22, 6.1191 ], [ -1.2081, 6.1202 ], [ -1.2055, 6.1175 ], [ -1.2066, 6.1124 ], [ -1.2014, 6.1097 ], [ -1.2007, 6.1126 ], [ -1.1951, 6.1137 ], [ -1.1901, 6.1097 ], [ -1.1919, 6.1022 ], [ -1.1875, 6.1001 ], [ -1.1876, 6.0963 ], [ -1.1902, 6.0921 ], [ -1.2033, 6.0931 ], [ -1.2048, 6.091 ], [ -1.1983, 6.0825 ], [ -1.2067, 6.0774 ], [ -1.2064, 6.0716 ], [ -1.2145, 6.0682 ], [ -1.2098, 6.0619 ], [ -1.2115, 6.0571 ], [ -1.2072, 6.0561 ], [ -1.2083, 6.0527 ], [ -1.2312, 6.0387 ], [ -1.2291, 6.0337 ], [ -1.2333, 6.0282 ], [ -1.2301, 6.0273 ], [ -1.2298, 6.0196 ], [ -1.2274, 6.0187 ], [ -1.2304, 6.0134 ], [ -1.2421, 6.01 ], [ -1.2407, 6.0065 ], [ -1.2437, 6.0027 ], [ -1.2411, 5.9967 ], [ -1.2469, 5.9909 ], [ -1.2453, 5.9862 ], [ -1.2386, 5.9845 ], [ -1.2374, 5.9794 ], [ -1.2292, 5.9828 ], [ -1.223, 5.9772 ], [ -1.2187, 5.9636 ], [ -1.2244, 5.9577 ], [ -1.2208, 5.9556 ], [ -1.2247, 5.9459 ], [ -1.2189, 5.942 ], [ -1.2278, 5.9326 ], [ -1.234, 5.9345 ], [ -1.2379, 5.9311 ], [ -1.2426, 5.932 ], [ -1.246, 5.9222 ], [ -1.2442, 5.9136 ], [ -1.25, 5.9147 ], [ -1.2555, 5.9105 ], [ -1.2559, 5.9165 ], [ -1.2609, 5.9154 ], [ -1.2627, 5.9055 ], [ -1.2583, 5.9036 ], [ -1.2624, 5.8908 ], [ -1.27, 5.8942 ], [ -1.2752, 5.9029 ], [ -1.2833, 5.8995 ], [ -1.2902, 5.8891 ], [ -1.298, 5.8856 ], [ -1.3058, 5.8876 ], [ -1.3084, 5.89 ], [ -1.304, 5.9005 ], [ -1.3122, 5.9071 ], [ -1.3116, 5.9168 ], [ -1.3066, 5.9231 ], [ -1.3089, 5.9264 ], [ -1.3177, 5.924 ], [ -1.3178, 5.918 ], [ -1.323, 5.9142 ], [ -1.3353, 5.9168 ], [ -1.3425, 5.9108 ], [ -1.3442, 5.9142 ], [ -1.3404, 5.9159 ], [ -1.3356, 5.9265 ], [ -1.3474, 5.9193 ], [ -1.3477, 5.9311 ], [ -1.3539, 5.9342 ], [ -1.377, 5.9345 ], [ -1.3785, 5.9304 ], [ -1.3754, 5.929 ], [ -1.3744, 5.9225 ], [ -1.3802, 5.9163 ], [ -1.394, 5.9197 ], [ -1.3989, 5.9169 ], [ -1.4044, 5.922 ], [ -1.4187, 5.9214 ], [ -1.4161, 5.9153 ], [ -1.4214, 5.9034 ], [ -1.4287, 5.9098 ], [ -1.4371, 5.9013 ], [ -1.4507, 5.9063 ], [ -1.4564, 5.8936 ], [ -1.4624, 5.8971 ], [ -1.4619, 5.9043 ], [ -1.4669, 5.9042 ], [ -1.4653, 5.894 ], [ -1.4591, 5.8866 ], [ -1.4617, 5.8622 ], [ -1.4692, 5.8619 ], [ -1.4759, 5.8551 ], [ -1.4828, 5.867 ], [ -1.4885, 5.8688 ], [ -1.4865, 5.8647 ], [ -1.49, 5.8625 ], [ -1.4953, 5.8683 ], [ -1.501, 5.8682 ], [ -1.5007, 5.877 ], [ -1.5114, 5.8763 ], [ -1.5166, 5.8726 ], [ -1.5218, 5.8751 ], [ -1.5166, 5.89 ], [ -1.5085, 5.891 ], [ -1.5064, 5.8871 ], [ -1.4979, 5.8908 ], [ -1.5017, 5.8955 ], [ -1.5054, 5.8951 ], [ -1.5005, 5.9055 ], [ -1.5164, 5.914 ], [ -1.5211, 5.9287 ], [ -1.5247, 5.9279 ], [ -1.5256, 5.9215 ], [ -1.5308, 5.9231 ], [ -1.5307, 5.9312 ], [ -1.5268, 5.9337 ], [ -1.5289, 5.9378 ], [ -1.546, 5.9391 ] ] ] } },
{ "type": "Feature", "properties": { "shapeName": "Hohoe Municipal", "shapeID": "2480657B20464126159243" }, "geometry": { "type": "Polygon", "coordinates": [ [ [ 0.4794, 7.2923 ], [ 0.4914, 7.2901 ], [ 0.5051, 7.3009 ], [ 0.5225, 7.2976 ], [ 0.5272, 7.303 ], [ 0.5342, 7.3051 ], [ 0.5351, 7.2994 ], [ 0.5405, 7.2955 ], [ 0.5417, 7.2714 ], [ 0.537, 7.2563 ], [ 0.5334, 7.2544 ], [ 0.5336, 7.2473 ], [ 0.5171, 7.2397 ], [ 0.5212, 7.2347 ], [ 0.5193, 7.2205 ], [ 0.5357, 7.22 ], [ 0.5427, 7.2251 ], [ 0.5409, 7.2332 ], [ 0.544, 7.2385 ], [ 0.5486, 7.2389 ], [ 0.549, 7.2465 ], [ 0.5527, 7.2474 ], [ 0.553, 7.2534 ], [ 0.557, 7.2538 ], [ 0.5609, 7.2596 ], [ 0.5629, 7.2682 ], [ 0.5717, 7.2676 ], [ 0.5733, 7.281 ], [ 0.5771, 7.2841 ], [ 0.574, 7.2846 ], [ 0.5741, 7.2878 ], [ 0.5808, 7.2886 ], [ 0.5836, 7.2781 ], [ 0.6063, 7.2665 ], [ 0.6442, 7.263 ], [ 0.6387, 7.2372 ], [ 0.6392, 7.2247 ], [ 0.6337, 7.2196 ], [ 0.6313, 7.1964 ], [ 0.6249, 7.1828 ], [ 0.6172, 7.1825 ], [ 0.6169, 7.1616 ], [ 0.6133, 7.1569 ], [ 0.6056, 7.1575 ], [ 0.6051, 7.141 ], [ 0.5969, 7.1336 ], [ 0.5921, 7.1137 ], [ 0.5979, 7.1143 ], [ 0.6023, 7.1087 ], [ 0.6118, 7.1059 ], [ 0.6141, 7.1005 ], [ 0.6117, 7.0975 ], [ 0.6147, 7.0952 ], [ 0.5971, 7.06 ], [ 0.6027, 7.0232 ], [ 0.5941, 7.009 ], [ 0.5952, 7.0024 ], [ 0.5909, 7.0065 ], [ 0.5719, 7.0116 ], [ 0.5719, 7.0225 ], [ 0.5674, 7.0226 ], [ 0.563, 7.0284 ], [ 0.5534, 7.0286 ], [ 0.5565, 7.0322 ], [ 0.5554, 7.0394 ], [ 0.5445, 7.0456 ], [ 0.5346, 7.0501 ], [ 0.5281, 7.0482 ], [ 0.5222, 7.0527 ], [ 0.5009, 7.0502 ], [ 0.5054, 7.0548 ], [ 0.5026, 7.061 ], [ 0.4851, 7.0628 ], [ 0.4675, 7.0524 ], [ 0.4579, 7.0521 ], [ 0.4442, 7.0577 ], [ 0.4345, 7.0549 ], [ 0.4299, 7.0595 ], [ 0.4349, 7.0696 ], [ 0.4289, 7.0702 ], [ 0.418, 7.0794 ], [ 0.4076, 7.0783 ], [ 0.3982, 7.084 ], [ 0.3918, 7.0782 ], [ 0.394, 7.0733 ], [ 0.3847, 7.0709 ], [ 0.3842, 7.0659 ], [ 0.3876, 7.0639 ], [ 0.3697, 7.0646 ], [ 0.3669, 7.0507 ], [ 0.3566, 7.0541 ], [ 0.35, 7.0666 ], [ 0.3421, 7.0695 ], [ 0.3285, 7.0892 ], [ 0.3281, 7.0973 ], [ 0.3398, 7.1158 ], [ 0.3369, 7.1255 ], [ 0.3386, 7.1306 ], [ 0.3416, 7.1273 ], [ 0.3502, 7.1265 ], [ 0.3575, 7.1316 ], [ 0.3712, 7.1542 ], [ 0.3916, 7.2266 ], [ 0.4155, 7.2661 ], [ 0.4271, 7.2809 ], [ 0.4353, 7.2846 ], [ 0.441, 7.2774 ], [ 0.4484, 7.2771 ], [ 0.4454, 7.2816 ], [ 0.452, 7.2848 ], [ 0.4486, 7.2977 ], [ 0.4652, 7.2897 ], [ 0.4794, 7.2923 ] ] ] } },
{ "type": "Feature", "properties": { "shapeName": "Adansi Asokwa", "shapeID": "2480657B45906044715427" }, "geometry": { "type": "Polygon", "coordinates": [ [ [ -1.2341, 6.2817 ], [ -1.2297, 6.2844 ], [ -1.2277, 6.2807 ], [ -1.2304, 6.2642 ], [ -1.2246, 6.2622 ], [ -1.2256, 6.2575 ], [ -1.2124, 6.2381 ], [ -1.2145, 6.2292 ], [ -1.2117, 6.226 ], [ -1.2076, 6.2282 ], [ -1.2014, 6.2218 ], [ -1.2041, 6.2188 ], [ -1.2014, 6.2171 ], [ -1.2037, 6.2146 ], [ -1.2022, 6.2042 ], [ -1.1978, 6.1996 ], [ -1.2217, 6.2125 ], [ -1.2439, 6.2076 ], [ -1.2568, 6.2204 ], [ -1.2637, 6.2153 ], [ -1.2626, 6.2103 ], [ -1.2701, 6.2028 ], [ -1.2758, 6.2064 ], [ -1.2818, 6.2035 ], [ -1.2917, 6.206 ], [ -1.2957, 6.2008 ], [ -1.2986, 6.1878 ], [ -1.2906, 6.1664 ], [ -1.2935, 6.1599 ], [ -1.2931, 6.1446 ], [ -1.3655, 6.1544 ], [ -1.3597, 6.1496 ], [ -1.3586, 6.1409 ], [ -1.3524, 6.1318 ], [ -1.3603, 6.1282 ], [ -1.3705, 6.1289 ], [ -1.3843, 6.1208 ], [ -1.3968, 6.1217 ], [ -1.4197, 6.0922 ], [ -1.4144, 6.0743 ], [ -1.4193, 6.0677 ], [ -1.4172, 6.059 ], [ -1.4058, 6.0557 ], [ -1.4064, 6.0471 ], [ -1.4323, 6.0452 ], [ -1.4338, 6.0582 ], [ -1.4851, 6.069 ], [ -1.5402, 6.0302 ], [ -1.5375, 6.0461 ], [ -1.5426, 6.0476 ], [ -1.5463, 6.0546 ], [ -1.5526, 6.0583 ], [ -1.5556, 6.0835 ], [ -1.5515, 6.0945 ], [ -1.5444, 6.0973 ], [ -1.5436, 6.1064 ], [ -1.5488, 6.1105 ], [ -1.5571, 6.1082 ], [ -1.5585, 6.121 ], [ -1.5675, 6.1217 ], [ -1.5731, 6.128 ], [ -1.5746, 6.1441 ], [ -1.5776, 6.1465 ], [ -1.5942, 6.1355 ], [ -1.604, 6.1187 ], [ -1.6126, 6.1207 ], [ -1.6079, 6.1341 ], [ -1.6015, 6.1398 ], [ -1.5997, 6.1523 ], [ -1.5926, 6.1547 ], [ -1.5887, 6.1634 ], [ -1.5828, 6.1641 ], [ -1.5762, 6.1836 ], [ -1.563, 6.1966 ], [ -1.5658, 6.2015 ], [ -1.5637, 6.221 ], [ -1.5672, 6.2263 ], [ -1.5623, 6.2296 ], [ -1.5476, 6.2289 ], [ -1.5407, 6.2342 ], [ -1.5326, 6.2306 ], [ -1.5276, 6.2336 ], [ -1.5223, 6.2281 ], [ -1.4899, 6.2404 ], [ -1.4657, 6.27 ], [ -1.4625, 6.2787 ], [ -1.4745, 6.295 ], [ -1.4753, 6.3022 ], [ -1.4669, 6.2903 ], [ -1.4597, 6.291 ], [ -1.4518, 6.2989 ], [ -1.44, 6.3042 ], [ -1.4258, 6.3035 ], [ -1.4193, 6.2896 ], [ -1.3996, 6.2838 ], [ -1.3942, 6.2875 ], [ -1.3924, 6.2972 ], [ -1.3855, 6.3025 ], [ -1.3868, 6.2899 ], [ -1.3767, 6.272 ], [ -1.3879, 6.2511 ], [ -1.3854, 6.2353 ], [ -1.3724, 6.2272 ], [ -1.3565, 6.2403 ], [ -1.3395, 6.2427 ], [ -1.329, 6.2379 ], [ -1.3209, 6.2242 ], [ -1.3028, 6.2278 ], [ -1.2966, 6.2363 ], [ -1.2894, 6.2328 ], [ -1.2735, 6.2536 ], [ -1.2592, 6.2566 ], [ -1.2534, 6.2645 ], [ -1.2428, 6.2646 ], [ -1.2341, 6.2817 ] ] ] } },
{ "type": "Feature", "properties": { "shapeName": "Ho West", "shapeID": "2480657B47242267083805" }, "geometry": { "type": "Polygon", "coordinates": [ [ [ 0.4299, 6.5232 ], [ 0.4375, 6.5192 ], [ 0.441, 6.5124 ], [ 0.4405, 6.5052 ], [ 0.4278, 6.4874 ], [ 0.4098, 6.4703 ], [ 0.411, 6.4541 ], [ 0.4073, 6.452 ], [ 0.4088, 6.4432 ], [ 0.4152, 6.4398 ], [ 0.4177, 6.4338 ], [ 0.4176, 6.4286 ], [ 0.4132, 6.4267 ], [ 0.4128, 6.4227 ], [ 0.4189, 6.4064 ], [ 0.4139, 6.4016 ], [ 0.4131, 6.3961 ], [ 0.4179, 6.3961 ], [ 0.4211, 6.3871 ], [ 0.4175, 6.3804 ], [ 0.4195, 6.3728 ], [ 0.4164, 6.3664 ], [ 0.4243, 6.3568 ], [ 0.4214, 6.3549 ], [ 0.4277, 6.3422 ], [ 0.4334, 6.3427 ], [ 0.4388, 6.338 ], [ 0.4455, 6.3229 ], [ 0.4459, 6.3121 ], [ 0.4416, 6.3071 ], [ 0.4436, 6.3028 ], [ 0.4323, 6.2958 ], [ 0.4232, 6.2598 ], [ 0.417, 6.2593 ], [ 0.4134, 6.2747 ], [ 0.4049, 6.2819 ], [ 0.4027, 6.2917 ], [ 0.3902, 6.3036 ], [ 0.3776, 6.3082 ], [ 0.3722, 6.3028 ], [ 0.3373, 6.3142 ], [ 0.3219, 6.3208 ], [ 0.3044, 6.3336 ], [ 0.1976, 6.3338 ], [ 0.1727, 6.3309 ], [ 0.1782, 6.3341 ], [ 0.1789, 6.3407 ], [ 0.187, 6.3389 ], [ 0.1856, 6.3421 ], [ 0.1883, 6.3457 ], [ 0.1943, 6.3483 ], [ 0.1972, 6.3544 ], [ 0.2004, 6.3531 ], [ 0.2013, 6.3571 ], [ 0.2041, 6.3565 ], [ 0.2, 6.3707 ], [ 0.205, 6.3714 ], [ 0.2073, 6.3772 ], [ 0.2131, 6.3784 ], [ 0.2165, 6.3844 ], [ 0.2088, 6.3967 ], [ 0.212, 6.4126 ], [ 0.2007, 6.4396 ], [ 0.2065, 6.4416 ], [ 0.2081, 6.4474 ], [ 0.1984, 6.4558 ], [ 0.2057, 6.4757 ], [ 0.2207, 6.4969 ], [ 0.2484, 6.5121 ], [ 0.284, 6.5413 ], [ 0.2832, 6.5549 ], [ 0.2876, 6.5742 ], [ 0.2853, 6.5778 ], [ 0.2766, 6.5782 ], [ 0.2732, 6.59 ], [ 0.2903, 6.5948 ], [ 0.3118, 6.6066 ], [ 0.3397, 6.6374 ], [ 0.3458, 6.6542 ], [ 0.343, 6.6584 ], [ 0.353, 6.6792 ], [ 0.3494, 6.6791 ], [ 0.3477, 6.6857 ], [ 0.3558, 6.715 ], [ 0.3706, 6.7343 ], [ 0.3779, 6.7566 ], [ 0.3906, 6.78 ], [ 0.3971, 6.821 ], [ 0.4063, 6.8335 ], [ 0.4113, 6.8585 ], [ 0.4017, 6.869 ], [ 0.3909, 6.9079 ], [ 0.3861, 6.9113 ], [ 0.3966, 6.9247 ], [ 0.401, 6.9247 ], [ 0.405, 6.9088 ], [ 0.4171, 6.8927 ], [ 0.4366, 6.8894 ], [ 0.4368, 6.8825 ], [ 0.4456, 6.8699 ], [ 0.4554, 6.8657 ], [ 0.4741, 6.8723 ], [ 0.4879, 6.8866 ], [ 0.5041, 6.9045 ], [ 0.5097, 6.9193 ], [ 0.5259, 6.9416 ], [ 0.545, 6.9354 ], [ 0.5477, 6.9376 ], [ 0.55, 6.9296 ], [ 0.5595, 6.9286 ], [ 0.5661, 6.9208 ], [ 0.5572, 6.8869 ], [ 0.5345, 6.8774 ], [ 0.5432, 6.8647 ], [ 0.5318, 6.8567 ], [ 0.5318, 6.8335 ], [ 0.5346, 6.8342 ], [ 0.5328, 6.8288 ], [ 0.5201, 6.8256 ], [ 0.5154, 6.8168 ], [ 0.5073, 6.8137 ], [ 0.5086, 6.8033 ], [ 0.5035, 6.803 ], [ 0.4967, 6.7952 ], [ 0.5032, 6.7872 ], [ 0.5234, 6.7873 ], [ 0.5197, 6.7777 ], [ 0.5232, 6.7723 ], [ 0.5203, 6.7612 ], [ 0.5057, 6.7542 ], [ 0.4968, 6.7436 ], [ 0.4883, 6.7527 ], [ 0.4831, 6.7421 ], [ 0.4805, 6.7436 ], [ 0.4789, 6.7593 ], [ 0.4701, 6.7486 ], [ 0.4625, 6.7464 ], [ 0.4558, 6.7641 ], [ 0.4588, 6.7718 ], [ 0.4506, 6.7785 ], [ 0.4428, 6.7699 ], [ 0.4316, 6.7653 ], [ 0.4215, 6.7563 ], [ 0.424, 6.7352 ], [ 0.4223, 6.7278 ], [ 0.4173, 6.7261 ], [ 0.4165, 6.7199 ], [ 0.422, 6.709 ], [ 0.4224, 6.7003 ], [ 0.4258, 6.6991 ], [ 0.4293, 6.6892 ], [ 0.4274, 6.665 ], [ 0.4048, 6.6471 ], [ 0.3957, 6.6322 ], [ 0.3848, 6.6313 ], [ 0.3774, 6.6346 ], [ 0.3745, 6.6317 ], [ 0.3664, 6.6193 ], [ 0.3685, 6.6125 ], [ 0.3596, 6.5845 ], [ 0.3577, 6.5821 ], [ 0.3508, 6.5828 ], [ 0.3399, 6.5757 ], [ 0.361, 6.573 ], [ 0.3633, 6.5694 ], [ 0.375, 6.5738 ], [ 0.3772, 6.5697 ], [ 0.3856, 6.5727 ], [ 0.3945, 6.5691 ], [ 0.4071, 6.5609 ], [ 0.4089, 6.5565 ], [ 0.4284, 6.5488 ], [ 0.4323, 6.5444 ], [ 0.4338, 6.5341 ], [ 0.4299, 6.5232 ] ] ] } },
{ "type": "Feature", "properties": { "shapeName": "Bosome Freho", "shapeID": "2480657B30283206314404" }, "geometry": { "type": "MultiPolygon", "coordinates": [ [ [ [ -1.1978, 6.1996 ], [ -1.194, 6.2002 ], [ -1.1932, 6.196 ], [ -1.1868, 6.1937 ], [ -1.1902, 6.1926 ], [ -1.1887, 6.184 ], [ -1.179, 6.1799 ], [ -1.1788, 6.1725 ], [ -1.1827, 6.1726 ], [ -1.1811, 6.1667 ], [ -1.1854, 6.1703 ], [ -1.1861, 6.1676 ], [ -1.1784, 6.1575 ], [ -1.1814, 6.1568 ], [ -1.1796, 6.1479 ], [ -1.1835, 6.1494 ], [ -1.1833, 6.1436 ], [ -1.1905, 6.1439 ], [ -1.1931, 6.1353 ], [ -1.2022, 6.1321 ], [ -1.1932, 6.1216 ], [ -1.2058, 6.1158 ], [ -1.2081, 6.1202 ], [ -1.22, 6.1191 ], [ -1.2266, 6.1224 ], [ -1.2335, 6.1176 ], [ -1.2449, 6.1186 ], [ -1.2508, 6.1138 ], [ -1.2517, 6.1047 ], [ -1.2614, 6.1014 ], [ -1.2623, 6.1112 ], [ -1.2811, 6.1228 ], [ -1.2931, 6.1446 ], [ -1.2935, 6.1599 ], [ -1.2906, 6.1664 ], [ -1.2986, 6.1878 ], [ -1.2957, 6.2008 ], [ -1.2917, 6.206 ], [ -1.2818, 6.2035 ], [ -1.2758, 6.2064 ], [ -1.2701, 6.2028 ], [ -1.2626, 6.2103 ], [ -1.2637, 6.2153 ], [ -1.2568, 6.2204 ], [ -1.2439, 6.2076 ], [ -1.2217, 6.2125 ], [ -1.1978, 6.1996 ] ] ], [ [ [ -1.2932, 6.4074 ], [ -1.2966, 6.4002 ], [ -1.2924, 6.3929 ], [ -1.297, 6.3876 ], [ -1.2921, 6.3818 ], [ -1.2921, 6.3765 ], [ -1.2977, 6.3727 ], [ -1.2968, 6.3701 ], [ -1.2852, 6.3572 ], [ -1.283, 6.3598 ], [ -1.28, 6.357 ], [ -1.2809, 6.3469 ], [ -1.277, 6.3462 ], [ -1.281, 6.3405 ], [ -1.2796, 6.3361 ], [ -1.2752, 6.3386 ], [ -1.2699, 6.3363 ], [ -1.2662, 6.329 ], [ -1.2678, 6.3243 ], [ -1.2605, 6.3167 ], [ -1.2627, 6.3115 ], [ -1.2592, 6.3096 ], [ -1.2591, 6.3054 ], [ -1.2547, 6.3058 ], [ -1.2422, 6.293 ], [ -1.24, 6.2805 ], [ -1.2341, 6.2817 ], [ -1.2428, 6.2646 ], [ -1.2534, 6.2645 ], [ -1.2592, 6.2566 ], [ -1.2735, 6.2536 ], [ -1.2894, 6.2328 ], [ -1.2966, 6.2363 ], [ -1.3028, 6.2278 ], [ -1.3209, 6.2242 ], [ -1.329, 6.2379 ], [ -1.3395, 6.2427 ], [ -1.3565, 6.2403 ], [ -1.3724, 6.2272 ], [ -1.3854, 6.2353 ], [ -1.3879, 6.2511 ], [ -1.3767, 6.272 ], [ -1.3868, 6.2899 ], [ -1.3855, 6.3025 ], [ -1.3924, 6.2972 ], [ -1.3942, 6.2875 ], [ -1.3996, 6.2838 ], [ -1.4193, 6.2896 ], [ -1.4258, 6.3035 ], [ -1.44, 6.3042 ], [ -1.4518, 6.2989 ], [ -1.4597, 6.291 ], [ -1.4683, 6.2903 ], [ -1.4811, 6.3077 ], [ -1.4424, 6.3434 ], [ -1.4442, 6.3489 ], [ -1.4355, 6.3615 ], [ -1.4377, 6.3696 ], [ -1.4337, 6.3687 ], [ -1.4263, 6.3789 ], [ -1.4267, 6.384 ], [ -1.4353, 6.3844 ], [ -1.4471, 6.4245 ], [ -1.4226, 6.4304 ], [ -1.4291, 6.4375 ], [ -1.4512, 6.4462 ], [ -1.4514, 6.4519 ], [ -1.4588, 6.4622 ], [ -1.4721, 6.4655 ], [ -1.4783, 6.4632 ], [ -1.4843, 6.4679 ], [ -1.4839, 6.4884 ], [ -1.4738, 6.5021 ], [ -1.475, 6.5116 ], [ -1.4614, 6.5092 ], [ -1.4564, 6.5019 ], [ -1.4463, 6.4965 ], [ -1.4448, 6.4814 ], [ -1.4353, 6.4724 ], [ -1.402, 6.4741 ], [ -1.4008, 6.4692 ], [ -1.3883, 6.4723 ], [ -1.3811, 6.4805 ], [ -1.3613, 6.4717 ], [ -1.35, 6.4711 ], [ -1.3428, 6.4636 ], [ -1.329, 6.4601 ], [ -1.3124, 6.4402 ], [ -1.3091, 6.4422 ], [ -1.3009, 6.4391 ], [ -1.2983, 6.4327 ], [ -1.3033, 6.4245 ], [ -1.2986, 6.42 ], [ -1.3007, 6.4108 ], [ -1.2979, 6.4071 ], [ -1.2932, 6.4074 ] ] ] ] } },
{ "type": "Feature", "properties": { "shapeName": "Afadzato South", "shapeID": "2480657B45105521184723" }, "geometry": { "type": "Polygon", "coordinates": [ [ [ 0.3629, 7.0513 ], [ 0.3669, 7.0507 ], [ 0.3697, 7.0646 ], [ 0.3876, 7.0639 ], [ 0.3842, 7.0659 ], [ 0.3847, 7.0709 ], [ 0.394, 7.0733 ], [ 0.3918, 7.0782 ], [ 0.3982, 7.084 ], [ 0.4076, 7.0783 ], [ 0.418, 7.0794 ], [ 0.4289, 7.0702 ], [ 0.4349, 7.0696 ], [ 0.4299, 7.0595 ], [ 0.4345, 7.0549 ], [ 0.4442, 7.0577 ], [ 0.4579, 7.0521 ], [ 0.4675, 7.0524 ], [ 0.4851, 7.0628 ], [ 0.505, 7.0595 ], [ 0.5054, 7.0548 ], [ 0.5009, 7.0502 ], [ 0.5222, 7.0527 ], [ 0.5281, 7.0482 ], [ 0.5346, 7.0501 ], [ 0.5554, 7.0394 ], [ 0.5565, 7.0322 ], [ 0.5534, 7.0286 ], [ 0.563, 7.0284 ], [ 0.5674, 7.0226 ], [ 0.5719, 7.0225 ], [ 0.5719, 7.0116 ], [ 0.5909, 7.0065 ], [ 0.5952, 7.0024 ], [ 0.5863, 7.0022 ], [ 0.5777, 6.9969 ], [ 0.5697, 6.9998 ], [ 0.5485, 6.9935 ], [ 0.5386, 6.9863 ], [ 0.5351, 6.978 ], [ 0.5229, 6.9734 ], [ 0.5263, 6.9551 ], [ 0.5229, 6.9477 ], [ 0.5259, 6.9416 ], [ 0.5097, 6.9193 ], [ 0.5041, 6.9045 ], [ 0.4741, 6.8723 ], [ 0.4554, 6.8657 ], [ 0.4481, 6.8673 ], [ 0.4387, 6.8786 ], [ 0.4366, 6.8894 ], [ 0.4171, 6.8927 ], [ 0.405, 6.9088 ], [ 0.401, 6.9247 ], [ 0.3961, 6.9242 ], [ 0.3861, 6.9113 ], [ 0.3909, 6.9079 ], [ 0.4017, 6.869 ], [ 0.4113, 6.8585 ], [ 0.4072, 6.8378 ], [ 0.3979, 6.8237 ], [ 0.3906, 6.78 ], [ 0.3779, 6.7566 ], [ 0.3706, 6.7343 ], [ 0.3558, 6.715 ], [ 0.3478, 6.6857 ], [ 0.3455, 6.6866 ], [ 0.3443, 6.6833 ], [ 0.3297, 6.6898 ], [ 0.3174, 6.6859 ], [ 0.3014, 6.672 ], [ 0.2667, 6.668 ], [ 0.2666, 6.6741 ], [ 0.2901, 6.6998 ], [ 0.2886, 6.7181 ], [ 0.2931, 6.7276 ], [ 0.2943, 6.7557 ], [ 0.3026, 6.7649 ], [ 0.3116, 6.7885 ], [ 0.3018, 6.7966 ], [ 0.3098, 6.801 ], [ 0.3113, 6.8098 ], [ 0.3105, 6.8166 ], [ 0.305, 6.8202 ], [ 0.3071, 6.8298 ], [ 0.3133, 6.8295 ], [ 0.3118, 6.8259 ], [ 0.3147, 6.827 ], [ 0.3185, 6.8317 ], [ 0.3155, 6.8377 ], [ 0.3202, 6.8395 ], [ 0.341, 6.8401 ], [ 0.3444, 6.8511 ], [ 0.3496, 6.8554 ], [ 0.3313, 6.8582 ], [ 0.3246, 6.8627 ], [ 0.3305, 6.8702 ], [ 0.3303, 6.8803 ], [ 0.3575, 6.9028 ], [ 0.3537, 6.9046 ], [ 0.3436, 6.8996 ], [ 0.3366, 6.9025 ], [ 0.3392, 6.9039 ], [ 0.3371, 6.9094 ], [ 0.3454, 6.9141 ], [ 0.3447, 6.9199 ], [ 0.3552, 6.9234 ], [ 0.3447, 6.937 ], [ 0.345, 6.9426 ], [ 0.3526, 6.9422 ], [ 0.3541, 6.9476 ], [ 0.3648, 6.9514 ], [ 0.3652, 6.9677 ], [ 0.3777, 6.9887 ], [ 0.3931, 6.9943 ], [ 0.4079, 6.9946 ], [ 0.4134, 7.0065 ], [ 0.4124, 7.0129 ], [ 0.3933, 7.0166 ], [ 0.3924, 7.0207 ], [ 0.3824, 7.0248 ], [ 0.3736, 7.0383 ], [ 0.3627, 7.0459 ], [ 0.3629, 7.0513 ] ] ] } },
{ "type": "Feature", "properties": { "shapeName": "Ahafo Ano South East", "shapeID": "2480657B91945870955547" }, "geometry": { "type": "Polygon", "coordinates": [ [ [ -1.9536, 7.0852 ], [ -1.9298, 7.0816 ], [ -1.9232, 7.0878 ], [ -1.917, 7.0817 ], [ -1.912, 7.0876 ], [ -1.9026, 7.0849 ], [ -1.8921, 7.1017 ], [ -1.8707, 7.1029 ], [ -1.8208, 7.0763 ], [ -1.8109, 7.0765 ], [ -1.8147, 7.0706 ], [ -1.8068, 7.0647 ], [ -1.8085, 7.0586 ], [ -1.8145, 7.0589 ], [ -1.8176, 7.0551 ], [ -1.8135, 7.0517 ], [ -1.8159, 7.0489 ], [ -1.8403, 7.0359 ], [ -1.8476, 7.0243 ], [ -1.841, 7.0152 ], [ -1.8334, 7.0125 ], [ -1.8325, 7.0067 ], [ -1.8216, 6.9995 ], [ -1.8204, 6.9941 ], [ -1.8248, 6.9921 ], [ -1.8268, 6.9841 ], [ -1.8236, 6.9767 ], [ -1.828, 6.9683 ], [ -1.8215, 6.9669 ], [ -1.8203, 6.9559 ], [ -1.811, 6.9504 ], [ -1.8103, 6.9453 ], [ -1.8014, 6.9469 ], [ -1.798, 6.9361 ], [ -1.788, 6.9273 ], [ -1.7868, 6.9165 ], [ -1.7971, 6.9082 ], [ -1.7962, 6.8849 ], [ -1.8031, 6.8826 ], [ -1.8041, 6.8795 ], [ -1.8009, 6.8748 ], [ -1.8028, 6.8642 ], [ -1.7936, 6.852 ], [ -1.7955, 6.84 ], [ -1.7914, 6.8298 ], [ -1.7872, 6.8253 ], [ -1.7794, 6.8263 ], [ -1.7821, 6.8206 ], [ -1.78, 6.8137 ], [ -1.7898, 6.804 ], [ -1.7887, 6.7978 ], [ -1.8084, 6.7981 ], [ -1.8166, 6.7904 ], [ -1.821, 6.79 ], [ -1.8243, 6.7957 ], [ -1.8307, 6.7958 ], [ -1.8303, 6.8011 ], [ -1.8388, 6.8088 ], [ -1.8419, 6.8049 ], [ -1.8513, 6.8103 ], [ -1.861, 6.8103 ], [ -1.8629, 6.804 ], [ -1.8658, 6.8045 ], [ -1.8686, 6.7994 ], [ -1.8702, 6.7916 ], [ -1.8678, 6.7888 ], [ -1.8797, 6.7808 ], [ -1.8909, 6.783 ], [ -1.8911, 6.7712 ], [ -1.8955, 6.77 ], [ -1.8978, 6.7641 ], [ -1.9015, 6.7658 ], [ -1.8991, 6.7617 ], [ -1.907, 6.7537 ], [ -1.9039, 6.7489 ], [ -1.9083, 6.7427 ], [ -1.9048, 6.7405 ], [ -1.9066, 6.7349 ], [ -1.9223, 6.7351 ], [ -1.9264, 6.742 ], [ -1.935, 6.7402 ], [ -1.9311, 6.731 ], [ -1.9381, 6.7329 ], [ -1.9356, 6.7262 ], [ -1.9375, 6.7216 ], [ -1.9433, 6.719 ], [ -1.9438, 6.7114 ], [ -1.949, 6.7105 ], [ -1.9524, 6.7057 ], [ -1.9555, 6.7145 ], [ -1.9513, 6.7178 ], [ -1.9524, 6.7279 ], [ -1.9647, 6.7388 ], [ -1.9713, 6.7397 ], [ -1.9686, 6.7617 ], [ -1.9719, 6.7665 ], [ -1.9821, 6.7746 ], [ -1.9919, 6.7739 ], [ -1.9903, 6.7678 ], [ -1.9951, 6.7601 ], [ -1.9945, 6.7557 ], [ -1.9989, 6.7532 ], [ -2.0097, 6.7753 ], [ -2.0228, 6.7814 ], [ -2.0181, 6.7931 ], [ -2.0185, 6.808 ], [ -2.0261, 6.8355 ], [ -1.9871, 6.8667 ], [ -1.9875, 6.8893 ], [ -1.973, 6.9118 ], [ -1.9761, 6.9307 ], [ -1.9677, 6.9643 ], [ -1.9645, 6.9937 ], [ -1.9666, 7.0127 ], [ -1.9582, 7.0356 ], [ -1.9536, 7.0852 ] ] ] } },
{ "type": "Feature", "properties": { "shapeName": "North Dayi", "shapeID": "2480657B8553529614763" }, "geometry": { "type": "Polygon", "coordinates": [ [ [ 0.3447, 6.9199 ], [ 0.3454, 6.9141 ], [ 0.3371, 6.9094 ], [ 0.3392, 6.9039 ], [ 0.337, 6.9014 ], [ 0.3436, 6.8996 ], [ 0.3537, 6.9046 ], [ 0.3575, 6.9028 ], [ 0.3303, 6.8803 ], [ 0.3305, 6.8702 ], [ 0.3246, 6.8627 ], [ 0.3313, 6.8582 ], [ 0.3496, 6.8554 ], [ 0.3444, 6.8511 ], [ 0.341, 6.8401 ], [ 0.3202, 6.8395 ], [ 0.3155, 6.8377 ], [ 0.3185, 6.8317 ], [ 0.3147, 6.827 ], [ 0.3118, 6.8259 ], [ 0.3133, 6.8295 ], [ 0.3071, 6.8298 ], [ 0.305, 6.8202 ], [ 0.3105, 6.8166 ], [ 0.3113, 6.8098 ], [ 0.3098, 6.801 ], [ 0.3018, 6.7966 ], [ 0.3116, 6.7885 ], [ 0.3026, 6.7649 ], [ 0.2943, 6.7557 ], [ 0.2931, 6.7276 ], [ 0.2886, 6.7181 ], [ 0.2901, 6.6998 ], [ 0.2666, 6.6741 ], [ 0.2667, 6.668 ], [ 0.2534, 6.6624 ], [ 0.2445, 6.6622 ], [ 0.2389, 6.665 ], [ 0.236, 6.6721 ], [ 0.1615, 6.6832 ], [ 0.1692, 6.6897 ], [ 0.199, 6.697 ], [ 0.2037, 6.7033 ], [ 0.2082, 6.7575 ], [ 0.2002, 6.7787 ], [ 0.1925, 6.7893 ], [ 0.1585, 6.8161 ], [ 0.1449, 6.8185 ], [ 0.1332, 6.8291 ], [ 0.1242, 6.8433 ], [ 0.1198, 6.8704 ], [ 0.1229, 6.8894 ], [ 0.1355, 6.91 ], [ 0.1478, 6.9215 ], [ 0.1958, 6.9364 ], [ 0.2062, 6.9425 ], [ 0.2274, 6.974 ], [ 0.2404, 6.9647 ], [ 0.2423, 6.9697 ], [ 0.2464, 6.9687 ], [ 0.2493, 6.9537 ], [ 0.2543, 6.9526 ], [ 0.2588, 6.9458 ], [ 0.2569, 6.9356 ], [ 0.2657, 6.945 ], [ 0.2702, 6.9399 ], [ 0.2724, 6.9265 ], [ 0.2706, 6.9091 ], [ 0.2762, 6.9059 ], [ 0.2781, 6.909 ], [ 0.2819, 6.9029 ], [ 0.2893, 6.9013 ], [ 0.2995, 6.9074 ], [ 0.3108, 6.9034 ], [ 0.3298, 6.9075 ], [ 0.337, 6.9199 ], [ 0.3402, 6.9222 ], [ 0.3447, 6.9199 ] ] ] } },
{ "type": "Feature", "properties": { "shapeName": "Bekwai Municipal", "shapeID": "2480657B55478680834493" }, "geometry": { "type": "Polygon", "coordinates": [ [ [ -1.6513, 6.5459 ], [ -1.6433, 6.535 ], [ -1.636, 6.5315 ], [ -1.631, 6.5307 ], [ -1.623, 6.5356 ], [ -1.617, 6.5301 ], [ -1.5961, 6.5282 ], [ -1.5904, 6.524 ], [ -1.5871, 6.5152 ], [ -1.5792, 6.5237 ], [ -1.5818, 6.504 ], [ -1.5663, 6.5127 ], [ -1.5493, 6.5308 ], [ -1.535, 6.5261 ], [ -1.5148, 6.5109 ], [ -1.5059, 6.5085 ], [ -1.475, 6.5116 ], [ -1.4738, 6.5021 ], [ -1.4839, 6.4884 ], [ -1.4843, 6.4679 ], [ -1.4783, 6.4632 ], [ -1.4721, 6.4655 ], [ -1.4588, 6.4622 ], [ -1.4514, 6.4519 ], [ -1.4512, 6.4462 ], [ -1.4291, 6.4375 ], [ -1.4226, 6.4304 ], [ -1.4471, 6.4245 ], [ -1.4353, 6.3844 ], [ -1.4267, 6.384 ], [ -1.4263, 6.3789 ], [ -1.4337, 6.3687 ], [ -1.4377, 6.3696 ], [ -1.4355, 6.3615 ], [ -1.4442, 6.3489 ], [ -1.4424, 6.3434 ], [ -1.4617, 6.3242 ], [ -1.4678, 6.3356 ], [ -1.476, 6.3375 ], [ -1.4816, 6.3496 ], [ -1.4923, 6.3542 ], [ -1.4925, 6.3582 ], [ -1.4867, 6.3596 ], [ -1.4836, 6.3672 ], [ -1.4863, 6.3708 ], [ -1.5125, 6.376 ], [ -1.5116, 6.3657 ], [ -1.5189, 6.3485 ], [ -1.5404, 6.3429 ], [ -1.5535, 6.3483 ], [ -1.5679, 6.347 ], [ -1.5711, 6.3499 ], [ -1.5683, 6.3579 ], [ -1.5795, 6.3738 ], [ -1.5743, 6.3808 ], [ -1.5861, 6.3894 ], [ -1.5856, 6.3976 ], [ -1.6004, 6.3914 ], [ -1.6057, 6.4006 ], [ -1.6177, 6.4044 ], [ -1.6211, 6.3877 ], [ -1.6332, 6.3831 ], [ -1.6474, 6.3851 ], [ -1.6547, 6.4012 ], [ -1.6667, 6.3984 ], [ -1.6758, 6.4036 ], [ -1.6874, 6.3931 ], [ -1.6902, 6.3833 ], [ -1.6959, 6.3848 ], [ -1.6949, 6.3824 ], [ -1.7006, 6.3793 ], [ -1.7027, 6.3702 ], [ -1.7193, 6.3681 ], [ -1.7208, 6.3638 ], [ -1.7246, 6.3648 ], [ -1.7267, 6.3582 ], [ -1.7324, 6.3613 ], [ -1.7335, 6.3744 ], [ -1.7431, 6.3851 ], [ -1.7526, 6.3855 ], [ -1.7607, 6.3906 ], [ -1.7707, 6.3901 ], [ -1.769, 6.3976 ], [ -1.7564, 6.4099 ], [ -1.759, 6.4144 ], [ -1.755, 6.4197 ], [ -1.7593, 6.4247 ], [ -1.758, 6.4374 ], [ -1.7394, 6.4473 ], [ -1.7422, 6.4503 ], [ -1.7438, 6.4581 ], [ -1.7412, 6.4639 ], [ -1.745, 6.4733 ], [ -1.7271, 6.4921 ], [ -1.7115, 6.4898 ], [ -1.704, 6.5013 ], [ -1.6888, 6.5018 ], [ -1.681, 6.5084 ], [ -1.6916, 6.5142 ], [ -1.696, 6.5299 ], [ -1.672, 6.5408 ], [ -1.6666, 6.5483 ], [ -1.6581, 6.5448 ], [ -1.6513, 6.5459 ] ] ] } },
{ "type": "Feature", "properties": { "shapeName": "Kpando Municipal", "shapeID": "2480657B39800519073464" }, "geometry": { "type": "Polygon", "coordinates": [ [ [ 0.3285, 7.0892 ], [ 0.3421, 7.0695 ], [ 0.35, 7.0666 ], [ 0.3566, 7.0541 ], [ 0.3622, 7.0532 ], [ 0.3627, 7.0459 ], [ 0.3736, 7.0383 ], [ 0.3824, 7.0248 ], [ 0.3924, 7.0207 ], [ 0.3933, 7.0166 ], [ 0.4124, 7.0129 ], [ 0.4134, 7.0065 ], [ 0.4079, 6.9946 ], [ 0.3887, 6.9931 ], [ 0.3777, 6.9887 ], [ 0.3708, 6.9801 ], [ 0.3652, 6.9677 ], [ 0.3648, 6.9514 ], [ 0.3541, 6.9476 ], [ 0.3526, 6.9422 ], [ 0.345, 6.9426 ], [ 0.3447, 6.937 ], [ 0.3552, 6.9234 ], [ 0.3494, 6.9197 ], [ 0.3402, 6.9222 ], [ 0.3298, 6.9075 ], [ 0.3108, 6.9034 ], [ 0.2995, 6.9074 ], [ 0.2893, 6.9013 ], [ 0.2819, 6.9029 ], [ 0.2781, 6.909 ], [ 0.2762, 6.9059 ], [ 0.2706, 6.9091 ], [ 0.2724, 6.9265 ], [ 0.2702, 6.9399 ], [ 0.2657, 6.945 ], [ 0.2569, 6.9356 ], [ 0.2588, 6.9458 ], [ 0.2543, 6.9526 ], [ 0.2493, 6.9537 ], [ 0.2464, 6.9687 ], [ 0.2423, 6.9697 ], [ 0.2404, 6.9647 ], [ 0.2274, 6.974 ], [ 0.2213, 7.0079 ], [ 0.1997, 7.0516 ], [ 0.1967, 7.0675 ], [ 0.2029, 7.0806 ], [ 0.2245, 7.0994 ], [ 0.3158, 7.0959 ], [ 0.3285, 7.0892 ] ] ] } },
{ "type": "Feature", "properties": { "shapeName": "Bosomtwe", "shapeID": "2480657B90441463194933" }, "geometry": { "type": "Polygon", "coordinates": [ [ [ -1.5961, 6.5282 ], [ -1.5961, 6.5424 ], [ -1.6007, 6.5461 ], [ -1.598, 6.5507 ], [ -1.6015, 6.5529 ], [ -1.6033, 6.5633 ], [ -1.61, 6.5725 ], [ -1.6124, 6.5883 ], [ -1.6046, 6.5943 ], [ -1.5913, 6.5922 ], [ -1.5981, 6.5982 ], [ -1.5949, 6.6033 ], [ -1.5986, 6.6137 ], [ -1.5921, 6.6113 ], [ -1.5858, 6.623 ], [ -1.5767, 6.6242 ], [ -1.5725, 6.6325 ], [ -1.5702, 6.6308 ], [ -1.561, 6.6347 ], [ -1.553, 6.6443 ], [ -1.5473, 6.6443 ], [ -1.5441, 6.6478 ], [ -1.5161, 6.6438 ], [ -1.5077, 6.6322 ], [ -1.496, 6.6323 ], [ -1.4873, 6.6157 ], [ -1.4769, 6.614 ], [ -1.4683, 6.6066 ], [ -1.4541, 6.6072 ], [ -1.4426, 6.6182 ], [ -1.4352, 6.6153 ], [ -1.4319, 6.6087 ], [ -1.4231, 6.6091 ], [ -1.4107, 6.6201 ], [ -1.4138, 6.6357 ], [ -1.4112, 6.6392 ], [ -1.4022, 6.64 ], [ -1.401, 6.6374 ], [ -1.3825, 6.6333 ], [ -1.3793, 6.6369 ], [ -1.3575, 6.6212 ], [ -1.3455, 6.6195 ], [ -1.3433, 6.6149 ], [ -1.3495, 6.6061 ], [ -1.3424, 6.5871 ], [ -1.3377, 6.5792 ], [ -1.3214, 6.5724 ], [ -1.3087, 6.5519 ], [ -1.3122, 6.5482 ], [ -1.3104, 6.5386 ], [ -1.3149, 6.5242 ], [ -1.3392, 6.5174 ], [ -1.3441, 6.5131 ], [ -1.3378, 6.5013 ], [ -1.3413, 6.4894 ], [ -1.3494, 6.4897 ], [ -1.3703, 6.4746 ], [ -1.3811, 6.4805 ], [ -1.3883, 6.4723 ], [ -1.4008, 6.4692 ], [ -1.402, 6.4741 ], [ -1.4353, 6.4724 ], [ -1.4448, 6.4814 ], [ -1.4463, 6.4965 ], [ -1.4564, 6.5019 ], [ -1.4614, 6.5092 ], [ -1.4761, 6.5122 ], [ -1.5059, 6.5085 ], [ -1.5148, 6.5109 ], [ -1.535, 6.5261 ], [ -1.5493, 6.5308 ], [ -1.5663, 6.5127 ], [ -1.5818, 6.504 ], [ -1.5792, 6.5237 ], [ -1.5871, 6.5152 ], [ -1.5904, 6.524 ], [ -1.5961, 6.5282 ] ] ] } },
{ "type": "Feature", "properties": { "shapeName": "North Tongu", "shapeID": "2480657B35012095074914" }, "geometry": { "type": "Polygon", "coordinates": [ [ [ 0.3439, 5.9539 ], [ 0.3533, 5.9866 ], [ 0.3409, 5.9891 ], [ 0.3297, 5.9966 ], [ 0.3318, 6.0073 ], [ 0.3398, 6.0191 ], [ 0.3487, 6.0222 ], [ 0.3318, 6.0339 ], [ 0.3378, 6.0472 ], [ 0.2955, 6.0573 ], [ 0.2895, 6.0643 ], [ 0.2848, 6.0808 ], [ 0.2684, 6.0942 ], [ 0.2478, 6.1057 ], [ 0.233, 6.1103 ], [ 0.2289, 6.1101 ], [ 0.233, 6.108 ], [ 0.2129, 6.1027 ], [ 0.2087, 6.1041 ], [ 0.1894, 6.0968 ], [ 0.1426, 6.1095 ], [ 0.1223, 6.1275 ], [ 0.1189, 6.1373 ], [ 0.1051, 6.1402 ], [ 0.0932, 6.1546 ], [ 0.0911, 6.1604 ], [ 0.096, 6.177 ], [ 0.1045, 6.1837 ], [ 0.1189, 6.2189 ], [ 0.1286, 6.2487 ], [ 0.1278, 6.2552 ], [ 0.1361, 6.2598 ], [ 0.1372, 6.2657 ], [ 0.1556, 6.2887 ], [ 0.1552, 6.2939 ], [ 0.1595, 6.3002 ], [ 0.1757, 6.3027 ], [ 0.1763, 6.3074 ], [ 0.1682, 6.3135 ], [ 0.1709, 6.3173 ], [ 0.1693, 6.3275 ], [ 0.1742, 6.3279 ], [ 0.1755, 6.3311 ], [ 0.1976, 6.3338 ], [ 0.3044, 6.3336 ], [ 0.3219, 6.3208 ], [ 0.3373, 6.3142 ], [ 0.3722, 6.3028 ], [ 0.3776, 6.3082 ], [ 0.3902, 6.3036 ], [ 0.4027, 6.2917 ], [ 0.4049, 6.2819 ], [ 0.4134, 6.2747 ], [ 0.417, 6.2593 ], [ 0.4232, 6.2598 ], [ 0.4252, 6.2634 ], [ 0.4577, 6.2627 ], [ 0.4617, 6.2597 ], [ 0.4676, 6.2642 ], [ 0.4756, 6.2643 ], [ 0.4776, 6.2597 ], [ 0.4754, 6.2551 ], [ 0.47, 6.2561 ], [ 0.4563, 6.2271 ], [ 0.4378, 6.2106 ], [ 0.439, 6.207 ], [ 0.4567, 6.2076 ], [ 0.4674, 6.1936 ], [ 0.4734, 6.1967 ], [ 0.4818, 6.1909 ], [ 0.4971, 6.1996 ], [ 0.5, 6.1951 ], [ 0.4989, 6.1862 ], [ 0.5032, 6.1813 ], [ 0.5013, 6.1654 ], [ 0.5047, 6.1572 ], [ 0.4867, 6.1387 ], [ 0.4875, 6.1327 ], [ 0.4814, 6.1252 ], [ 0.4778, 6.1293 ], [ 0.4764, 6.1222 ], [ 0.4638, 6.1321 ], [ 0.4607, 6.1303 ], [ 0.453, 6.1157 ], [ 0.454, 6.0962 ], [ 0.4566, 6.0968 ], [ 0.455, 6.0929 ], [ 0.4593, 6.0835 ], [ 0.4629, 6.0843 ], [ 0.4627, 6.0804 ], [ 0.4572, 6.0783 ], [ 0.4459, 6.0847 ], [ 0.4328, 6.0861 ], [ 0.433, 6.081 ], [ 0.4418, 6.0798 ], [ 0.4417, 6.0741 ], [ 0.446, 6.0687 ], [ 0.4604, 6.0618 ], [ 0.4573, 6.0543 ], [ 0.473, 6.0479 ], [ 0.4705, 6.0408 ], [ 0.4635, 6.0378 ], [ 0.4615, 6.0288 ], [ 0.4933, 6.0184 ], [ 0.4975, 6.0136 ], [ 0.496, 6.0084 ], [ 0.5, 6.0023 ], [ 0.4959, 5.9988 ], [ 0.5004, 5.9954 ], [ 0.499, 5.991 ], [ 0.4905, 5.9953 ], [ 0.492, 5.9797 ], [ 0.4847, 5.9755 ], [ 0.486, 5.9898 ], [ 0.4837, 5.9925 ], [ 0.4807, 5.9906 ], [ 0.4674, 5.9983 ], [ 0.4501, 6.0016 ], [ 0.441, 5.995 ], [ 0.4411, 5.9827 ], [ 0.4343, 5.974 ], [ 0.3946, 5.9608 ], [ 0.3664, 5.9604 ], [ 0.3439, 5.9539 ] ] ] } },
{ "type": "Feature", "properties": { "shapeName": "Central Tongu", "shapeID": "2480657B36678414015123" }, "geometry": { "type": "Polygon", "coordinates": [ [ [ 0.7188, 6.1547 ], [ 0.7088, 6.1562 ], [ 0.7054, 6.143 ], [ 0.6929, 6.1241 ], [ 0.6721, 6.1057 ], [ 0.6604, 6.1128 ], [ 0.6521, 6.1036 ], [ 0.6306, 6.0939 ], [ 0.6262, 6.0945 ], [ 0.6191, 6.1064 ], [ 0.6092, 6.1071 ], [ 0.595, 6.0993 ], [ 0.587, 6.0788 ], [ 0.557, 6.0847 ], [ 0.5519, 6.0807 ], [ 0.5544, 6.0548 ], [ 0.5482, 6.0377 ], [ 0.551, 6.0162 ], [ 0.549, 6.0068 ], [ 0.5179, 6.0019 ], [ 0.507, 6.0032 ], [ 0.4963, 6.0102 ], [ 0.4975, 6.0136 ], [ 0.4933, 6.0184 ], [ 0.4615, 6.0288 ], [ 0.4635, 6.0378 ], [ 0.4705, 6.0408 ], [ 0.473, 6.0479 ], [ 0.4573, 6.0543 ], [ 0.4604, 6.0618 ], [ 0.446, 6.0687 ], [ 0.4417, 6.0741 ], [ 0.4418, 6.0798 ], [ 0.433, 6.081 ], [ 0.4328, 6.0861 ], [ 0.4459, 6.0847 ], [ 0.4572, 6.0783 ], [ 0.4627, 6.0804 ], [ 0.4629, 6.0843 ], [ 0.4593, 6.0835 ], [ 0.455, 6.0929 ], [ 0.4566, 6.0968 ], [ 0.454, 6.0962 ], [ 0.453, 6.1157 ], [ 0.4607, 6.1303 ], [ 0.4638, 6.1321 ], [ 0.4764, 6.1222 ], [ 0.4778, 6.1293 ], [ 0.4814, 6.1252 ], [ 0.4875, 6.1327 ], [ 0.4867, 6.1387 ], [ 0.5047, 6.1572 ], [ 0.5013, 6.1654 ], [ 0.5032, 6.1813 ], [ 0.4989, 6.1862 ], [ 0.5, 6.1951 ], [ 0.4971, 6.1996 ], [ 0.4818, 6.1909 ], [ 0.4734, 6.1967 ], [ 0.4674, 6.1936 ], [ 0.4567, 6.2076 ], [ 0.439, 6.207 ], [ 0.4378, 6.2106 ], [ 0.4563, 6.2271 ], [ 0.47, 6.2561 ], [ 0.4754, 6.2551 ], [ 0.4776, 6.2597 ], [ 0.4756, 6.2643 ], [ 0.4676, 6.2642 ], [ 0.4617, 6.2597 ], [ 0.4577, 6.2627 ], [ 0.4252, 6.2634 ], [ 0.4264, 6.2789 ], [ 0.4308, 6.2863 ], [ 0.4422, 6.2906 ], [ 0.4442, 6.2881 ], [ 0.4552, 6.2883 ], [ 0.4674, 6.3018 ], [ 0.4744, 6.2995 ], [ 0.491, 6.3049 ], [ 0.5219, 6.2959 ], [ 0.5433, 6.2816 ], [ 0.5475, 6.2984 ], [ 0.5566, 6.2972 ], [ 0.5761, 6.3032 ], [ 0.5726, 6.2899 ], [ 0.5897, 6.2822 ], [ 0.6135, 6.305 ], [ 0.6158, 6.2909 ], [ 0.6387, 6.3034 ], [ 0.6481, 6.3041 ], [ 0.6601, 6.3164 ], [ 0.6629, 6.3125 ], [ 0.6736, 6.3162 ], [ 0.6759, 6.3201 ], [ 0.6704, 6.3287 ], [ 0.6739, 6.3303 ], [ 0.6945, 6.3128 ], [ 0.6886, 6.306 ], [ 0.6815, 6.3083 ], [ 0.6771, 6.3016 ], [ 0.6769, 6.2931 ], [ 0.6985, 6.2681 ], [ 0.7002, 6.2414 ], [ 0.7067, 6.2325 ], [ 0.7109, 6.2338 ], [ 0.7064, 6.2279 ], [ 0.7186, 6.22 ], [ 0.7134, 6.2147 ], [ 0.7171, 6.2095 ], [ 0.716, 6.2013 ], [ 0.7202, 6.197 ], [ 0.7182, 6.1937 ], [ 0.7217, 6.1861 ], [ 0.7186, 6.1829 ], [ 0.7221, 6.1823 ], [ 0.7185, 6.1759 ], [ 0.7222, 6.1709 ], [ 0.7188, 6.1547 ] ] ] } },
{ "type": "Feature", "properties": { "shapeName": "Mampong Municipal", "shapeID": "2480657B66784074859314" }, "geometry": { "type": "Polygon", "coordinates": [ [ [ -1.4041, 6.919 ], [ -1.4142, 6.9411 ], [ -1.4252, 6.9442 ], [ -1.4303, 6.9478 ], [ -1.4291, 6.9514 ], [ -1.4432, 6.9587 ], [ -1.4604, 6.9644 ], [ -1.456, 6.9901 ], [ -1.4487, 6.9901 ], [ -1.4492, 6.9949 ], [ -1.444, 6.9981 ], [ -1.4455, 7.0167 ], [ -1.4493, 7.024 ], [ -1.4713, 7.0215 ], [ -1.4773, 7.0343 ], [ -1.4788, 7.0483 ], [ -1.4857, 7.0464 ], [ -1.4871, 7.0509 ], [ -1.5024, 7.0542 ], [ -1.4928, 7.081 ], [ -1.4851, 7.0888 ], [ -1.4959, 7.1083 ], [ -1.506, 7.1144 ], [ -1.5191, 7.1163 ], [ -1.5202, 7.1243 ], [ -1.529, 7.1236 ], [ -1.5269, 7.1323 ], [ -1.5338, 7.1365 ], [ -1.5352, 7.1313 ], [ -1.5875, 7.1299 ], [ -1.5927, 7.1351 ], [ -1.5789, 7.1721 ], [ -1.5802, 7.1756 ], [ -1.5737, 7.1814 ], [ -1.5637, 7.2071 ], [ -1.5562, 7.2157 ], [ -1.5351, 7.2259 ], [ -1.5295, 7.2347 ], [ -1.5246, 7.2337 ], [ -1.5159, 7.2383 ], [ -1.5097, 7.2279 ], [ -1.4989, 7.2329 ], [ -1.4963, 7.2347 ], [ -1.5032, 7.2536 ], [ -1.4957, 7.2562 ], [ -1.4938, 7.2599 ], [ -1.4819, 7.2597 ], [ -1.4053, 7.2921 ], [ -1.4043, 7.3032 ], [ -1.3975, 7.2976 ], [ -1.3943, 7.2997 ], [ -1.3921, 7.2978 ], [ -1.3872, 7.3057 ], [ -1.3784, 7.3089 ], [ -1.3702, 7.3046 ], [ -1.3582, 7.2861 ], [ -1.3489, 7.2844 ], [ -1.3458, 7.2757 ], [ -1.3322, 7.2705 ], [ -1.3312, 7.2669 ], [ -1.3256, 7.2689 ], [ -1.3134, 7.2602 ], [ -1.3072, 7.254 ], [ -1.3056, 7.2449 ], [ -1.299, 7.2376 ], [ -1.2839, 7.2304 ], [ -1.2835, 7.2253 ], [ -1.2781, 7.2232 ], [ -1.2631, 7.2286 ], [ -1.2501, 7.2219 ], [ -1.2571, 7.2101 ], [ -1.2551, 7.2042 ], [ -1.2676, 7.1952 ], [ -1.2668, 7.1889 ], [ -1.2705, 7.181 ], [ -1.2766, 7.1807 ], [ -1.2791, 7.1754 ], [ -1.2844, 7.1743 ], [ -1.2931, 7.1528 ], [ -1.3103, 7.1454 ], [ -1.3266, 7.1287 ], [ -1.3406, 7.1238 ], [ -1.3422, 7.1148 ], [ -1.3519, 7.1077 ], [ -1.3655, 7.1052 ], [ -1.3844, 7.0959 ], [ -1.3864, 7.0696 ], [ -1.3759, 7.0573 ], [ -1.3919, 7.0451 ], [ -1.4015, 7.0325 ], [ -1.3977, 7.0231 ], [ -1.4077, 7.0066 ], [ -1.4027, 6.9957 ], [ -1.4109, 6.9886 ], [ -1.4201, 6.9999 ], [ -1.4263, 6.9933 ], [ -1.4217, 6.9697 ], [ -1.4156, 6.9697 ], [ -1.4104, 6.9559 ], [ -1.4049, 6.9514 ], [ -1.3951, 6.9509 ], [ -1.3895, 6.9439 ], [ -1.386, 6.9447 ], [ -1.39, 6.9409 ], [ -1.3932, 6.9258 ], [ -1.4041, 6.919 ] ] ] } },
{ "type": "Feature", "properties": { "shapeName": "Ajumako-enyan-essiam", "shapeID": "2480657B3117094904377" }, "geometry": { "type": "Polygon", "coordinates": [ [ [ -1.0039, 5.2874 ], [ -1.0061, 5.2914 ], [ -1.0136, 5.2942 ], [ -1.0154, 5.2995 ], [ -1.0282, 5.3056 ], [ -1.03, 5.3131 ], [ -1.0352, 5.318 ], [ -1.0516, 5.3231 ], [ -1.062, 5.3332 ], [ -1.0634, 5.3408 ], [ -1.0574, 5.3504 ], [ -1.0595, 5.3615 ], [ -1.063, 5.3617 ], [ -1.0634, 5.3683 ], [ -1.0709, 5.3666 ], [ -1.0808, 5.3728 ], [ -1.0831, 5.39 ], [ -1.092, 5.3979 ], [ -1.0921, 5.4044 ], [ -1.1025, 5.4128 ], [ -1.1148, 5.4155 ], [ -1.118, 5.4208 ], [ -1.1233, 5.4159 ], [ -1.1287, 5.4171 ], [ -1.1283, 5.4313 ], [ -1.0977, 5.4428 ], [ -1.1032, 5.4562 ], [ -1.0981, 5.4727 ], [ -1.0897, 5.4749 ], [ -1.086, 5.4622 ], [ -1.0795, 5.4661 ], [ -1.0717, 5.4646 ], [ -1.0689, 5.4508 ], [ -1.0639, 5.4515 ], [ -1.0635, 5.4548 ], [ -1.0721, 5.4664 ], [ -1.0873, 5.4722 ], [ -1.0936, 5.4923 ], [ -1.1163, 5.5096 ], [ -1.1225, 5.5246 ], [ -1.1222, 5.535 ], [ -1.115, 5.5376 ], [ -1.1041, 5.5329 ], [ -1.0939, 5.5374 ], [ -1.0905, 5.5358 ], [ -1.0864, 5.5119 ], [ -1.0813, 5.5074 ], [ -1.0684, 5.5163 ], [ -1.0629, 5.5163 ], [ -1.0561, 5.5136 ], [ -1.0571, 5.5043 ], [ -1.0515, 5.5016 ], [ -1.0402, 5.5043 ], [ -1.0372, 5.5089 ], [ -1.0138, 5.5052 ], [ -0.9978, 5.5137 ], [ -0.9793, 5.5084 ], [ -0.9729, 5.5113 ], [ -0.9707, 5.5186 ], [ -0.961, 5.5225 ], [ -0.9446, 5.5173 ], [ -0.9418, 5.5119 ], [ -0.9342, 5.51 ], [ -0.9245, 5.5002 ], [ -0.91, 5.5224 ], [ -0.9049, 5.525 ], [ -0.9013, 5.5357 ], [ -0.8694, 5.5132 ], [ -0.8624, 5.5119 ], [ -0.8496, 5.4977 ], [ -0.8692, 5.4783 ], [ -0.8644, 5.4661 ], [ -0.8669, 5.4586 ], [ -0.8628, 5.4402 ], [ -0.8718, 5.4158 ], [ -0.8644, 5.4079 ], [ -0.8679, 5.402 ], [ -0.8661, 5.3967 ], [ -0.8834, 5.41 ], [ -0.8878, 5.4092 ], [ -0.8993, 5.3978 ], [ -0.8987, 5.3793 ], [ -0.9047, 5.3821 ], [ -0.9224, 5.3763 ], [ -0.9139, 5.3586 ], [ -0.917, 5.3455 ], [ -0.9139, 5.3327 ], [ -0.9341, 5.3173 ], [ -0.9315, 5.3056 ], [ -0.9533, 5.2958 ], [ -0.9611, 5.2961 ], [ -0.9635, 5.2996 ], [ -0.9745, 5.295 ], [ -0.9888, 5.2994 ], [ -0.9927, 5.2912 ], [ -1.0039, 5.2874 ] ] ] } },
{ "type": "Feature", "properties": { "shapeName": "Gomoa West", "shapeID": "2480657B81635079362570" }, "geometry": { "type": "Polygon", "coordinates": [ [ [ -0.7981, 5.2231 ], [ -0.7998, 5.2287 ], [ -0.7958, 5.243 ], [ -0.7979, 5.2508 ], [ -0.803, 5.2589 ], [ -0.8044, 5.2689 ], [ -0.8218, 5.2927 ], [ -0.8221, 5.298 ], [ -0.8509, 5.3143 ], [ -0.8583, 5.312 ], [ -0.8686, 5.3246 ], [ -0.8864, 5.3297 ], [ -0.8848, 5.3322 ], [ -0.8933, 5.3513 ], [ -0.8898, 5.3627 ], [ -0.9041, 5.3647 ], [ -0.9189, 5.376 ], [ -0.9047, 5.3821 ], [ -0.8987, 5.3793 ], [ -0.8993, 5.3978 ], [ -0.8878, 5.4092 ], [ -0.8834, 5.41 ], [ -0.8661, 5.3967 ], [ -0.8679, 5.402 ], [ -0.8644, 5.4079 ], [ -0.8718, 5.4158 ], [ -0.8628, 5.4402 ], [ -0.8669, 5.4586 ], [ -0.8644, 5.4661 ], [ -0.8692, 5.4783 ], [ -0.8496, 5.4977 ], [ -0.8624, 5.5119 ], [ -0.8694, 5.5132 ], [ -0.8858, 5.5258 ], [ -0.8678, 5.5345 ], [ -0.8572, 5.5497 ], [ -0.8433, 5.5493 ], [ -0.829, 5.5386 ], [ -0.8222, 5.526 ], [ -0.7912, 5.5264 ], [ -0.7883, 5.5219 ], [ -0.775, 5.518 ], [ -0.7744, 5.4823 ], [ -0.7711, 5.4691 ], [ -0.7779, 5.4443 ], [ -0.7632, 5.4343 ], [ -0.7761, 5.4042 ], [ -0.7643, 5.3782 ], [ -0.7702, 5.3664 ], [ -0.7809, 5.3569 ], [ -0.7821, 5.3427 ], [ -0.7591, 5.3221 ], [ -0.7484, 5.3079 ], [ -0.7441, 5.2868 ], [ -0.7497, 5.2711 ], [ -0.7567, 5.2639 ], [ -0.7558, 5.2584 ], [ -0.7778, 5.2462 ], [ -0.7826, 5.2366 ], [ -0.7904, 5.232 ], [ -0.7897, 5.2265 ], [ -0.7981, 5.2231 ] ] ] } },
{ "type": "Feature", "properties": { "shapeName": "Agona West Municipal", "shapeID": "2480657B39435178884870" }, "geometry": { "type": "Polygon", "coordinates": [ [ [ -0.7779, 5.5205 ], [ -0.7883, 5.5219 ], [ -0.7912, 5.5264 ], [ -0.8222, 5.526 ], [ -0.829, 5.5386 ], [ -0.8433, 5.5493 ], [ -0.8572, 5.5497 ], [ -0.8623, 5.564 ], [ -0.877, 5.5765 ], [ -0.8844, 5.5774 ], [ -0.8928, 5.5866 ], [ -0.9038, 5.5911 ], [ -0.8932, 5.5896 ], [ -0.8903, 5.5921 ], [ -0.8849, 5.6032 ], [ -0.8775, 5.6066 ], [ -0.8821, 5.6171 ], [ -0.8796, 5.6278 ], [ -0.8698, 5.6324 ], [ -0.8651, 5.6405 ], [ -0.8593, 5.6415 ], [ -0.8682, 5.6615 ], [ -0.8683, 5.6721 ], [ -0.8626, 5.6755 ], [ -0.8611, 5.6872 ], [ -0.865, 5.7071 ], [ -0.8654, 5.7283 ], [ -0.8625, 5.731 ], [ -0.8673, 5.7381 ], [ -0.8785, 5.7375 ], [ -0.8753, 5.7455 ], [ -0.8802, 5.7586 ], [ -0.844, 5.7564 ], [ -0.8361, 5.7533 ], [ -0.83, 5.7458 ], [ -0.8123, 5.7444 ], [ -0.814, 5.7302 ], [ -0.7893, 5.7262 ], [ -0.7838, 5.7061 ], [ -0.7785, 5.7136 ], [ -0.7649, 5.7088 ], [ -0.7586, 5.7099 ], [ -0.7581, 5.6963 ], [ -0.7494, 5.6823 ], [ -0.7537, 5.6735 ], [ -0.7552, 5.6561 ], [ -0.7611, 5.6487 ], [ -0.7561, 5.6386 ], [ -0.7519, 5.6364 ], [ -0.7372, 5.6386 ], [ -0.7261, 5.6281 ], [ -0.7278, 5.6134 ], [ -0.7114, 5.5751 ], [ -0.7125, 5.5607 ], [ -0.7089, 5.5534 ], [ -0.7031, 5.549 ], [ -0.6886, 5.5461 ], [ -0.684, 5.5429 ], [ -0.6841, 5.5388 ], [ -0.672, 5.5372 ], [ -0.6579, 5.5264 ], [ -0.6617, 5.5196 ], [ -0.6592, 5.5123 ], [ -0.6639, 5.5066 ], [ -0.6731, 5.503 ], [ -0.6758, 5.5046 ], [ -0.6761, 5.5011 ], [ -0.6852, 5.499 ], [ -0.6901, 5.5049 ], [ -0.6905, 5.512 ], [ -0.7035, 5.5133 ], [ -0.7078, 5.523 ], [ -0.7073, 5.5306 ], [ -0.7363, 5.5182 ], [ -0.7434, 5.5199 ], [ -0.7501, 5.5274 ], [ -0.7514, 5.5445 ], [ -0.7799, 5.5227 ], [ -0.7779, 5.5205 ] ] ] } },
{ "type": "Feature", "properties": { "shapeName": "Agona East", "shapeID": "2480657B54607197552612" }, "geometry": { "type": "Polygon", "coordinates": [ [ [ -0.6302, 5.7219 ], [ -0.6195, 5.7177 ], [ -0.624, 5.7145 ], [ -0.6186, 5.7149 ], [ -0.62, 5.7105 ], [ -0.6143, 5.7015 ], [ -0.6068, 5.7002 ], [ -0.5891, 5.6808 ], [ -0.5908, 5.6732 ], [ -0.609, 5.6609 ], [ -0.5964, 5.6484 ], [ -0.5881, 5.6492 ], [ -0.5811, 5.6544 ], [ -0.573, 5.6487 ], [ -0.5795, 5.63 ], [ -0.5694, 5.6158 ], [ -0.5619, 5.6145 ], [ -0.5576, 5.6015 ], [ -0.5675, 5.5879 ], [ -0.5674, 5.5835 ], [ -0.5876, 5.5812 ], [ -0.5868, 5.5744 ], [ -0.5932, 5.5733 ], [ -0.5903, 5.5598 ], [ -0.5992, 5.5433 ], [ -0.6093, 5.5428 ], [ -0.6128, 5.5371 ], [ -0.6247, 5.5497 ], [ -0.6377, 5.5524 ], [ -0.6423, 5.5445 ], [ -0.6483, 5.5419 ], [ -0.6517, 5.5446 ], [ -0.654, 5.5365 ], [ -0.6618, 5.5314 ], [ -0.6672, 5.5323 ], [ -0.672, 5.5372 ], [ -0.6841, 5.5388 ], [ -0.684, 5.5429 ], [ -0.6886, 5.5461 ], [ -0.7031, 5.549 ], [ -0.7089, 5.5534 ], [ -0.7125, 5.5607 ], [ -0.7114, 5.5751 ], [ -0.7278, 5.6134 ], [ -0.7261, 5.6281 ], [ -0.7372, 5.6386 ], [ -0.7519, 5.6364 ], [ -0.7561, 5.6386 ], [ -0.7611, 5.6487 ], [ -0.7552, 5.6561 ], [ -0.7537, 5.6735 ], [ -0.7494, 5.6823 ], [ -0.7581, 5.6963 ], [ -0.7593, 5.7074 ], [ -0.7586, 5.7099 ], [ -0.738, 5.7108 ], [ -0.7319, 5.7144 ], [ -0.712, 5.7115 ], [ -0.6951, 5.7153 ], [ -0.6968, 5.7262 ], [ -0.6924, 5.7295 ], [ -0.694, 5.7333 ], [ -0.6858, 5.7395 ], [ -0.643, 5.7349 ], [ -0.6302, 5.7219 ] ] ] } },
{ "type": "Feature", "properties": { "shapeName": "Assin North", "shapeID": "2480657B44214183650816" }, "geometry": { "type": "Polygon", "coordinates": [ [ [ -1.4604, 5.7472 ], [ -1.464, 5.7527 ], [ -1.4722, 5.7536 ], [ -1.4755, 5.7669 ], [ -1.4819, 5.7714 ], [ -1.5046, 5.7767 ], [ -1.5119, 5.7733 ], [ -1.5276, 5.7764 ], [ -1.5461, 5.7633 ], [ -1.5655, 5.7625 ], [ -1.5737, 5.7584 ], [ -1.5721, 5.7713 ], [ -1.5797, 5.782 ], [ -1.5778, 5.8028 ], [ -1.5843, 5.8065 ], [ -1.5837, 5.8235 ], [ -1.5925, 5.8319 ], [ -1.5971, 5.8454 ], [ -1.5942, 5.8565 ], [ -1.5875, 5.8666 ], [ -1.5916, 5.872 ], [ -1.5806, 5.8838 ], [ -1.5756, 5.8943 ], [ -1.5759, 5.9031 ], [ -1.5553, 5.929 ], [ -1.5466, 5.9268 ], [ -1.5396, 5.9311 ], [ -1.5466, 5.9347 ], [ -1.546, 5.9391 ], [ -1.5289, 5.9378 ], [ -1.5268, 5.9337 ], [ -1.5307, 5.9312 ], [ -1.5308, 5.9231 ], [ -1.5256, 5.9215 ], [ -1.5247, 5.9279 ], [ -1.5211, 5.9287 ], [ -1.5164, 5.914 ], [ -1.5005, 5.9055 ], [ -1.5054, 5.8951 ], [ -1.5017, 5.8955 ], [ -1.4979, 5.8908 ], [ -1.5064, 5.8871 ], [ -1.5085, 5.891 ], [ -1.5166, 5.89 ], [ -1.5218, 5.8751 ], [ -1.5166, 5.8726 ], [ -1.5114, 5.8763 ], [ -1.5007, 5.877 ], [ -1.501, 5.8682 ], [ -1.4953, 5.8683 ], [ -1.49, 5.8625 ], [ -1.4865, 5.8647 ], [ -1.4885, 5.8688 ], [ -1.4828, 5.867 ], [ -1.4759, 5.8551 ], [ -1.4692, 5.8619 ], [ -1.4617, 5.8622 ], [ -1.4591, 5.8866 ], [ -1.4653, 5.894 ], [ -1.4669, 5.9042 ], [ -1.4619, 5.9043 ], [ -1.4624, 5.8971 ], [ -1.4564, 5.8936 ], [ -1.4507, 5.9063 ], [ -1.4371, 5.9013 ], [ -1.4287, 5.9098 ], [ -1.4214, 5.9034 ], [ -1.4161, 5.9153 ], [ -1.4187, 5.9214 ], [ -1.4044, 5.922 ], [ -1.3989, 5.9169 ], [ -1.394, 5.9197 ], [ -1.3802, 5.9163 ], [ -1.3744, 5.9225 ], [ -1.3754, 5.929 ], [ -1.3785, 5.9304 ], [ -1.377, 5.9345 ], [ -1.3539, 5.9342 ], [ -1.3477, 5.9311 ], [ -1.3474, 5.9193 ], [ -1.3356, 5.9265 ], [ -1.3404, 5.9159 ], [ -1.3442, 5.9142 ], [ -1.3425, 5.9108 ], [ -1.3353, 5.9168 ], [ -1.323, 5.9142 ], [ -1.3178, 5.918 ], [ -1.3177, 5.924 ], [ -1.3089, 5.9264 ], [ -1.3066, 5.9231 ], [ -1.3116, 5.9168 ], [ -1.3122, 5.9071 ], [ -1.304, 5.9005 ], [ -1.3084, 5.89 ], [ -1.298, 5.8856 ], [ -1.2902, 5.8891 ], [ -1.2833, 5.8995 ], [ -1.2752, 5.9029 ], [ -1.27, 5.8942 ], [ -1.2624, 5.8908 ], [ -1.2583, 5.9036 ], [ -1.2627, 5.9055 ], [ -1.2609, 5.9154 ], [ -1.2559, 5.9165 ], [ -1.2555, 5.9105 ], [ -1.25, 5.9147 ], [ -1.2442, 5.9136 ], [ -1.246, 5.9222 ], [ -1.2426, 5.932 ], [ -1.2379, 5.9311 ], [ -1.234, 5.9345 ], [ -1.2194, 5.9335 ], [ -1.1984, 5.9166 ], [ -1.1933, 5.9178 ], [ -1.1912, 5.9138 ], [ -1.1776, 5.9085 ], [ -1.1692, 5.9101 ], [ -1.1653, 5.9032 ], [ -1.1625, 5.8872 ], [ -1.169, 5.8656 ], [ -1.1612, 5.8609 ], [ -1.1596, 5.8517 ], [ -1.1687, 5.8458 ], [ -1.1692, 5.8397 ], [ -1.1651, 5.8266 ], [ -1.1578, 5.8196 ], [ -1.1597, 5.8169 ], [ -1.1576, 5.8123 ], [ -1.166, 5.8009 ], [ -1.168, 5.7852 ], [ -1.1663, 5.7728 ], [ -1.1624, 5.7683 ], [ -1.1665, 5.7545 ], [ -1.1632, 5.7404 ], [ -1.1654, 5.7313 ], [ -1.1614, 5.721 ], [ -1.1652, 5.7112 ], [ -1.1948, 5.747 ], [ -1.2293, 5.7671 ], [ -1.2396, 5.7853 ], [ -1.2804, 5.7943 ], [ -1.2969, 5.7932 ], [ -1.3243, 5.7825 ], [ -1.3445, 5.7695 ], [ -1.36, 5.7718 ], [ -1.3671, 5.7813 ], [ -1.3933, 5.7884 ], [ -1.4206, 5.7647 ], [ -1.4277, 5.7506 ], [ -1.442, 5.747 ], [ -1.4604, 5.7472 ] ] ] } },
{ "type": "Feature", "properties": { "shapeName": "Assin South", "shapeID": "2480657B73071492710762" }, "geometry": { "type": "Polygon", "coordinates": [ [ [ -1.2951, 5.3549 ], [ -1.3133, 5.3507 ], [ -1.3172, 5.3519 ], [ -1.3176, 5.356 ], [ -1.3304, 5.3555 ], [ -1.3291, 5.3598 ], [ -1.3407, 5.3708 ], [ -1.34, 5.3778 ], [ -1.3507, 5.3903 ], [ -1.3514, 5.3957 ], [ -1.358, 5.3972 ], [ -1.3584, 5.4013 ], [ -1.3621, 5.3985 ], [ -1.3732, 5.3991 ], [ -1.3934, 5.4149 ], [ -1.3836, 5.4323 ], [ -1.3907, 5.4496 ], [ -1.4053, 5.4602 ], [ -1.4253, 5.4613 ], [ -1.4331, 5.4775 ], [ -1.4324, 5.4951 ], [ -1.4264, 5.4895 ], [ -1.4195, 5.4965 ], [ -1.4056, 5.5021 ], [ -1.4057, 5.5081 ], [ -1.4131, 5.5151 ], [ -1.4116, 5.5253 ], [ -1.4142, 5.5283 ], [ -1.4188, 5.5278 ], [ -1.4394, 5.5412 ], [ -1.4347, 5.5487 ], [ -1.4387, 5.5551 ], [ -1.4375, 5.5615 ], [ -1.4446, 5.5845 ], [ -1.4392, 5.5851 ], [ -1.4312, 5.5947 ], [ -1.4381, 5.6043 ], [ -1.4225, 5.6188 ], [ -1.4258, 5.6284 ], [ -1.4338, 5.6277 ], [ -1.4352, 5.6448 ], [ -1.4295, 5.6527 ], [ -1.4271, 5.6651 ], [ -1.4313, 5.6717 ], [ -1.4304, 5.6775 ], [ -1.4251, 5.6855 ], [ -1.4232, 5.703 ], [ -1.392, 5.7189 ], [ -1.3737, 5.693 ], [ -1.3647, 5.6972 ], [ -1.353, 5.6939 ], [ -1.3352, 5.6966 ], [ -1.3035, 5.6947 ], [ -1.2962, 5.692 ], [ -1.2962, 5.6777 ], [ -1.2926, 5.6742 ], [ -1.286, 5.669 ], [ -1.2727, 5.6714 ], [ -1.2677, 5.6653 ], [ -1.2647, 5.6728 ], [ -1.2621, 5.6717 ], [ -1.2477, 5.6821 ], [ -1.2399, 5.6806 ], [ -1.2363, 5.6753 ], [ -1.228, 5.6772 ], [ -1.2223, 5.6818 ], [ -1.2221, 5.6904 ], [ -1.2141, 5.6911 ], [ -1.2069, 5.6974 ], [ -1.1851, 5.6731 ], [ -1.1876, 5.6526 ], [ -1.1702, 5.6506 ], [ -1.1762, 5.6474 ], [ -1.1774, 5.6419 ], [ -1.1732, 5.6372 ], [ -1.1706, 5.6209 ], [ -1.1618, 5.6062 ], [ -1.1601, 5.6006 ], [ -1.1624, 5.5989 ], [ -1.1488, 5.5937 ], [ -1.1464, 5.5869 ], [ -1.1481, 5.578 ], [ -1.1409, 5.5691 ], [ -1.139, 5.556 ], [ -1.1305, 5.5425 ], [ -1.115, 5.5376 ], [ -1.1233, 5.5339 ], [ -1.1163, 5.5096 ], [ -1.0936, 5.4923 ], [ -1.0873, 5.4722 ], [ -1.0721, 5.4664 ], [ -1.0635, 5.4548 ], [ -1.0639, 5.4515 ], [ -1.0689, 5.4508 ], [ -1.0717, 5.4646 ], [ -1.0795, 5.4661 ], [ -1.086, 5.4622 ], [ -1.0897, 5.4749 ], [ -1.0981, 5.4727 ], [ -1.1032, 5.4562 ], [ -1.0977, 5.4428 ], [ -1.1283, 5.4313 ], [ -1.1283, 5.4164 ], [ -1.1356, 5.4152 ], [ -1.1388, 5.4107 ], [ -1.1378, 5.4044 ], [ -1.1426, 5.4015 ], [ -1.1419, 5.3927 ], [ -1.1531, 5.3857 ], [ -1.1461, 5.3809 ], [ -1.1494, 5.3765 ], [ -1.1561, 5.382 ], [ -1.1694, 5.3817 ], [ -1.1745, 5.3717 ], [ -1.1773, 5.3722 ], [ -1.1789, 5.3807 ], [ -1.1842, 5.3845 ], [ -1.1956, 5.3825 ], [ -1.2054, 5.3869 ], [ -1.2079, 5.3825 ], [ -1.2084, 5.3589 ], [ -1.2134, 5.355 ], [ -1.2237, 5.3564 ], [ -1.2332, 5.3489 ], [ -1.2351, 5.3509 ], [ -1.2441, 5.3483 ], [ -1.2485, 5.3511 ], [ -1.2504, 5.3437 ], [ -1.2554, 5.3417 ], [ -1.2618, 5.3434 ], [ -1.2827, 5.3399 ], [ -1.286, 5.3467 ], [ -1.2831, 5.353 ], [ -1.2854, 5.3594 ], [ -1.2883, 5.3606 ], [ -1.2951, 5.3549 ] ] ] } },
{ "type": "Feature", "properties": { "shapeName": "Asikuma-odoben-brakwa", "shapeID": "2480657B2595733520620" }, "geometry": { "type": "Polygon", "coordinates": [ [ [ -0.8858, 5.5258 ], [ -0.9013, 5.5357 ], [ -0.9049, 5.525 ], [ -0.91, 5.5224 ], [ -0.9245, 5.5002 ], [ -0.9342, 5.51 ], [ -0.9418, 5.5119 ], [ -0.9446, 5.5173 ], [ -0.961, 5.5225 ], [ -0.9707, 5.5186 ], [ -0.9729, 5.5113 ], [ -0.9793, 5.5084 ], [ -0.9978, 5.5137 ], [ -1.0138, 5.5052 ], [ -1.0372, 5.5089 ], [ -1.0402, 5.5043 ], [ -1.0515, 5.5016 ], [ -1.0571, 5.5043 ], [ -1.0561, 5.5136 ], [ -1.0684, 5.5163 ], [ -1.0813, 5.5074 ], [ -1.0864, 5.5119 ], [ -1.0905, 5.5358 ], [ -1.0939, 5.5374 ], [ -1.1041, 5.5329 ], [ -1.1164, 5.5396 ], [ -1.1305, 5.5425 ], [ -1.1415, 5.5624 ], [ -1.1409, 5.5691 ], [ -1.1481, 5.578 ], [ -1.1464, 5.5869 ], [ -1.1488, 5.5937 ], [ -1.1624, 5.5989 ], [ -1.1601, 5.6006 ], [ -1.1618, 5.6062 ], [ -1.1666, 5.6107 ], [ -1.1732, 5.6372 ], [ -1.1774, 5.6419 ], [ -1.167, 5.6599 ], [ -1.1727, 5.6737 ], [ -1.1705, 5.7038 ], [ -1.1614, 5.721 ], [ -1.151, 5.725 ], [ -1.1422, 5.7128 ], [ -1.1439, 5.7041 ], [ -1.1357, 5.7045 ], [ -1.1344, 5.7213 ], [ -1.121, 5.7205 ], [ -1.0998, 5.7008 ], [ -1.0943, 5.7144 ], [ -1.0973, 5.7265 ], [ -1.0911, 5.7426 ], [ -1.0772, 5.7491 ], [ -1.0701, 5.7476 ], [ -1.0624, 5.7515 ], [ -1.0446, 5.7524 ], [ -1.0347, 5.7374 ], [ -1.0099, 5.743 ], [ -1.0051, 5.7417 ], [ -0.9976, 5.7464 ], [ -0.9948, 5.7392 ], [ -0.9907, 5.7483 ], [ -0.9716, 5.7542 ], [ -0.9533, 5.7383 ], [ -0.9035, 5.7385 ], [ -0.88, 5.7417 ], [ -0.8788, 5.7493 ], [ -0.8753, 5.7455 ], [ -0.8785, 5.7375 ], [ -0.8673, 5.7381 ], [ -0.8625, 5.731 ], [ -0.8654, 5.7283 ], [ -0.865, 5.7071 ], [ -0.8611, 5.6872 ], [ -0.8626, 5.6755 ], [ -0.8683, 5.6721 ], [ -0.8682, 5.6615 ], [ -0.8593, 5.6415 ], [ -0.8651, 5.6405 ], [ -0.8698, 5.6324 ], [ -0.8796, 5.6278 ], [ -0.8821, 5.6171 ], [ -0.8775, 5.6066 ], [ -0.8849, 5.6032 ], [ -0.8903, 5.5921 ], [ -0.8932, 5.5896 ], [ -0.9038, 5.5911 ], [ -0.8928, 5.5866 ], [ -0.8844, 5.5774 ], [ -0.877, 5.5765 ], [ -0.8623, 5.564 ], [ -0.8572, 5.5497 ], [ -0.8678, 5.5345 ], [ -0.8858, 5.5258 ] ] ] } },
{ "type": "Feature", "properties": { "shapeName": "Effutu Municipal", "shapeID": "2480657B83789922051105" }, "geometry": { "type": "Polygon", "coordinates": [ [ [ -0.5588, 5.4177 ], [ -0.5578, 5.403 ], [ -0.5489, 5.3931 ], [ -0.557, 5.3756 ], [ -0.5573, 5.367 ], [ -0.5532, 5.3652 ], [ -0.6232, 5.3315 ], [ -0.6399, 5.3278 ], [ -0.6422, 5.3368 ], [ -0.6729, 5.3567 ], [ -0.672, 5.3701 ], [ -0.6407, 5.3845 ], [ -0.6151, 5.4066 ], [ -0.607, 5.4026 ], [ -0.5863, 5.414 ], [ -0.5872, 5.4175 ], [ -0.595, 5.4175 ], [ -0.5922, 5.4226 ], [ -0.563, 5.4423 ], [ -0.5595, 5.4264 ], [ -0.5619, 5.4221 ], [ -0.5588, 5.4177 ] ] ] } },
{ "type": "Feature", "properties": { "shapeName": "Gomoa East", "shapeID": "2480657B26264719340764" }, "geometry": { "type": "Polygon", "coordinates": [ [ [ -0.5674, 5.5835 ], [ -0.558, 5.5441 ], [ -0.5421, 5.5155 ], [ -0.5229, 5.5119 ], [ -0.5061, 5.5004 ], [ -0.5033, 5.4999 ], [ -0.5051, 5.5123 ], [ -0.4949, 5.5241 ], [ -0.51, 5.5436 ], [ -0.5016, 5.5537 ], [ -0.4975, 5.5535 ], [ -0.4946, 5.5487 ], [ -0.492, 5.5503 ], [ -0.4881, 5.5443 ], [ -0.4863, 5.5571 ], [ -0.4739, 5.5606 ], [ -0.4547, 5.547 ], [ -0.4568, 5.5358 ], [ -0.4538, 5.5274 ], [ -0.4375, 5.5328 ], [ -0.4143, 5.5307 ], [ -0.4133, 5.5249 ], [ -0.4051, 5.5152 ], [ -0.4044, 5.4917 ], [ -0.4004, 5.486 ], [ -0.4067, 5.4781 ], [ -0.4064, 5.4654 ], [ -0.4206, 5.452 ], [ -0.4435, 5.443 ], [ -0.4652, 5.4294 ], [ -0.4671, 5.425 ], [ -0.4628, 5.4185 ], [ -0.4738, 5.4066 ], [ -0.4832, 5.4335 ], [ -0.5014, 5.4351 ], [ -0.5155, 5.4427 ], [ -0.5327, 5.4207 ], [ -0.538, 5.4186 ], [ -0.5438, 5.4214 ], [ -0.5441, 5.4176 ], [ -0.5484, 5.4161 ], [ -0.5588, 5.4177 ], [ -0.5619, 5.4221 ], [ -0.5595, 5.4264 ], [ -0.563, 5.4423 ], [ -0.5922, 5.4226 ], [ -0.595, 5.4175 ], [ -0.5872, 5.4175 ], [ -0.5863, 5.414 ], [ -0.607, 5.4026 ], [ -0.6151, 5.4066 ], [ -0.6407, 5.3845 ], [ -0.672, 5.3701 ], [ -0.6773, 5.3728 ], [ -0.6808, 5.3829 ], [ -0.6792, 5.3899 ], [ -0.6862, 5.396 ], [ -0.7212, 5.3825 ], [ -0.7291, 5.3953 ], [ -0.7358, 5.3965 ], [ -0.7525, 5.4124 ], [ -0.7565, 5.4115 ], [ -0.7554, 5.4241 ], [ -0.766, 5.4384 ], [ -0.7779, 5.4443 ], [ -0.7711, 5.4691 ], [ -0.7744, 5.4823 ], [ -0.775, 5.518 ], [ -0.7799, 5.5227 ], [ -0.7514, 5.5445 ], [ -0.7501, 5.5274 ], [ -0.7434, 5.5199 ], [ -0.7363, 5.5182 ], [ -0.7073, 5.5306 ], [ -0.7078, 5.523 ], [ -0.7035, 5.5133 ], [ -0.6905, 5.512 ], [ -0.6901, 5.5049 ], [ -0.6828, 5.4991 ], [ -0.6761, 5.5011 ], [ -0.6758, 5.5046 ], [ -0.6731, 5.503 ], [ -0.6639, 5.5066 ], [ -0.6592, 5.5123 ], [ -0.6617, 5.5196 ], [ -0.6579, 5.5264 ], [ -0.6618, 5.5314 ], [ -0.654, 5.5365 ], [ -0.6517, 5.5446 ], [ -0.6483, 5.5419 ], [ -0.6423, 5.5445 ], [ -0.6377, 5.5524 ], [ -0.6305, 5.5517 ], [ -0.6247, 5.5497 ], [ -0.6227, 5.5455 ], [ -0.6183, 5.5456 ], [ -0.6128, 5.5371 ], [ -0.6093, 5.5428 ], [ -0.5992, 5.5433 ], [ -0.5903, 5.5598 ], [ -0.5932, 5.5733 ], [ -0.5868, 5.5744 ], [ -0.5876, 5.5812 ], [ -0.5674, 5.5835 ] ] ] } },
{ "type": "Feature", "properties": { "shapeName": "Abura-asebu-kwamankese", "shapeID": "2480657B30493820921" }, "geometry": { "type": "Polygon", "coordinates": [ [ [ -1.1233, 5.4159 ], [ -1.1235, 5.4095 ], [ -1.137, 5.3804 ], [ -1.134, 5.3759 ], [ -1.1158, 5.3749 ], [ -1.1148, 5.37 ], [ -1.1189, 5.3682 ], [ -1.1284, 5.346 ], [ -1.1222, 5.3418 ], [ -1.1231, 5.3363 ], [ -1.119, 5.3288 ], [ -1.1211, 5.3273 ], [ -1.1176, 5.3207 ], [ -1.0875, 5.297 ], [ -1.052, 5.2846 ], [ -1.0588, 5.2715 ], [ -1.0836, 5.2716 ], [ -1.0879, 5.2537 ], [ -1.0858, 5.2434 ], [ -1.1044, 5.2451 ], [ -1.111, 5.2415 ], [ -1.1191, 5.2517 ], [ -1.1348, 5.2576 ], [ -1.1605, 5.2537 ], [ -1.1686, 5.2602 ], [ -1.1883, 5.2558 ], [ -1.2006, 5.2293 ], [ -1.2083, 5.2272 ], [ -1.2104, 5.2236 ], [ -1.2064, 5.2164 ], [ -1.2084, 5.2134 ], [ -1.2047, 5.1941 ], [ -1.2122, 5.1928 ], [ -1.2251, 5.1794 ], [ -1.2304, 5.1781 ], [ -1.2336, 5.1705 ], [ -1.2264, 5.1678 ], [ -1.2273, 5.1632 ], [ -1.2114, 5.1475 ], [ -1.2124, 5.1442 ], [ -1.2029, 5.1393 ], [ -1.1984, 5.1329 ], [ -1.1987, 5.1275 ], [ -1.2048, 5.1205 ], [ -1.2118, 5.1178 ], [ -1.2158, 5.1325 ], [ -1.2196, 5.1363 ], [ -1.2394, 5.1317 ], [ -1.2378, 5.144 ], [ -1.2438, 5.1501 ], [ -1.2451, 5.158 ], [ -1.2583, 5.1582 ], [ -1.262, 5.1623 ], [ -1.2822, 5.1618 ], [ -1.2865, 5.1703 ], [ -1.2807, 5.1701 ], [ -1.2792, 5.1735 ], [ -1.2831, 5.1774 ], [ -1.2841, 5.1862 ], [ -1.2883, 5.1851 ], [ -1.2866, 5.1942 ], [ -1.2963, 5.1975 ], [ -1.2963, 5.2032 ], [ -1.3061, 5.2042 ], [ -1.3103, 5.21 ], [ -1.2917, 5.2197 ], [ -1.2868, 5.2182 ], [ -1.281, 5.2213 ], [ -1.2848, 5.2298 ], [ -1.2807, 5.2458 ], [ -1.2946, 5.2547 ], [ -1.2962, 5.2655 ], [ -1.2952, 5.2735 ], [ -1.2856, 5.2819 ], [ -1.2868, 5.2926 ], [ -1.2939, 5.2972 ], [ -1.2927, 5.3022 ], [ -1.2995, 5.3104 ], [ -1.3018, 5.3238 ], [ -1.2972, 5.329 ], [ -1.2992, 5.3484 ], [ -1.2883, 5.3606 ], [ -1.2831, 5.353 ], [ -1.286, 5.3467 ], [ -1.2827, 5.3399 ], [ -1.2618, 5.3434 ], [ -1.2554, 5.3417 ], [ -1.2504, 5.3437 ], [ -1.2485, 5.3511 ], [ -1.2441, 5.3483 ], [ -1.2351, 5.3509 ], [ -1.2332, 5.3489 ], [ -1.2237, 5.3564 ], [ -1.2134, 5.355 ], [ -1.2074, 5.3606 ], [ -1.2079, 5.3825 ], [ -1.2054, 5.3869 ], [ -1.1956, 5.3825 ], [ -1.1842, 5.3845 ], [ -1.1789, 5.3807 ], [ -1.1773, 5.3722 ], [ -1.1745, 5.3717 ], [ -1.1694, 5.3817 ], [ -1.1561, 5.382 ], [ -1.1494, 5.3765 ], [ -1.1461, 5.3809 ], [ -1.1531, 5.3857 ], [ -1.1419, 5.3927 ], [ -1.1426, 5.4015 ], [ -1.1378, 5.4044 ], [ -1.1388, 5.4107 ], [ -1.1356, 5.4152 ], [ -1.1233, 5.4159 ] ] ] } },
{ "type": "Feature", "properties": { "shapeName": "Jomoro", "shapeID": "2480657B70421803893954" }, "geometry": { "type": "Polygon", "coordinates": [ [ [ -2.7266, 5.3409 ], [ -2.7147, 5.3492 ], [ -2.704, 5.3476 ], [ -2.6995, 5.3425 ], [ -2.6928, 5.3487 ], [ -2.6868, 5.3483 ], [ -2.6783, 5.3545 ], [ -2.6711, 5.3679 ], [ -2.6522, 5.3773 ], [ -2.6442, 5.3873 ], [ -2.641, 5.3872 ], [ -2.6309, 5.4022 ], [ -2.6271, 5.402 ], [ -2.6178, 5.4125 ], [ -2.6134, 5.4115 ], [ -2.6123, 5.4164 ], [ -2.607, 5.4128 ], [ -2.5994, 5.4152 ], [ -2.5899, 5.3907 ], [ -2.5904, 5.3804 ], [ -2.5852, 5.3778 ], [ -2.532, 5.3751 ], [ -2.5275, 5.3709 ], [ -2.5206, 5.372 ], [ -2.5148, 5.3772 ], [ -2.5085, 5.3717 ], [ -2.4948, 5.3758 ], [ -2.4769, 5.184 ], [ -2.4801, 5.1807 ], [ -2.4875, 5.1498 ], [ -2.485, 5.1392 ], [ -2.4883, 5.1368 ], [ -2.4851, 5.1225 ], [ -2.4785, 5.1206 ], [ -2.4887, 5.104 ], [ -2.4862, 5.1003 ], [ -2.4878, 5.0913 ], [ -2.4832, 5.0859 ], [ -2.4966, 5.065 ], [ -2.4966, 5.0567 ], [ -2.4874, 5.0531 ], [ -2.4871, 5.0444 ], [ -2.5501, 4.9958 ], [ -2.5625, 4.9926 ], [ -2.5599, 4.987 ], [ -2.5643, 4.9758 ], [ -2.635, 4.9823 ], [ -2.6712, 4.9993 ], [ -2.7382, 5.0083 ], [ -2.7715, 5.019 ], [ -3.1086, 5.0902 ], [ -3.109, 5.116 ], [ -3.1017, 5.1124 ], [ -3.0943, 5.1154 ], [ -3.0851, 5.1119 ], [ -3.0724, 5.1131 ], [ -3.0718, 5.1194 ], [ -3.0634, 5.122 ], [ -3.0519, 5.116 ], [ -3.0483, 5.1204 ], [ -3.042, 5.1166 ], [ -3.0215, 5.1194 ], [ -3.019, 5.116 ], [ -3.0024, 5.111 ], [ -2.9762, 5.0871 ], [ -2.9491, 5.0841 ], [ -2.9416, 5.094 ], [ -2.9296, 5.0967 ], [ -2.9294, 5.1002 ], [ -2.9343, 5.1026 ], [ -2.9346, 5.1108 ], [ -2.9431, 5.1143 ], [ -2.9399, 5.1252 ], [ -2.9282, 5.1208 ], [ -2.9104, 5.1205 ], [ -2.9061, 5.1235 ], [ -2.896, 5.1228 ], [ -2.8917, 5.1195 ], [ -2.8906, 5.1268 ], [ -2.884, 5.1238 ], [ -2.8768, 5.1281 ], [ -2.8693, 5.1228 ], [ -2.8634, 5.1231 ], [ -2.8524, 5.1108 ], [ -2.8444, 5.1073 ], [ -2.8381, 5.1096 ], [ -2.8409, 5.1146 ], [ -2.8366, 5.1152 ], [ -2.8322, 5.1214 ], [ -2.8273, 5.1199 ], [ -2.8176, 5.1056 ], [ -2.8135, 5.1134 ], [ -2.8102, 5.1063 ], [ -2.8067, 5.1071 ], [ -2.8061, 5.1116 ], [ -2.8014, 5.1077 ], [ -2.7906, 5.107 ], [ -2.7857, 5.1176 ], [ -2.7854, 5.109 ], [ -2.7808, 5.1123 ], [ -2.7725, 5.1115 ], [ -2.7662, 5.1095 ], [ -2.7649, 5.1039 ], [ -2.7573, 5.1007 ], [ -2.7541, 5.1166 ], [ -2.7422, 5.1135 ], [ -2.7373, 5.1188 ], [ -2.7401, 5.1232 ], [ -2.7374, 5.1288 ], [ -2.7321, 5.1287 ], [ -2.7327, 5.1345 ], [ -2.7277, 5.1314 ], [ -2.7277, 5.137 ], [ -2.7238, 5.1409 ], [ -2.7272, 5.1401 ], [ -2.731, 5.1518 ], [ -2.7365, 5.1487 ], [ -2.7416, 5.1557 ], [ -2.7358, 5.1623 ], [ -2.7406, 5.1611 ], [ -2.7456, 5.1669 ], [ -2.7412, 5.1757 ], [ -2.7495, 5.1945 ], [ -2.7476, 5.2021 ], [ -2.7571, 5.2005 ], [ -2.7648, 5.2169 ], [ -2.757, 5.2184 ], [ -2.7609, 5.2297 ], [ -2.7554, 5.233 ], [ -2.7658, 5.2363 ], [ -2.7624, 5.2457 ], [ -2.7596, 5.2458 ], [ -2.7589, 5.2419 ], [ -2.7547, 5.2422 ], [ -2.7608, 5.2498 ], [ -2.7563, 5.2497 ], [ -2.7549, 5.2462 ], [ -2.7546, 5.2532 ], [ -2.7574, 5.2559 ], [ -2.7639, 5.2552 ], [ -2.7655, 5.2599 ], [ -2.7728, 5.2584 ], [ -2.7759, 5.2653 ], [ -2.7789, 5.2636 ], [ -2.7793, 5.266 ], [ -2.7693, 5.2682 ], [ -2.7807, 5.2765 ], [ -2.7853, 5.2856 ], [ -2.7844, 5.2925 ], [ -2.7812, 5.2947 ], [ -2.7695, 5.2946 ], [ -2.7664, 5.3052 ], [ -2.7661, 5.3172 ], [ -2.7718, 5.329 ], [ -2.7774, 5.3309 ], [ -2.7742, 5.3364 ], [ -2.7706, 5.3362 ], [ -2.7767, 5.3464 ], [ -2.7684, 5.357 ], [ -2.7644, 5.3561 ], [ -2.7557, 5.3438 ], [ -2.7384, 5.3472 ], [ -2.7266, 5.3409 ] ] ] } },
{ "type": "Feature", "properties": { "shapeName": "Ellembelle", "shapeID": "2480657B39512912083476" }, "geometry": { "type": "Polygon", "coordinates": [ [ [ -2.4948, 5.3758 ], [ -2.4993, 5.3783 ], [ -2.4947, 5.3845 ], [ -2.4932, 5.396 ], [ -2.49, 5.3997 ], [ -2.4794, 5.4007 ], [ -2.4401, 5.3793 ], [ -2.4323, 5.3818 ], [ -2.4149, 5.3752 ], [ -2.4084, 5.3798 ], [ -2.4033, 5.3767 ], [ -2.3843, 5.3798 ], [ -2.3778, 5.379 ], [ -2.3759, 5.3756 ], [ -2.366, 5.3787 ], [ -2.3593, 5.3771 ], [ -2.3503, 5.3635 ], [ -2.3447, 5.3644 ], [ -2.3425, 5.3572 ], [ -2.3365, 5.3548 ], [ -2.3372, 5.3497 ], [ -2.3251, 5.3491 ], [ -2.3281, 5.3387 ], [ -2.3402, 5.3248 ], [ -2.336, 5.3088 ], [ -2.3446, 5.3081 ], [ -2.3449, 5.2993 ], [ -2.3513, 5.2933 ], [ -2.3431, 5.2728 ], [ -2.3501, 5.2676 ], [ -2.3523, 5.2606 ], [ -2.3557, 5.2609 ], [ -2.3639, 5.223 ], [ -2.3587, 5.2168 ], [ -2.3585, 5.2072 ], [ -2.3618, 5.2039 ], [ -2.3569, 5.2009 ], [ -2.3623, 5.1957 ], [ -2.3585, 5.188 ], [ -2.3623, 5.1854 ], [ -2.368, 5.1672 ], [ -2.3639, 5.1651 ], [ -2.3637, 5.1608 ], [ -2.3577, 5.162 ], [ -2.3621, 5.1593 ], [ -2.3608, 5.1574 ], [ -2.3544, 5.1557 ], [ -2.3544, 5.1478 ], [ -2.3577, 5.1463 ], [ -2.3558, 5.1373 ], [ -2.3584, 5.1327 ], [ -2.3545, 5.1263 ], [ -2.3564, 5.1194 ], [ -2.3527, 5.1144 ], [ -2.329, 5.1038 ], [ -2.3214, 5.1128 ], [ -2.3164, 5.1124 ], [ -2.3099, 5.1047 ], [ -2.3138, 5.0903 ], [ -2.3083, 5.0851 ], [ -2.303, 5.0905 ], [ -2.2955, 5.0898 ], [ -2.2903, 5.0842 ], [ -2.2794, 5.0833 ], [ -2.2805, 5.0796 ], [ -2.2734, 5.0715 ], [ -2.2687, 5.077 ], [ -2.2656, 5.0688 ], [ -2.2598, 5.0656 ], [ -2.2594, 5.0506 ], [ -2.2466, 5.0418 ], [ -2.244, 5.0345 ], [ -2.238, 5.0337 ], [ -2.2359, 5.0226 ], [ -2.2383, 5.0079 ], [ -2.2348, 5.0046 ], [ -2.2138, 4.9997 ], [ -2.2189, 4.9725 ], [ -2.2154, 4.9634 ], [ -2.2164, 4.9481 ], [ -2.223, 4.9406 ], [ -2.2336, 4.9479 ], [ -2.233, 4.9385 ], [ -2.2368, 4.9426 ], [ -2.2415, 4.9418 ], [ -2.2473, 4.9317 ], [ -2.2582, 4.9343 ], [ -2.2703, 4.9243 ], [ -2.2749, 4.9138 ], [ -2.2675, 4.9134 ], [ -2.27, 4.8996 ], [ -2.3836, 4.9435 ], [ -2.5122, 4.9708 ], [ -2.5537, 4.9823 ], [ -2.5599, 4.987 ], [ -2.5625, 4.9926 ], [ -2.5501, 4.9958 ], [ -2.4871, 5.0444 ], [ -2.4874, 5.0531 ], [ -2.4966, 5.0567 ], [ -2.4966, 5.065 ], [ -2.4832, 5.0859 ], [ -2.4878, 5.0913 ], [ -2.4862, 5.1003 ], [ -2.4887, 5.104 ], [ -2.4785, 5.1206 ], [ -2.4851, 5.1225 ], [ -2.4883, 5.1368 ], [ -2.485, 5.1392 ], [ -2.4875, 5.1498 ], [ -2.4801, 5.1807 ], [ -2.4769, 5.184 ], [ -2.4948, 5.3758 ] ] ] } },
{ "type": "Feature", "properties": { "shapeName": "Dormaa Municipal", "shapeID": "2480657B85939384202988" }, "geometry": { "type": "Polygon", "coordinates": [ [ [ -2.6905, 7.1324 ], [ -2.6911, 7.1147 ], [ -2.6992, 7.1065 ], [ -2.7115, 7.0999 ], [ -2.7155, 7.1036 ], [ -2.7217, 7.1019 ], [ -2.7243, 7.0966 ], [ -2.729, 7.0986 ], [ -2.7406, 7.0857 ], [ -2.7552, 7.0758 ], [ -2.7613, 7.0582 ], [ -2.7639, 7.0395 ], [ -2.7615, 7.0352 ], [ -2.7715, 7.0209 ], [ -2.9326, 6.9966 ], [ -2.9782, 7.0568 ], [ -2.9736, 7.0671 ], [ -2.9784, 7.0712 ], [ -2.9894, 7.0735 ], [ -3.0003, 7.082 ], [ -3.0113, 7.0849 ], [ -3.0133, 7.0954 ], [ -3.0291, 7.0966 ], [ -3.0236, 7.1425 ], [ -2.9827, 7.1947 ], [ -2.9534, 7.2392 ], [ -2.9597, 7.2509 ], [ -2.9782, 7.2721 ], [ -2.9696, 7.3331 ], [ -2.9484, 7.43 ], [ -2.9473, 7.4565 ], [ -2.9371, 7.4803 ], [ -2.9273, 7.4692 ], [ -2.9259, 7.4624 ], [ -2.9139, 7.4547 ], [ -2.9035, 7.4255 ], [ -2.8931, 7.4167 ], [ -2.8889, 7.4261 ], [ -2.8047, 7.4681 ], [ -2.7982, 7.4624 ], [ -2.7879, 7.4598 ], [ -2.7807, 7.471 ], [ -2.758, 7.4461 ], [ -2.7444, 7.4242 ], [ -2.7316, 7.4272 ], [ -2.7258, 7.4107 ], [ -2.7168, 7.407 ], [ -2.7071, 7.396 ], [ -2.6962, 7.3802 ], [ -2.721, 7.3803 ], [ -2.7334, 7.3957 ], [ -2.7331, 7.3885 ], [ -2.7762, 7.3843 ], [ -2.8028, 7.3634 ], [ -2.7983, 7.3502 ], [ -2.7941, 7.3482 ], [ -2.7958, 7.3428 ], [ -2.7878, 7.3353 ], [ -2.7935, 7.3183 ], [ -2.7901, 7.3124 ], [ -2.7957, 7.309 ], [ -2.7954, 7.3011 ], [ -2.8007, 7.3011 ], [ -2.8064, 7.3063 ], [ -2.8145, 7.3028 ], [ -2.8141, 7.2748 ], [ -2.7914, 7.27 ], [ -2.7905, 7.2641 ], [ -2.7773, 7.2569 ], [ -2.7735, 7.2485 ], [ -2.7613, 7.2434 ], [ -2.7575, 7.2354 ], [ -2.7589, 7.2314 ], [ -2.7499, 7.2279 ], [ -2.7388, 7.2283 ], [ -2.7294, 7.2189 ], [ -2.7338, 7.2005 ], [ -2.7419, 7.1882 ], [ -2.7282, 7.1715 ], [ -2.7128, 7.1676 ], [ -2.7114, 7.1557 ], [ -2.7011, 7.1412 ], [ -2.6905, 7.1324 ] ] ] } },
{ "type": "Feature", "properties": { "shapeName": "Dormaa West", "shapeID": "2480657B11503231198633" }, "geometry": { "type": "Polygon", "coordinates": [ [ [ -2.8648, 6.8516 ], [ -2.8716, 6.8537 ], [ -2.8801, 6.87 ], [ -2.8861, 6.8749 ], [ -2.8859, 6.8796 ], [ -2.8968, 6.8875 ], [ -2.8963, 6.8929 ], [ -2.9053, 6.9062 ], [ -2.9185, 6.918 ], [ -2.9198, 6.9249 ], [ -2.9285, 6.9292 ], [ -2.9386, 6.9414 ], [ -2.969, 6.937 ], [ -2.9887, 6.9464 ], [ -2.996, 6.9405 ], [ -3.0128, 6.9366 ], [ -3.0167, 6.9309 ], [ -3.0281, 6.927 ], [ -3.0339, 6.9275 ], [ -3.0456, 6.9382 ], [ -3.0652, 6.9395 ], [ -3.0728, 6.9437 ], [ -3.072, 6.963 ], [ -3.0756, 6.9719 ], [ -3.0922, 6.9796 ], [ -3.0997, 6.9943 ], [ -3.1166, 7.0059 ], [ -3.1078, 7.0141 ], [ -3.1072, 7.019 ], [ -3.0749, 7.0629 ], [ -3.0321, 7.0717 ], [ -3.0291, 7.0966 ], [ -3.0167, 7.0972 ], [ -3.011, 7.0911 ], [ -3.0113, 7.0849 ], [ -3.0003, 7.082 ], [ -2.9894, 7.0735 ], [ -2.9784, 7.0712 ], [ -2.9736, 7.0671 ], [ -2.9782, 7.0568 ], [ -2.9326, 6.9966 ], [ -2.7774, 7.0201 ], [ -2.7925, 7.0098 ], [ -2.8004, 6.9914 ], [ -2.8208, 6.964 ], [ -2.8308, 6.9632 ], [ -2.8323, 6.9586 ], [ -2.8395, 6.9596 ], [ -2.8489, 6.9517 ], [ -2.8521, 6.9422 ], [ -2.85, 6.9229 ], [ -2.8563, 6.9117 ], [ -2.853, 6.8917 ], [ -2.8493, 6.8868 ], [ -2.8517, 6.8747 ], [ -2.8607, 6.8639 ], [ -2.8595, 6.8541 ], [ -2.8648, 6.8516 ] ] ] } },
{ "type": "Feature", "properties": { "shapeName": "Nadowli-kaleo", "shapeID": "2480657B27045720373273" }, "geometry": { "type": "Polygon", "coordinates": [ [ [ -2.4577, 10.1605 ], [ -2.4613, 10.1586 ], [ -2.4603, 10.1552 ], [ -2.4778, 10.1468 ], [ -2.4863, 10.1318 ], [ -2.5029, 10.1225 ], [ -2.5218, 10.0975 ], [ -2.5511, 10.0923 ], [ -2.566, 10.1026 ], [ -2.5664, 10.1129 ], [ -2.5708, 10.1197 ], [ -2.5793, 10.1198 ], [ -2.5834, 10.1147 ], [ -2.5931, 10.1292 ], [ -2.6046, 10.1351 ], [ -2.6168, 10.1489 ], [ -2.6092, 10.1538 ], [ -2.6141, 10.1655 ], [ -2.6241, 10.1658 ], [ -2.6323, 10.1567 ], [ -2.6401, 10.1562 ], [ -2.6484, 10.1603 ], [ -2.6574, 10.1543 ], [ -2.676, 10.1641 ], [ -2.6915, 10.1634 ], [ -2.6949, 10.1731 ], [ -2.698, 10.1738 ], [ -2.6969, 10.1785 ], [ -2.7013, 10.1792 ], [ -2.7032, 10.1843 ], [ -2.7189, 10.1901 ], [ -2.7239, 10.1972 ], [ -2.732, 10.1959 ], [ -2.7423, 10.205 ], [ -2.755, 10.2009 ], [ -2.758, 10.1937 ], [ -2.7657, 10.1935 ], [ -2.7664, 10.1896 ], [ -2.7793, 10.1885 ], [ -2.7816, 10.1832 ], [ -2.7887, 10.1814 ], [ -2.7941, 10.1757 ], [ -2.7979, 10.1892 ], [ -2.7959, 10.1977 ], [ -2.7612, 10.2261 ], [ -2.7561, 10.2456 ], [ -2.7616, 10.2625 ], [ -2.7796, 10.2719 ], [ -2.7937, 10.2749 ], [ -2.8342, 10.2967 ], [ -2.8493, 10.316 ], [ -2.85, 10.3249 ], [ -2.8425, 10.3434 ], [ -2.8414, 10.3671 ], [ -2.8314, 10.3881 ], [ -2.8175, 10.3982 ], [ -2.7998, 10.3979 ], [ -2.7798, 10.4086 ], [ -2.7721, 10.4266 ], [ -2.7619, 10.4254 ], [ -2.7561, 10.4303 ], [ -2.7411, 10.4271 ], [ -2.7273, 10.4347 ], [ -2.7242, 10.4431 ], [ -2.7203, 10.4416 ], [ -2.7116, 10.4481 ], [ -2.687, 10.4474 ], [ -2.6838, 10.4536 ], [ -2.6785, 10.4533 ], [ -2.6677, 10.4613 ], [ -2.6523, 10.4595 ], [ -2.6179, 10.4621 ], [ -2.6064, 10.4658 ], [ -2.5877, 10.4812 ], [ -2.5747, 10.4654 ], [ -2.5751, 10.4602 ], [ -2.59, 10.4631 ], [ -2.5964, 10.4583 ], [ -2.6014, 10.4481 ], [ -2.5997, 10.4407 ], [ -2.6041, 10.427 ], [ -2.6007, 10.4162 ], [ -2.6035, 10.3735 ], [ -2.5993, 10.3716 ], [ -2.5947, 10.3746 ], [ -2.5929, 10.387 ], [ -2.5795, 10.394 ], [ -2.5738, 10.3931 ], [ -2.5682, 10.3862 ], [ -2.5575, 10.3835 ], [ -2.5486, 10.3877 ], [ -2.52, 10.3807 ], [ -2.5107, 10.3838 ], [ -2.4931, 10.3838 ], [ -2.4854, 10.3807 ], [ -2.4732, 10.3855 ], [ -2.4688, 10.3837 ], [ -2.469, 10.3445 ], [ -2.4606, 10.3379 ], [ -2.456, 10.3275 ], [ -2.4646, 10.3164 ], [ -2.4601, 10.2904 ], [ -2.4616, 10.2836 ], [ -2.4559, 10.2765 ], [ -2.4394, 10.2732 ], [ -2.4272, 10.2649 ], [ -2.4309, 10.2562 ], [ -2.466, 10.2421 ], [ -2.4665, 10.2294 ], [ -2.4627, 10.2236 ], [ -2.4617, 10.2111 ], [ -2.4546, 10.2013 ], [ -2.459, 10.1917 ], [ -2.4577, 10.1605 ] ] ] } },
{ "type": "Feature", "properties": { "shapeName": "Prestea/huni Valley", "shapeID": "2480657B71205229821948" }, "geometry": { "type": "Polygon", "coordinates": [ [ [ -1.8245, 5.5932 ], [ -1.8166, 5.5763 ], [ -1.8162, 5.5615 ], [ -1.8209, 5.5543 ], [ -1.8181, 5.5404 ], [ -1.8134, 5.5421 ], [ -1.8066, 5.5377 ], [ -1.8032, 5.5421 ], [ -1.7959, 5.5438 ], [ -1.7906, 5.5426 ], [ -1.7832, 5.5337 ], [ -1.785, 5.5272 ], [ -1.7879, 5.527 ], [ -1.8008, 5.5088 ], [ -1.8005, 5.5008 ], [ -1.8133, 5.4986 ], [ -1.8151, 5.4926 ], [ -1.8252, 5.4834 ], [ -1.8264, 5.4783 ], [ -1.82, 5.4764 ], [ -1.8141, 5.4666 ], [ -1.815, 5.454 ], [ -1.8221, 5.4468 ], [ -1.7981, 5.3904 ], [ -1.7683, 5.3423 ], [ -1.7584, 5.3102 ], [ -1.7727, 5.2951 ], [ -1.7953, 5.2782 ], [ -1.8252, 5.246 ], [ -1.8541, 5.2231 ], [ -1.8727, 5.2357 ], [ -1.8844, 5.23 ], [ -1.8872, 5.2246 ], [ -1.8946, 5.2303 ], [ -1.9046, 5.2279 ], [ -1.9058, 5.2159 ], [ -1.9159, 5.207 ], [ -1.9288, 5.2098 ], [ -1.9337, 5.2079 ], [ -1.932, 5.2056 ], [ -1.9393, 5.1994 ], [ -1.9487, 5.205 ], [ -1.9513, 5.2192 ], [ -1.9573, 5.2254 ], [ -1.9565, 5.2396 ], [ -1.9623, 5.2522 ], [ -1.9579, 5.2683 ], [ -1.9523, 5.2722 ], [ -1.9501, 5.281 ], [ -1.9385, 5.2852 ], [ -1.9368, 5.2907 ], [ -1.9307, 5.2926 ], [ -1.9311, 5.2975 ], [ -1.9273, 5.2973 ], [ -1.93, 5.3129 ], [ -1.9267, 5.3135 ], [ -1.9237, 5.3266 ], [ -1.9301, 5.3325 ], [ -1.9291, 5.343 ], [ -1.9325, 5.3465 ], [ -1.9374, 5.3444 ], [ -1.9557, 5.3499 ], [ -1.964, 5.3376 ], [ -1.9713, 5.3382 ], [ -1.9735, 5.3474 ], [ -1.9821, 5.3406 ], [ -1.986, 5.3469 ], [ -1.998, 5.3535 ], [ -2.002, 5.3636 ], [ -2.0096, 5.361 ], [ -2.0225, 5.3724 ], [ -2.0428, 5.3706 ], [ -2.06, 5.3608 ], [ -2.0592, 5.3507 ], [ -2.1027, 5.3048 ], [ -2.1281, 5.269 ], [ -2.1333, 5.2501 ], [ -2.1372, 5.2477 ], [ -2.1412, 5.2519 ], [ -2.1441, 5.2492 ], [ -2.1511, 5.2522 ], [ -2.1491, 5.2596 ], [ -2.1524, 5.2609 ], [ -2.1491, 5.2669 ], [ -2.1517, 5.2665 ], [ -2.153, 5.2706 ], [ -2.1554, 5.2686 ], [ -2.1713, 5.2727 ], [ -2.1755, 5.2829 ], [ -2.1731, 5.2896 ], [ -2.176, 5.295 ], [ -2.1731, 5.2979 ], [ -2.1744, 5.3188 ], [ -2.1788, 5.3211 ], [ -2.1859, 5.3181 ], [ -2.1893, 5.321 ], [ -2.1887, 5.3354 ], [ -2.2083, 5.3348 ], [ -2.2068, 5.3383 ], [ -2.2122, 5.3433 ], [ -2.2118, 5.3489 ], [ -2.214, 5.3493 ], [ -2.2111, 5.3536 ], [ -2.2144, 5.3581 ], [ -2.2274, 5.3641 ], [ -2.2317, 5.3691 ], [ -2.2296, 5.3718 ], [ -2.2362, 5.3694 ], [ -2.2405, 5.3719 ], [ -2.2318, 5.3821 ], [ -2.2369, 5.3819 ], [ -2.2439, 5.3943 ], [ -2.2498, 5.3929 ], [ -2.2601, 5.4 ], [ -2.2611, 5.4157 ], [ -2.2656, 5.4187 ], [ -2.2593, 5.4218 ], [ -2.2636, 5.4276 ], [ -2.2599, 5.4315 ], [ -2.2624, 5.4358 ], [ -2.259, 5.4531 ], [ -2.2555, 5.454 ], [ -2.2539, 5.4596 ], [ -2.257, 5.4773 ], [ -2.2618, 5.478 ], [ -2.2587, 5.4823 ], [ -2.2619, 5.484 ], [ -2.2506, 5.4981 ], [ -2.2496, 5.5053 ], [ -2.2552, 5.5221 ], [ -2.2459, 5.5211 ], [ -2.2482, 5.5392 ], [ -2.2462, 5.5474 ], [ -2.2301, 5.564 ], [ -2.2048, 5.5705 ], [ -2.1934, 5.5656 ], [ -2.19, 5.56 ], [ -2.1826, 5.5616 ], [ -2.1781, 5.5526 ], [ -2.1741, 5.5529 ], [ -2.1687, 5.5478 ], [ -2.166, 5.5531 ], [ -2.1594, 5.555 ], [ -2.1629, 5.5667 ], [ -2.1723, 5.566 ], [ -2.1746, 5.5688 ], [ -2.1725, 5.5731 ], [ -2.1659, 5.5726 ], [ -2.1735, 5.5895 ], [ -2.1679, 5.5996 ], [ -2.1721, 5.6002 ], [ -2.1725, 5.6037 ], [ -2.1659, 5.6128 ], [ -2.1591, 5.6148 ], [ -2.162, 5.622 ], [ -2.16, 5.6234 ], [ -2.1572, 5.6191 ], [ -2.1526, 5.6262 ], [ -2.114, 5.6152 ], [ -2.099, 5.6163 ], [ -2.0933, 5.6086 ], [ -2.0834, 5.6204 ], [ -2.0718, 5.619 ], [ -2.0658, 5.6163 ], [ -2.0616, 5.6061 ], [ -2.0547, 5.6243 ], [ -2.0412, 5.6344 ], [ -2.033, 5.6347 ], [ -2.0276, 5.631 ], [ -2.0247, 5.6217 ], [ -2.0233, 5.6315 ], [ -2.0156, 5.6368 ], [ -2.0091, 5.6362 ], [ -2.0007, 5.6287 ], [ -1.9869, 5.6347 ], [ -1.9807, 5.6255 ], [ -1.9761, 5.6275 ], [ -1.976, 5.6241 ], [ -1.9725, 5.628 ], [ -1.9664, 5.6241 ], [ -1.9652, 5.6306 ], [ -1.9615, 5.6286 ], [ -1.9472, 5.6312 ], [ -1.941, 5.6431 ], [ -1.9429, 5.6475 ], [ -1.9407, 5.6506 ], [ -1.9313, 5.6514 ], [ -1.9313, 5.6551 ], [ -1.9247, 5.6581 ], [ -1.9243, 5.6624 ], [ -1.919, 5.6596 ], [ -1.911, 5.6706 ], [ -1.9004, 5.6695 ], [ -1.8931, 5.6647 ], [ -1.8562, 5.6917 ], [ -1.8387, 5.6939 ], [ -1.8296, 5.6852 ], [ -1.8266, 5.6745 ], [ -1.8212, 5.6725 ], [ -1.818, 5.6747 ], [ -1.8322, 5.5924 ], [ -1.8245, 5.5932 ] ] ] } },
{ "type": "Feature", "properties": { "shapeName": "Ahanta West Municipal", "shapeID": "2480657B81057694902297" }, "geometry": { "type": "Polygon", "coordinates": [ [ [ -1.9873, 4.9376 ], [ -1.972, 4.9587 ], [ -1.9687, 4.9532 ], [ -1.9588, 4.9536 ], [ -1.9587, 4.9486 ], [ -1.9329, 4.9503 ], [ -1.9228, 4.9413 ], [ -1.9133, 4.9401 ], [ -1.9039, 4.9293 ], [ -1.8984, 4.9274 ], [ -1.8667, 4.9273 ], [ -1.8664, 4.9472 ], [ -1.8763, 4.9558 ], [ -1.8817, 4.9559 ], [ -1.8806, 4.9606 ], [ -1.8844, 4.9635 ], [ -1.8434, 4.9634 ], [ -1.8433, 4.9596 ], [ -1.8363, 4.9563 ], [ -1.8383, 4.9448 ], [ -1.8229, 4.9355 ], [ -1.8234, 4.925 ], [ -1.82, 4.9175 ], [ -1.8165, 4.9178 ], [ -1.8155, 4.9136 ], [ -1.808, 4.9107 ], [ -1.8084, 4.9065 ], [ -1.798, 4.9026 ], [ -1.7967, 4.8976 ], [ -1.7863, 4.8949 ], [ -1.7777, 4.8802 ], [ -1.7722, 4.8803 ], [ -1.7674, 4.8749 ], [ -1.7786, 4.8757 ], [ -1.7944, 4.8718 ], [ -1.8073, 4.8735 ], [ -1.8132, 4.8708 ], [ -1.8134, 4.8668 ], [ -1.8302, 4.862 ], [ -1.8381, 4.8486 ], [ -1.859, 4.8473 ], [ -1.8712, 4.8434 ], [ -1.8849, 4.8352 ], [ -1.8905, 4.8264 ], [ -1.9125, 4.8258 ], [ -1.9165, 4.8218 ], [ -1.9141, 4.8195 ], [ -1.9171, 4.8136 ], [ -1.9367, 4.8068 ], [ -1.94, 4.7953 ], [ -1.9486, 4.793 ], [ -1.9476, 4.7877 ], [ -1.9722, 4.7693 ], [ -1.9741, 4.7589 ], [ -1.9791, 4.7588 ], [ -1.9802, 4.7558 ], [ -1.9919, 4.7594 ], [ -2.0267, 4.7574 ], [ -2.0357, 4.7515 ], [ -2.0358, 4.756 ], [ -2.0389, 4.7553 ], [ -2.0515, 4.747 ], [ -2.0545, 4.7398 ], [ -2.0647, 4.7466 ], [ -2.0684, 4.743 ], [ -2.0719, 4.7483 ], [ -2.0796, 4.7486 ], [ -2.0921, 4.7388 ], [ -2.0912, 4.7451 ], [ -2.094, 4.749 ], [ -2.1117, 4.7546 ], [ -2.1094, 4.7635 ], [ -2.1135, 4.7642 ], [ -2.1051, 4.7756 ], [ -2.1223, 4.7897 ], [ -2.1348, 4.7895 ], [ -2.1484, 4.7971 ], [ -2.1578, 4.798 ], [ -2.1663, 4.7967 ], [ -2.1688, 4.7911 ], [ -2.1686, 4.8 ], [ -2.1723, 4.8037 ], [ -2.1696, 4.8075 ], [ -2.1813, 4.8156 ], [ -2.1801, 4.8179 ], [ -2.1649, 4.8243 ], [ -2.1588, 4.8393 ], [ -2.143, 4.8463 ], [ -2.1373, 4.8523 ], [ -2.1204, 4.8815 ], [ -2.1163, 4.8802 ], [ -2.1007, 4.8901 ], [ -2.0945, 4.888 ], [ -2.0907, 4.8953 ], [ -2.0935, 4.8978 ], [ -2.0926, 4.9023 ], [ -2.071, 4.9039 ], [ -2.0675, 4.9076 ], [ -2.0621, 4.9058 ], [ -2.0577, 4.9107 ], [ -2.0501, 4.908 ], [ -2.0449, 4.9156 ], [ -2.0262, 4.9201 ], [ -2.0138, 4.9136 ], [ -2.0116, 4.9029 ], [ -2.0034, 4.9008 ], [ -1.9991, 4.9035 ], [ -1.9867, 4.9031 ], [ -1.9829, 4.913 ], [ -1.987, 4.9209 ], [ -1.9942, 4.9221 ], [ -1.9947, 4.9264 ], [ -1.9929, 4.9347 ], [ -1.9873, 4.9376 ] ] ] } },
{ "type": "Feature", "properties": { "shapeName": "Daffiama Bussie Issa", "shapeID": "2480657B92911606303429" }, "geometry": { "type": "Polygon", "coordinates": [ [ [ -2.0596, 10.3235 ], [ -2.0666, 10.3239 ], [ -2.0805, 10.3127 ], [ -2.093, 10.32 ], [ -2.0964, 10.3343 ], [ -2.1699, 10.3072 ], [ -2.1637, 10.2884 ], [ -2.1968, 10.2886 ], [ -2.2146, 10.2524 ], [ -2.2108, 10.2503 ], [ -2.2122, 10.2443 ], [ -2.2185, 10.2447 ], [ -2.2281, 10.2369 ], [ -2.2381, 10.2359 ], [ -2.2465, 10.2139 ], [ -2.2559, 10.2186 ], [ -2.2586, 10.2279 ], [ -2.2623, 10.2287 ], [ -2.2718, 10.2425 ], [ -2.2803, 10.2465 ], [ -2.297, 10.2405 ], [ -2.3089, 10.243 ], [ -2.3136, 10.2397 ], [ -2.322, 10.2404 ], [ -2.3305, 10.2462 ], [ -2.343, 10.2396 ], [ -2.3543, 10.2411 ], [ -2.3624, 10.2274 ], [ -2.3681, 10.2233 ], [ -2.368, 10.2172 ], [ -2.3767, 10.2068 ], [ -2.3793, 10.1945 ], [ -2.3962, 10.1789 ], [ -2.4042, 10.1627 ], [ -2.4203, 10.1647 ], [ -2.4492, 10.1572 ], [ -2.4524, 10.1606 ], [ -2.4577, 10.1605 ], [ -2.459, 10.1917 ], [ -2.4546, 10.2013 ], [ -2.4617, 10.2111 ], [ -2.4627, 10.2236 ], [ -2.4665, 10.2294 ], [ -2.466, 10.2421 ], [ -2.4309, 10.2562 ], [ -2.4272, 10.2649 ], [ -2.4394, 10.2732 ], [ -2.4559, 10.2765 ], [ -2.4616, 10.2836 ], [ -2.4601, 10.2904 ], [ -2.4646, 10.3164 ], [ -2.456, 10.3275 ], [ -2.4606, 10.3379 ], [ -2.469, 10.3445 ], [ -2.4688, 10.3837 ], [ -2.4732, 10.3855 ], [ -2.4854, 10.3807 ], [ -2.4931, 10.3838 ], [ -2.5107, 10.3838 ], [ -2.52, 10.3807 ], [ -2.5486, 10.3877 ], [ -2.5575, 10.3835 ], [ -2.5682, 10.3862 ], [ -2.5738, 10.3931 ], [ -2.5795, 10.394 ], [ -2.5929, 10.387 ], [ -2.5947, 10.3746 ], [ -2.5993, 10.3716 ], [ -2.6035, 10.3735 ], [ -2.6007, 10.4162 ], [ -2.6041, 10.427 ], [ -2.5997, 10.4407 ], [ -2.6014, 10.4481 ], [ -2.5964, 10.4583 ], [ -2.59, 10.4631 ], [ -2.5751, 10.4602 ], [ -2.5747, 10.4654 ], [ -2.5877, 10.4812 ], [ -2.5566, 10.4998 ], [ -2.5274, 10.5099 ], [ -2.509, 10.5119 ], [ -2.4898, 10.5089 ], [ -2.4751, 10.5124 ], [ -2.4683, 10.5164 ], [ -2.4599, 10.5289 ], [ -2.4399, 10.5184 ], [ -2.433, 10.5301 ], [ -2.4348, 10.5351 ], [ -2.4099, 10.5374 ], [ -2.4064, 10.5349 ], [ -2.3744, 10.542 ], [ -2.364, 10.5486 ], [ -2.3621, 10.5549 ], [ -2.3577, 10.555 ], [ -2.355, 10.5642 ], [ -2.3487, 10.5676 ], [ -2.3484, 10.5647 ], [ -2.3447, 10.5657 ], [ -2.34, 10.5727 ], [ -2.3333, 10.5721 ], [ -2.3332, 10.5747 ], [ -2.3181, 10.5817 ], [ -2.3142, 10.5768 ], [ -2.3105, 10.5786 ], [ -2.3058, 10.5759 ], [ -2.3065, 10.5713 ], [ -2.2995, 10.5705 ], [ -2.2963, 10.5545 ], [ -2.291, 10.5531 ], [ -2.2787, 10.5602 ], [ -2.2693, 10.5551 ], [ -2.2635, 10.5396 ], [ -2.2473, 10.5305 ], [ -2.2415, 10.5229 ], [ -2.2376, 10.5231 ], [ -2.239, 10.5158 ], [ -2.2279, 10.5102 ], [ -2.2285, 10.506 ], [ -2.2057, 10.504 ], [ -2.2009, 10.4958 ], [ -2.1883, 10.4958 ], [ -2.1785, 10.49 ], [ -2.182, 10.4807 ], [ -2.1803, 10.4758 ], [ -2.1859, 10.471 ], [ -2.1853, 10.4619 ], [ -2.1616, 10.4666 ], [ -2.1577, 10.4595 ], [ -2.1369, 10.4409 ], [ -2.1238, 10.4419 ], [ -2.1164, 10.449 ], [ -2.1048, 10.4493 ], [ -2.0995, 10.4448 ], [ -2.09, 10.4436 ], [ -2.0878, 10.4364 ], [ -2.0747, 10.4269 ], [ -2.0711, 10.4205 ], [ -2.0731, 10.4138 ], [ -2.0629, 10.4027 ], [ -2.065, 10.3919 ], [ -2.0567, 10.3799 ], [ -2.0539, 10.3594 ], [ -2.0492, 10.3543 ], [ -2.0544, 10.3546 ], [ -2.0522, 10.3467 ], [ -2.0595, 10.346 ], [ -2.0683, 10.3388 ], [ -2.0596, 10.3235 ] ] ] } },
{ "type": "Feature", "properties": { "shapeName": "Nzema East", "shapeID": "2480657B37092877755739" }, "geometry": { "type": "Polygon", "coordinates": [ [ [ -2.3251, 5.3491 ], [ -2.3191, 5.346 ], [ -2.3199, 5.3479 ], [ -2.3161, 5.3477 ], [ -2.3053, 5.3395 ], [ -2.2973, 5.348 ], [ -2.2894, 5.3435 ], [ -2.2891, 5.3518 ], [ -2.2824, 5.3462 ], [ -2.2765, 5.348 ], [ -2.2762, 5.3567 ], [ -2.26, 5.3458 ], [ -2.2621, 5.3357 ], [ -2.2558, 5.3383 ], [ -2.2533, 5.3318 ], [ -2.2499, 5.3333 ], [ -2.2498, 5.3295 ], [ -2.2403, 5.3277 ], [ -2.2079, 5.3272 ], [ -2.2054, 5.333 ], [ -2.1887, 5.3354 ], [ -2.1893, 5.321 ], [ -2.1859, 5.3181 ], [ -2.1788, 5.3211 ], [ -2.1744, 5.3188 ], [ -2.1731, 5.2979 ], [ -2.176, 5.295 ], [ -2.1731, 5.2896 ], [ -2.1755, 5.2829 ], [ -2.1713, 5.2727 ], [ -2.1518, 5.2699 ], [ -2.1485, 5.2651 ], [ -2.1524, 5.2609 ], [ -2.1491, 5.2596 ], [ -2.1511, 5.2522 ], [ -2.1441, 5.2492 ], [ -2.1412, 5.2519 ], [ -2.1368, 5.2444 ], [ -2.1243, 5.2468 ], [ -2.1235, 5.2383 ], [ -2.116, 5.2244 ], [ -2.1187, 5.2204 ], [ -2.1141, 5.2194 ], [ -2.1054, 5.2086 ], [ -2.1069, 5.2051 ], [ -2.1183, 5.1997 ], [ -2.1253, 5.1864 ], [ -2.1376, 5.1831 ], [ -2.1245, 5.1427 ], [ -2.1444, 5.1147 ], [ -2.1548, 5.0853 ], [ -2.1377, 5.0862 ], [ -2.1298, 5.0772 ], [ -2.1301, 5.0694 ], [ -2.1271, 5.0662 ], [ -2.1082, 5.0807 ], [ -2.0985, 5.0693 ], [ -2.0975, 5.0577 ], [ -2.0883, 5.0416 ], [ -2.1056, 5.0267 ], [ -2.1053, 5.0209 ], [ -2.0991, 5.019 ], [ -2.0922, 5.0057 ], [ -2.0907, 4.9702 ], [ -2.0875, 4.9582 ], [ -2.0812, 4.9556 ], [ -2.0768, 4.9292 ], [ -2.0699, 4.9211 ], [ -2.0686, 4.9127 ], [ -2.0589, 4.9067 ], [ -2.0926, 4.9023 ], [ -2.0935, 4.8978 ], [ -2.0907, 4.8953 ], [ -2.0945, 4.888 ], [ -2.1007, 4.8901 ], [ -2.1163, 4.8802 ], [ -2.1204, 4.8815 ], [ -2.1373, 4.8523 ], [ -2.143, 4.8463 ], [ -2.1588, 4.8393 ], [ -2.1649, 4.8243 ], [ -2.1813, 4.8156 ], [ -2.2035, 4.822 ], [ -2.2041, 4.8316 ], [ -2.2109, 4.8386 ], [ -2.2475, 4.8553 ], [ -2.2418, 4.8625 ], [ -2.248, 4.8744 ], [ -2.2477, 4.8803 ], [ -2.2541, 4.8863 ], [ -2.2694, 4.8923 ], [ -2.2699, 4.9103 ], [ -2.2675, 4.9134 ], [ -2.2749, 4.9138 ], [ -2.2703, 4.9243 ], [ -2.2582, 4.9343 ], [ -2.2473, 4.9317 ], [ -2.2415, 4.9418 ], [ -2.2368, 4.9426 ], [ -2.233, 4.9385 ], [ -2.2336, 4.9479 ], [ -2.223, 4.9406 ], [ -2.2164, 4.9481 ], [ -2.2154, 4.9634 ], [ -2.2189, 4.9725 ], [ -2.2138, 4.9997 ], [ -2.2348, 5.0046 ], [ -2.2383, 5.0079 ], [ -2.2359, 5.0226 ], [ -2.238, 5.0337 ], [ -2.244, 5.0345 ], [ -2.2466, 5.0418 ], [ -2.2594, 5.0506 ], [ -2.2598, 5.0656 ], [ -2.2656, 5.0688 ], [ -2.2687, 5.077 ], [ -2.2734, 5.0715 ], [ -2.2805, 5.0796 ], [ -2.2794, 5.0833 ], [ -2.2903, 5.0842 ], [ -2.2955, 5.0898 ], [ -2.303, 5.0905 ], [ -2.3083, 5.0851 ], [ -2.3138, 5.0903 ], [ -2.3099, 5.1047 ], [ -2.3164, 5.1124 ], [ -2.3214, 5.1128 ], [ -2.329, 5.1038 ], [ -2.3527, 5.1144 ], [ -2.3564, 5.1194 ], [ -2.3545, 5.1263 ], [ -2.3584, 5.1327 ], [ -2.3558, 5.1373 ], [ -2.3577, 5.1463 ], [ -2.3544, 5.1478 ], [ -2.3544, 5.1557 ], [ -2.3608, 5.1574 ], [ -2.3621, 5.1593 ], [ -2.3577, 5.162 ], [ -2.3637, 5.1608 ], [ -2.3639, 5.1651 ], [ -2.368, 5.1672 ], [ -2.3623, 5.1854 ], [ -2.3585, 5.188 ], [ -2.3623, 5.1957 ], [ -2.3569, 5.2009 ], [ -2.3618, 5.2039 ], [ -2.3585, 5.2072 ], [ -2.3587, 5.2168 ], [ -2.3639, 5.223 ], [ -2.3557, 5.2609 ], [ -2.3523, 5.2606 ], [ -2.3501, 5.2676 ], [ -2.3431, 5.2728 ], [ -2.3513, 5.2933 ], [ -2.3449, 5.2993 ], [ -2.3446, 5.3081 ], [ -2.336, 5.3088 ], [ -2.3402, 5.3248 ], [ -2.3281, 5.3387 ], [ -2.3251, 5.3491 ] ] ] } },
{ "type": "Feature", "properties": { "shapeName": "Lawra", "shapeID": "2480657B49975124320145" }, "geometry": { "type": "Polygon", "coordinates": [ [ [ -2.7055, 10.6538 ], [ -2.6981, 10.6361 ], [ -2.7087, 10.6283 ], [ -2.7203, 10.6257 ], [ -2.735, 10.6123 ], [ -2.7419, 10.6179 ], [ -2.7454, 10.6294 ], [ -2.7566, 10.6286 ], [ -2.7632, 10.6179 ], [ -2.778, 10.6126 ], [ -2.7907, 10.613 ], [ -2.7944, 10.6091 ], [ -2.7933, 10.6034 ], [ -2.7992, 10.6006 ], [ -2.7996, 10.5973 ], [ -2.804, 10.5977 ], [ -2.803, 10.5794 ], [ -2.8077, 10.5659 ], [ -2.8035, 10.5508 ], [ -2.8213, 10.5229 ], [ -2.8341, 10.5175 ], [ -2.846, 10.5039 ], [ -2.8385, 10.5031 ], [ -2.8401, 10.4792 ], [ -2.8361, 10.4734 ], [ -2.8411, 10.465 ], [ -2.8538, 10.4507 ], [ -2.8635, 10.4565 ], [ -2.8721, 10.4737 ], [ -2.8711, 10.4807 ], [ -2.8746, 10.4911 ], [ -2.88, 10.5008 ], [ -2.889, 10.5064 ], [ -2.8991, 10.5228 ], [ -2.8981, 10.5402 ], [ -2.9018, 10.5511 ], [ -2.9108, 10.5631 ], [ -2.9244, 10.5956 ], [ -2.9402, 10.6124 ], [ -2.9406, 10.6366 ], [ -2.931, 10.6522 ], [ -2.9157, 10.6636 ], [ -2.9055, 10.6882 ], [ -2.9109, 10.6998 ], [ -2.94, 10.7093 ], [ -2.9378, 10.7222 ], [ -2.9189, 10.7358 ], [ -2.8963, 10.7626 ], [ -2.8918, 10.7633 ], [ -2.892, 10.7585 ], [ -2.8865, 10.7564 ], [ -2.8894, 10.7523 ], [ -2.8883, 10.7479 ], [ -2.8823, 10.7474 ], [ -2.8822, 10.7498 ], [ -2.8779, 10.7489 ], [ -2.8709, 10.7534 ], [ -2.865, 10.7523 ], [ -2.8643, 10.7488 ], [ -2.8508, 10.7503 ], [ -2.8488, 10.7486 ], [ -2.8521, 10.7463 ], [ -2.8514, 10.7354 ], [ -2.8474, 10.7357 ], [ -2.845, 10.7297 ], [ -2.8416, 10.7289 ], [ -2.8188, 10.7472 ], [ -2.819, 10.7516 ], [ -2.8109, 10.7533 ], [ -2.8079, 10.767 ], [ -2.8012, 10.7681 ], [ -2.7765, 10.763 ], [ -2.7678, 10.7453 ], [ -2.7626, 10.7435 ], [ -2.7585, 10.7467 ], [ -2.755, 10.7406 ], [ -2.7484, 10.7397 ], [ -2.7289, 10.7523 ], [ -2.7088, 10.7582 ], [ -2.6952, 10.7574 ], [ -2.6933, 10.7606 ], [ -2.6955, 10.7638 ], [ -2.7069, 10.7651 ], [ -2.7105, 10.7729 ], [ -2.6786, 10.782 ], [ -2.6639, 10.7894 ], [ -2.6595, 10.7801 ], [ -2.6623, 10.7752 ], [ -2.6533, 10.7594 ], [ -2.6557, 10.7542 ], [ -2.6741, 10.7455 ], [ -2.6894, 10.7465 ], [ -2.6954, 10.7501 ], [ -2.6811, 10.712 ], [ -2.7013, 10.7152 ], [ -2.7075, 10.7073 ], [ -2.7078, 10.7126 ], [ -2.7149, 10.7164 ], [ -2.7238, 10.7104 ], [ -2.7281, 10.7149 ], [ -2.7326, 10.7122 ], [ -2.7268, 10.7017 ], [ -2.7243, 10.6841 ], [ -2.7216, 10.6808 ], [ -2.7133, 10.6874 ], [ -2.7161, 10.6766 ], [ -2.7062, 10.6656 ], [ -2.7055, 10.6538 ] ] ] } },
{ "type": "Feature", "properties": { "shapeName": "Nandom", "shapeID": "2480657B7958262081913" }, "geometry": { "type": "Polygon", "coordinates": [ [ [ -2.7683, 11.0048 ], [ -2.7649, 10.9968 ], [ -2.7548, 10.9905 ], [ -2.7533, 10.9798 ], [ -2.7462, 10.9704 ], [ -2.7448, 10.9558 ], [ -2.7366, 10.9465 ], [ -2.745, 10.9314 ], [ -2.7363, 10.9287 ], [ -2.7344, 10.9027 ], [ -2.7246, 10.9099 ], [ -2.7238, 10.8895 ], [ -2.7356, 10.8835 ], [ -2.7419, 10.876 ], [ -2.736, 10.8749 ], [ -2.7363, 10.8571 ], [ -2.7144, 10.8488 ], [ -2.7164, 10.8429 ], [ -2.7087, 10.8373 ], [ -2.7131, 10.8296 ], [ -2.7098, 10.8119 ], [ -2.6904, 10.8159 ], [ -2.6866, 10.8124 ], [ -2.6895, 10.7991 ], [ -2.686, 10.7971 ], [ -2.6915, 10.7796 ], [ -2.7105, 10.7729 ], [ -2.7069, 10.7651 ], [ -2.6955, 10.7638 ], [ -2.6933, 10.7606 ], [ -2.6952, 10.7574 ], [ -2.7088, 10.7582 ], [ -2.7289, 10.7523 ], [ -2.7484, 10.7397 ], [ -2.755, 10.7406 ], [ -2.7585, 10.7467 ], [ -2.7626, 10.7435 ], [ -2.7678, 10.7453 ], [ -2.7765, 10.763 ], [ -2.7903, 10.7671 ], [ -2.8079, 10.767 ], [ -2.8109, 10.7533 ], [ -2.819, 10.7516 ], [ -2.8188, 10.7472 ], [ -2.8416, 10.7289 ], [ -2.845, 10.7297 ], [ -2.8474, 10.7357 ], [ -2.8514, 10.7354 ], [ -2.8521, 10.7463 ], [ -2.8488, 10.7486 ], [ -2.8508, 10.7503 ], [ -2.8643, 10.7488 ], [ -2.865, 10.7523 ], [ -2.8709, 10.7534 ], [ -2.8779, 10.7489 ], [ -2.8822, 10.7498 ], [ -2.8823, 10.7474 ], [ -2.8883, 10.7479 ], [ -2.8894, 10.7523 ], [ -2.8865, 10.7564 ], [ -2.892, 10.7585 ], [ -2.8918, 10.7633 ], [ -2.8963, 10.7626 ], [ -2.8919, 10.7814 ], [ -2.881, 10.8037 ], [ -2.8791, 10.8319 ], [ -2.8635, 10.8577 ], [ -2.8656, 10.8841 ], [ -2.8583, 10.8912 ], [ -2.8371, 10.8935 ], [ -2.8175, 10.9238 ], [ -2.8197, 10.9426 ], [ -2.8378, 10.9605 ], [ -2.8406, 10.9675 ], [ -2.834, 11.0041 ], [ -2.7683, 11.0048 ] ] ] } },
{ "type": "Feature", "properties": { "shapeName": "Tarkwa Nsuaem", "shapeID": "2480657B19905724513669" }, "geometry": { "type": "Polygon", "coordinates": [ [ [ -1.8541, 5.2231 ], [ -1.8491, 5.1966 ], [ -1.868, 5.1725 ], [ -1.884, 5.1444 ], [ -1.8949, 5.1581 ], [ -1.9238, 5.1615 ], [ -1.9387, 5.1548 ], [ -1.9356, 5.1468 ], [ -1.9502, 5.1164 ], [ -1.9489, 5.1009 ], [ -1.953, 5.0935 ], [ -1.9535, 5.0814 ], [ -1.9501, 5.0774 ], [ -1.9548, 5.0704 ], [ -1.9521, 5.0675 ], [ -1.9541, 5.0633 ], [ -1.9488, 5.0591 ], [ -1.9534, 5.0579 ], [ -1.9491, 5.0541 ], [ -1.953, 5.0421 ], [ -1.9494, 5.0376 ], [ -1.9519, 5.0343 ], [ -1.951, 5.0249 ], [ -1.967, 5.0246 ], [ -1.9735, 5.021 ], [ -1.9767, 4.9848 ], [ -1.9886, 4.9744 ], [ -1.9803, 4.9644 ], [ -1.979, 4.9496 ], [ -1.9873, 4.9376 ], [ -1.9929, 4.9347 ], [ -1.9947, 4.9264 ], [ -1.9942, 4.9221 ], [ -1.987, 4.9209 ], [ -1.9829, 4.913 ], [ -1.985, 4.9048 ], [ -2.0034, 4.9008 ], [ -2.0116, 4.9029 ], [ -2.0138, 4.9136 ], [ -2.0262, 4.9201 ], [ -2.0449, 4.9156 ], [ -2.0501, 4.908 ], [ -2.0557, 4.9109 ], [ -2.06, 4.9077 ], [ -2.0658, 4.9096 ], [ -2.0708, 4.9175 ], [ -2.0699, 4.9211 ], [ -2.0768, 4.9292 ], [ -2.0812, 4.9556 ], [ -2.0883, 4.96 ], [ -2.0922, 5.0057 ], [ -2.0991, 5.019 ], [ -2.1053, 5.0209 ], [ -2.1056, 5.0267 ], [ -2.0883, 5.0416 ], [ -2.0975, 5.0577 ], [ -2.0985, 5.0693 ], [ -2.1082, 5.0807 ], [ -2.1271, 5.0662 ], [ -2.1301, 5.0694 ], [ -2.1298, 5.0772 ], [ -2.1377, 5.0862 ], [ -2.1548, 5.0853 ], [ -2.1444, 5.1147 ], [ -2.1245, 5.1427 ], [ -2.1376, 5.1831 ], [ -2.1253, 5.1864 ], [ -2.1183, 5.1997 ], [ -2.1069, 5.2051 ], [ -2.1054, 5.2086 ], [ -2.1141, 5.2194 ], [ -2.1187, 5.2204 ], [ -2.116, 5.2244 ], [ -2.1235, 5.2383 ], [ -2.1243, 5.2468 ], [ -2.1368, 5.2444 ], [ -2.1281, 5.269 ], [ -2.1027, 5.3048 ], [ -2.0592, 5.3507 ], [ -2.06, 5.3608 ], [ -2.0428, 5.3706 ], [ -2.0225, 5.3724 ], [ -2.0096, 5.361 ], [ -2.002, 5.3636 ], [ -1.998, 5.3535 ], [ -1.986, 5.3469 ], [ -1.9821, 5.3406 ], [ -1.9735, 5.3474 ], [ -1.9713, 5.3382 ], [ -1.964, 5.3376 ], [ -1.9557, 5.3499 ], [ -1.9374, 5.3444 ], [ -1.9325, 5.3465 ], [ -1.9291, 5.343 ], [ -1.9301, 5.3325 ], [ -1.9237, 5.3266 ], [ -1.9267, 5.3135 ], [ -1.93, 5.3129 ], [ -1.9273, 5.2973 ], [ -1.9311, 5.2975 ], [ -1.9307, 5.2926 ], [ -1.9368, 5.2907 ], [ -1.9385, 5.2852 ], [ -1.9501, 5.281 ], [ -1.9523, 5.2722 ], [ -1.9579, 5.2683 ], [ -1.9623, 5.2522 ], [ -1.9565, 5.2396 ], [ -1.9573, 5.2254 ], [ -1.9513, 5.2192 ], [ -1.9487, 5.205 ], [ -1.9393, 5.1994 ], [ -1.932, 5.2056 ], [ -1.9337, 5.2079 ], [ -1.9288, 5.2098 ], [ -1.9159, 5.207 ], [ -1.9058, 5.2159 ], [ -1.9046, 5.2279 ], [ -1.8946, 5.2303 ], [ -1.8872, 5.2246 ], [ -1.8844, 5.23 ], [ -1.8727, 5.2357 ], [ -1.8541, 5.2231 ] ] ] } },
{ "type": "Feature", "properties": { "shapeName": "Talensi", "shapeID": "2480657B26285365473669" }, "geometry": { "type": "Polygon", "coordinates": [ [ [ -0.944, 10.6172 ], [ -0.9318, 10.6294 ], [ -0.9257, 10.6312 ], [ -0.9234, 10.644 ], [ -0.9168, 10.6456 ], [ -0.9169, 10.6681 ], [ -0.9076, 10.681 ], [ -0.9084, 10.6868 ], [ -0.9008, 10.6938 ], [ -0.9037, 10.6962 ], [ -0.9005, 10.7169 ], [ -0.8969, 10.7172 ], [ -0.8977, 10.7201 ], [ -0.8939, 10.7206 ], [ -0.8891, 10.7282 ], [ -0.8825, 10.7289 ], [ -0.8801, 10.7382 ], [ -0.8736, 10.743 ], [ -0.8625, 10.7374 ], [ -0.8541, 10.7426 ], [ -0.8401, 10.7425 ], [ -0.83, 10.7498 ], [ -0.8182, 10.7493 ], [ -0.8085, 10.7609 ], [ -0.8048, 10.7596 ], [ -0.7996, 10.7642 ], [ -0.7856, 10.7664 ], [ -0.7791, 10.7738 ], [ -0.7764, 10.7839 ], [ -0.7648, 10.7961 ], [ -0.7668, 10.7977 ], [ -0.7558, 10.8004 ], [ -0.7501, 10.796 ], [ -0.7433, 10.7955 ], [ -0.7399, 10.7993 ], [ -0.7338, 10.7949 ], [ -0.7301, 10.8017 ], [ -0.7132, 10.8034 ], [ -0.6833, 10.7889 ], [ -0.6754, 10.792 ], [ -0.671, 10.7892 ], [ -0.6683, 10.7814 ], [ -0.6707, 10.7646 ], [ -0.6654, 10.7555 ], [ -0.6674, 10.7474 ], [ -0.6637, 10.7436 ], [ -0.6551, 10.7549 ], [ -0.6436, 10.752 ], [ -0.6403, 10.7433 ], [ -0.615, 10.7459 ], [ -0.6118, 10.7528 ], [ -0.6266, 10.7672 ], [ -0.6213, 10.7743 ], [ -0.612, 10.7697 ], [ -0.6055, 10.7725 ], [ -0.5982, 10.7683 ], [ -0.5772, 10.7661 ], [ -0.5752, 10.7536 ], [ -0.5644, 10.7377 ], [ -0.5676, 10.7332 ], [ -0.5581, 10.7316 ], [ -0.5509, 10.7251 ], [ -0.5469, 10.7157 ], [ -0.5471, 10.6979 ], [ -0.5498, 10.6928 ], [ -0.5442, 10.6833 ], [ -0.5469, 10.6743 ], [ -0.5386, 10.6655 ], [ -0.5428, 10.6579 ], [ -0.5415, 10.6527 ], [ -0.5332, 10.6446 ], [ -0.5392, 10.6328 ], [ -0.5261, 10.6267 ], [ -0.5238, 10.6225 ], [ -0.5494, 10.6051 ], [ -0.5383, 10.5935 ], [ -0.5333, 10.5791 ], [ -0.5251, 10.5715 ], [ -0.5276, 10.5676 ], [ -0.5183, 10.5667 ], [ -0.5202, 10.5588 ], [ -0.5251, 10.5577 ], [ -0.5471, 10.5698 ], [ -0.5602, 10.5702 ], [ -0.5787, 10.5493 ], [ -0.5936, 10.5461 ], [ -0.6155, 10.5552 ], [ -0.6306, 10.5527 ], [ -0.6407, 10.5556 ], [ -0.6541, 10.5485 ], [ -0.6711, 10.5253 ], [ -0.6815, 10.5266 ], [ -0.6899, 10.5425 ], [ -0.7009, 10.535 ], [ -0.7024, 10.5257 ], [ -0.711, 10.5243 ], [ -0.7157, 10.5294 ], [ -0.7154, 10.5369 ], [ -0.7064, 10.5426 ], [ -0.6857, 10.5676 ], [ -0.6938, 10.5889 ], [ -0.7182, 10.6056 ], [ -0.718, 10.6153 ], [ -0.7091, 10.6165 ], [ -0.7062, 10.6205 ], [ -0.7122, 10.6416 ], [ -0.7244, 10.6516 ], [ -0.7373, 10.6497 ], [ -0.7556, 10.6403 ], [ -0.766, 10.6437 ], [ -0.7763, 10.652 ], [ -0.7896, 10.6526 ], [ -0.797, 10.6458 ], [ -0.7959, 10.6217 ], [ -0.8236, 10.6009 ], [ -0.8378, 10.6012 ], [ -0.8433, 10.5746 ], [ -0.8484, 10.5798 ], [ -0.8544, 10.5808 ], [ -0.8611, 10.5917 ], [ -0.8746, 10.5953 ], [ -0.9092, 10.5759 ], [ -0.9085, 10.5611 ], [ -0.8906, 10.5185 ], [ -0.914, 10.4967 ], [ -0.9217, 10.4833 ], [ -0.9332, 10.481 ], [ -0.9348, 10.4864 ], [ -0.9187, 10.5029 ], [ -0.9089, 10.5222 ], [ -0.9152, 10.5284 ], [ -0.9298, 10.5244 ], [ -0.936, 10.5265 ], [ -0.9326, 10.5475 ], [ -0.9454, 10.5552 ], [ -0.9502, 10.5706 ], [ -0.9554, 10.5718 ], [ -0.9551, 10.5881 ], [ -0.9486, 10.5949 ], [ -0.9518, 10.602 ], [ -0.944, 10.6172 ] ] ] } },
{ "type": "Feature", "properties": { "shapeName": "Sefwi Akontombra", "shapeID": "2480657B96818528094138" }, "geometry": { "type": "Polygon", "coordinates": [ [ [ -2.5584, 5.9787 ], [ -2.5678, 5.9699 ], [ -2.5728, 5.9738 ], [ -2.5772, 5.9715 ], [ -2.5854, 5.9748 ], [ -2.5927, 5.9673 ], [ -2.5996, 5.9705 ], [ -2.6072, 5.9622 ], [ -2.6156, 5.9623 ], [ -2.624, 5.9704 ], [ -2.6322, 5.9691 ], [ -2.6465, 5.9598 ], [ -2.6559, 5.9651 ], [ -2.6739, 5.9468 ], [ -2.6769, 5.9372 ], [ -2.6822, 5.9421 ], [ -2.6834, 5.9486 ], [ -2.6795, 5.9627 ], [ -2.671, 5.9726 ], [ -2.6644, 5.9754 ], [ -2.7244, 5.9892 ], [ -2.7498, 5.9636 ], [ -2.8808, 5.9764 ], [ -2.8891, 5.9908 ], [ -2.8871, 5.999 ], [ -2.9008, 6.0067 ], [ -2.9059, 6.0046 ], [ -2.9101, 6.0217 ], [ -2.9065, 6.024 ], [ -2.9094, 6.032 ], [ -2.9083, 6.0416 ], [ -2.9113, 6.047 ], [ -2.9258, 6.062 ], [ -2.9354, 6.0589 ], [ -2.95, 6.071 ], [ -2.9483, 6.0773 ], [ -2.9293, 6.0827 ], [ -2.9221, 6.1097 ], [ -2.9295, 6.1237 ], [ -2.925, 6.128 ], [ -2.9413, 6.1497 ], [ -2.9482, 6.1654 ], [ -2.9437, 6.1708 ], [ -2.9412, 6.1686 ], [ -2.9326, 6.1758 ], [ -2.9264, 6.1752 ], [ -2.9214, 6.1828 ], [ -2.9129, 6.1846 ], [ -2.9087, 6.1795 ], [ -2.9078, 6.1855 ], [ -2.9044, 6.1837 ], [ -2.9014, 6.1896 ], [ -2.9, 6.188 ], [ -2.8975, 6.1917 ], [ -2.894, 6.1898 ], [ -2.8903, 6.1953 ], [ -2.8894, 6.1905 ], [ -2.8811, 6.1859 ], [ -2.8784, 6.1788 ], [ -2.8811, 6.1775 ], [ -2.877, 6.1756 ], [ -2.8752, 6.1657 ], [ -2.8555, 6.1508 ], [ -2.8526, 6.1431 ], [ -2.848, 6.1445 ], [ -2.8455, 6.1414 ], [ -2.8462, 6.1318 ], [ -2.8386, 6.1155 ], [ -2.8444, 6.103 ], [ -2.8434, 6.0904 ], [ -2.8368, 6.0835 ], [ -2.7731, 6.1184 ], [ -2.7802, 6.1499 ], [ -2.7615, 6.174 ], [ -2.7458, 6.2238 ], [ -2.7255, 6.2316 ], [ -2.7205, 6.2287 ], [ -2.7189, 6.2314 ], [ -2.7222, 6.2346 ], [ -2.7145, 6.2386 ], [ -2.7049, 6.2335 ], [ -2.6961, 6.2372 ], [ -2.6923, 6.2344 ], [ -2.686, 6.2351 ], [ -2.6812, 6.2397 ], [ -2.6766, 6.2323 ], [ -2.6714, 6.2331 ], [ -2.6649, 6.2227 ], [ -2.6499, 6.2227 ], [ -2.6488, 6.2262 ], [ -2.6268, 6.2388 ], [ -2.6138, 6.2351 ], [ -2.5915, 6.2509 ], [ -2.5866, 6.2417 ], [ -2.5659, 6.2334 ], [ -2.5648, 6.2255 ], [ -2.5705, 6.2228 ], [ -2.5715, 6.2181 ], [ -2.5734, 6.2208 ], [ -2.5774, 6.2198 ], [ -2.574, 6.2167 ], [ -2.5776, 6.2164 ], [ -2.578, 6.2132 ], [ -2.5803, 6.2146 ], [ -2.5821, 6.2103 ], [ -2.5796, 6.2051 ], [ -2.5782, 6.2077 ], [ -2.5767, 6.2042 ], [ -2.5747, 6.2067 ], [ -2.5687, 6.2032 ], [ -2.5703, 6.1987 ], [ -2.567, 6.1981 ], [ -2.5672, 6.1926 ], [ -2.5498, 6.1935 ], [ -2.5443, 6.1979 ], [ -2.5356, 6.1912 ], [ -2.5259, 6.1916 ], [ -2.5161, 6.1877 ], [ -2.5164, 6.185 ], [ -2.5259, 6.1828 ], [ -2.5308, 6.177 ], [ -2.5122, 6.1716 ], [ -2.5117, 6.1497 ], [ -2.4669, 6.1485 ], [ -2.4451, 6.1549 ], [ -2.4508, 6.1417 ], [ -2.4458, 6.1347 ], [ -2.4452, 6.115 ], [ -2.4501, 6.1062 ], [ -2.449, 6.1021 ], [ -2.4517, 6.0997 ], [ -2.4607, 6.1097 ], [ -2.476, 6.108 ], [ -2.4823, 6.0962 ], [ -2.4963, 6.0927 ], [ -2.5068, 6.083 ], [ -2.5087, 6.0786 ], [ -2.506, 6.0725 ], [ -2.4893, 6.0646 ], [ -2.494, 6.0646 ], [ -2.4942, 6.0592 ], [ -2.4994, 6.0589 ], [ -2.4993, 6.0535 ], [ -2.5043, 6.0543 ], [ -2.5059, 6.0466 ], [ -2.5116, 6.0435 ], [ -2.537, 6.0035 ], [ -2.55, 5.9926 ], [ -2.5496, 5.9874 ], [ -2.5568, 5.9847 ], [ -2.5584, 5.9787 ] ] ] } },
{ "type": "Feature", "properties": { "shapeName": "Effia Kwesimintsim Municipal", "shapeID": "2480657B49181902253284" }, "geometry": { "type": "Polygon", "coordinates": [ [ [ -1.8433, 4.9596 ], [ -1.8459, 4.9668 ], [ -1.8398, 4.9667 ], [ -1.8437, 4.9772 ], [ -1.8409, 4.9853 ], [ -1.8115, 4.9786 ], [ -1.8109, 4.9838 ], [ -1.8142, 4.988 ], [ -1.809, 4.9909 ], [ -1.8119, 4.9987 ], [ -1.807, 5.0008 ], [ -1.8017, 5.0099 ], [ -1.7945, 5.0128 ], [ -1.7906, 5.0238 ], [ -1.7711, 5.0444 ], [ -1.7615, 5.0307 ], [ -1.744, 5.0177 ], [ -1.739, 5.0016 ], [ -1.7449, 4.983 ], [ -1.7794, 4.9569 ], [ -1.7764, 4.9502 ], [ -1.7689, 4.9506 ], [ -1.7681, 4.9543 ], [ -1.7629, 4.9551 ], [ -1.7678, 4.9446 ], [ -1.764, 4.942 ], [ -1.7532, 4.9428 ], [ -1.7532, 4.939 ], [ -1.7625, 4.9316 ], [ -1.7599, 4.929 ], [ -1.7539, 4.9316 ], [ -1.7577, 4.9237 ], [ -1.7506, 4.9178 ], [ -1.7595, 4.9047 ], [ -1.7734, 4.9003 ], [ -1.78, 4.886 ], [ -1.7863, 4.8949 ], [ -1.7967, 4.8976 ], [ -1.798, 4.9026 ], [ -1.8084, 4.9065 ], [ -1.808, 4.9107 ], [ -1.8155, 4.9136 ], [ -1.8165, 4.9178 ], [ -1.82, 4.9175 ], [ -1.8234, 4.925 ], [ -1.8229, 4.9355 ], [ -1.8383, 4.9448 ], [ -1.8363, 4.9563 ], [ -1.8433, 4.9596 ] ] ] } },
{ "type": "Feature", "properties": { "shapeName": "Nabdam", "shapeID": "2480657B74414618551217" }, "geometry": { "type": "Polygon", "coordinates": [ [ [ -0.7395, 10.836 ], [ -0.7352, 10.8361 ], [ -0.7242, 10.8485 ], [ -0.7222, 10.859 ], [ -0.7169, 10.8665 ], [ -0.7032, 10.8712 ], [ -0.6917, 10.8825 ], [ -0.6821, 10.8806 ], [ -0.6759, 10.9278 ], [ -0.66, 10.9435 ], [ -0.6483, 10.9501 ], [ -0.6264, 10.9392 ], [ -0.6015, 10.8547 ], [ -0.5874, 10.836 ], [ -0.5679, 10.8239 ], [ -0.5567, 10.807 ], [ -0.561, 10.7979 ], [ -0.5738, 10.7897 ], [ -0.5703, 10.7799 ], [ -0.5772, 10.7661 ], [ -0.5982, 10.7683 ], [ -0.6055, 10.7725 ], [ -0.612, 10.7697 ], [ -0.6213, 10.7743 ], [ -0.6266, 10.7672 ], [ -0.6118, 10.7528 ], [ -0.615, 10.7459 ], [ -0.6403, 10.7433 ], [ -0.6436, 10.752 ], [ -0.6551, 10.7549 ], [ -0.6637, 10.7436 ], [ -0.6674, 10.7474 ], [ -0.6654, 10.7555 ], [ -0.6707, 10.7646 ], [ -0.6683, 10.7814 ], [ -0.671, 10.7892 ], [ -0.6754, 10.792 ], [ -0.6833, 10.7889 ], [ -0.7132, 10.8034 ], [ -0.7301, 10.8017 ], [ -0.7338, 10.7949 ], [ -0.7399, 10.7993 ], [ -0.7433, 10.7955 ], [ -0.7501, 10.796 ], [ -0.7558, 10.8004 ], [ -0.7668, 10.7977 ], [ -0.7714, 10.8002 ], [ -0.7622, 10.805 ], [ -0.7621, 10.8094 ], [ -0.7656, 10.8113 ], [ -0.7581, 10.8252 ], [ -0.7603, 10.8302 ], [ -0.7514, 10.8264 ], [ -0.7395, 10.836 ] ] ] } },
{ "type": "Feature", "properties": { "shapeName": "Builsa South", "shapeID": "2480657B50810028950834" }, "geometry": { "type": "Polygon", "coordinates": [ [ [ -1.4078, 10.7317 ], [ -1.4047, 10.71 ], [ -1.399, 10.7069 ], [ -1.3992, 10.6972 ], [ -1.4038, 10.6896 ], [ -1.3974, 10.6804 ], [ -1.3941, 10.6665 ], [ -1.387, 10.6576 ], [ -1.3907, 10.6531 ], [ -1.3899, 10.6468 ], [ -1.3839, 10.6445 ], [ -1.3783, 10.6347 ], [ -1.3917, 10.6271 ], [ -1.3924, 10.6191 ], [ -1.3887, 10.6119 ], [ -1.4027, 10.5906 ], [ -1.4061, 10.5773 ], [ -1.4037, 10.5728 ], [ -1.3893, 10.5798 ], [ -1.3806, 10.5914 ], [ -1.3626, 10.5981 ], [ -1.3563, 10.6064 ], [ -1.3454, 10.6094 ], [ -1.3346, 10.6184 ], [ -1.3193, 10.6186 ], [ -1.3119, 10.6106 ], [ -1.3149, 10.6037 ], [ -1.3046, 10.6011 ], [ -1.2927, 10.6193 ], [ -1.2883, 10.6189 ], [ -1.2684, 10.5973 ], [ -1.2752, 10.5895 ], [ -1.276, 10.5821 ], [ -1.249, 10.5864 ], [ -1.2397, 10.5701 ], [ -1.2433, 10.5681 ], [ -1.2428, 10.5602 ], [ -1.2341, 10.5612 ], [ -1.2233, 10.5432 ], [ -1.2054, 10.547 ], [ -1.1967, 10.5426 ], [ -1.1831, 10.5517 ], [ -1.1799, 10.5586 ], [ -1.1724, 10.5619 ], [ -1.1772, 10.5674 ], [ -1.1699, 10.5719 ], [ -1.1699, 10.5753 ], [ -1.1847, 10.5943 ], [ -1.1771, 10.6006 ], [ -1.1581, 10.5969 ], [ -1.0966, 10.6113 ], [ -1.0938, 10.6042 ], [ -1.0905, 10.6034 ], [ -1.0968, 10.593 ], [ -1.0875, 10.5866 ], [ -1.0905, 10.5778 ], [ -1.078, 10.5556 ], [ -1.0736, 10.5553 ], [ -1.0732, 10.544 ], [ -1.0674, 10.5402 ], [ -1.0687, 10.5313 ], [ -1.0721, 10.5264 ], [ -1.0792, 10.5245 ], [ -1.077, 10.5188 ], [ -1.0803, 10.518 ], [ -1.0789, 10.5159 ], [ -1.0835, 10.511 ], [ -1.0671, 10.5027 ], [ -1.066, 10.4973 ], [ -1.0718, 10.4904 ], [ -1.0976, 10.4832 ], [ -1.1333, 10.4582 ], [ -1.1656, 10.4126 ], [ -1.227, 10.3917 ], [ -1.232, 10.387 ], [ -1.2345, 10.3799 ], [ -1.2321, 10.367 ], [ -1.214, 10.3443 ], [ -1.2111, 10.3241 ], [ -1.2176, 10.3083 ], [ -1.2241, 10.3025 ], [ -1.2229, 10.2952 ], [ -1.2319, 10.2926 ], [ -1.2282, 10.2869 ], [ -1.2325, 10.2844 ], [ -1.239, 10.2867 ], [ -1.2403, 10.2794 ], [ -1.2471, 10.2813 ], [ -1.2473, 10.2781 ], [ -1.2433, 10.2764 ], [ -1.2482, 10.2746 ], [ -1.2486, 10.2784 ], [ -1.2536, 10.2778 ], [ -1.2563, 10.2855 ], [ -1.2562, 10.3033 ], [ -1.2597, 10.3029 ], [ -1.2645, 10.3111 ], [ -1.2685, 10.3106 ], [ -1.2718, 10.3145 ], [ -1.269, 10.3255 ], [ -1.2728, 10.3269 ], [ -1.2731, 10.3212 ], [ -1.2852, 10.322 ], [ -1.2891, 10.3262 ], [ -1.2977, 10.3245 ], [ -1.3264, 10.3321 ], [ -1.3236, 10.3358 ], [ -1.3249, 10.3401 ], [ -1.3363, 10.3478 ], [ -1.3416, 10.3434 ], [ -1.3482, 10.3473 ], [ -1.3433, 10.3525 ], [ -1.3444, 10.3628 ], [ -1.3504, 10.3731 ], [ -1.3551, 10.3773 ], [ -1.3732, 10.3818 ], [ -1.3817, 10.3909 ], [ -1.3849, 10.4053 ], [ -1.3736, 10.4057 ], [ -1.3667, 10.4139 ], [ -1.3639, 10.4222 ], [ -1.3714, 10.4241 ], [ -1.3728, 10.4274 ], [ -1.3649, 10.4292 ], [ -1.3624, 10.435 ], [ -1.3801, 10.456 ], [ -1.3732, 10.4596 ], [ -1.3774, 10.4667 ], [ -1.4023, 10.4847 ], [ -1.4115, 10.4773 ], [ -1.4181, 10.466 ], [ -1.4294, 10.4637 ], [ -1.434, 10.4677 ], [ -1.4466, 10.4691 ], [ -1.4498, 10.479 ], [ -1.458, 10.4789 ], [ -1.4669, 10.4868 ], [ -1.4593, 10.4987 ], [ -1.4628, 10.5092 ], [ -1.4485, 10.5169 ], [ -1.4571, 10.5333 ], [ -1.4645, 10.5373 ], [ -1.4859, 10.5383 ], [ -1.4899, 10.5501 ], [ -1.4988, 10.5537 ], [ -1.5049, 10.5604 ], [ -1.5183, 10.5621 ], [ -1.5195, 10.5675 ], [ -1.516, 10.5767 ], [ -1.5266, 10.5883 ], [ -1.5539, 10.5863 ], [ -1.5594, 10.5955 ], [ -1.5664, 10.5995 ], [ -1.5677, 10.6446 ], [ -1.5735, 10.6679 ], [ -1.5666, 10.7155 ], [ -1.5682, 10.7234 ], [ -1.5618, 10.7275 ], [ -1.5618, 10.7361 ], [ -1.5568, 10.7469 ], [ -1.5513, 10.7505 ], [ -1.5336, 10.748 ], [ -1.5256, 10.7608 ], [ -1.5124, 10.7607 ], [ -1.4782, 10.7862 ], [ -1.4694, 10.7667 ], [ -1.4715, 10.7583 ], [ -1.456, 10.7537 ], [ -1.4464, 10.7555 ], [ -1.441, 10.7488 ], [ -1.4264, 10.7499 ], [ -1.4223, 10.7394 ], [ -1.4127, 10.7359 ], [ -1.4129, 10.7327 ], [ -1.4078, 10.7317 ] ] ] } },
{ "type": "Feature", "properties": { "shapeName": "Builsa North", "shapeID": "2480657B79468660523811" }, "geometry": { "type": "Polygon", "coordinates": [ [ [ -1.4017, 10.7927 ], [ -1.3945, 10.7993 ], [ -1.3747, 10.8046 ], [ -1.3764, 10.8119 ], [ -1.3624, 10.8152 ], [ -1.3605, 10.8086 ], [ -1.2913, 10.8254 ], [ -1.271, 10.8119 ], [ -1.259, 10.809 ], [ -1.2556, 10.802 ], [ -1.2472, 10.8046 ], [ -1.2411, 10.7951 ], [ -1.2307, 10.8087 ], [ -1.196, 10.8217 ], [ -1.1911, 10.8408 ], [ -1.1865, 10.8451 ], [ -1.1883, 10.8703 ], [ -1.1603, 10.8765 ], [ -1.1563, 10.8749 ], [ -1.1552, 10.8799 ], [ -1.1517, 10.8796 ], [ -1.1443, 10.8584 ], [ -1.1317, 10.8484 ], [ -1.118, 10.8517 ], [ -1.1155, 10.8402 ], [ -1.1102, 10.8352 ], [ -1.1154, 10.8299 ], [ -1.1131, 10.8233 ], [ -1.1167, 10.8223 ], [ -1.1128, 10.8191 ], [ -1.118, 10.818 ], [ -1.1158, 10.8147 ], [ -1.1215, 10.8091 ], [ -1.1242, 10.81 ], [ -1.1212, 10.803 ], [ -1.1275, 10.8014 ], [ -1.1315, 10.7944 ], [ -1.1341, 10.7984 ], [ -1.1358, 10.7732 ], [ -1.1256, 10.7643 ], [ -1.1266, 10.7569 ], [ -1.1239, 10.7542 ], [ -1.1291, 10.746 ], [ -1.1258, 10.7466 ], [ -1.1193, 10.7406 ], [ -1.1094, 10.7424 ], [ -1.1016, 10.7327 ], [ -1.0966, 10.7312 ], [ -1.102, 10.727 ], [ -1.1011, 10.7221 ], [ -1.1076, 10.7117 ], [ -1.1115, 10.7131 ], [ -1.1198, 10.7015 ], [ -1.1181, 10.6956 ], [ -1.1208, 10.6928 ], [ -1.1141, 10.6863 ], [ -1.1162, 10.6798 ], [ -1.114, 10.6752 ], [ -1.1107, 10.6769 ], [ -1.1047, 10.6735 ], [ -1.0931, 10.6845 ], [ -1.0909, 10.6674 ], [ -1.0874, 10.6619 ], [ -1.0826, 10.6607 ], [ -1.0837, 10.6564 ], [ -1.095, 10.6476 ], [ -1.1054, 10.6481 ], [ -1.1092, 10.6526 ], [ -1.1133, 10.6464 ], [ -1.1135, 10.6419 ], [ -1.1054, 10.6359 ], [ -1.1086, 10.6249 ], [ -1.0966, 10.6113 ], [ -1.1581, 10.5969 ], [ -1.1771, 10.6006 ], [ -1.1847, 10.5943 ], [ -1.1699, 10.5753 ], [ -1.1699, 10.5719 ], [ -1.1772, 10.5674 ], [ -1.1724, 10.5619 ], [ -1.1799, 10.5586 ], [ -1.1831, 10.5517 ], [ -1.1967, 10.5426 ], [ -1.2054, 10.547 ], [ -1.2233, 10.5432 ], [ -1.2341, 10.5612 ], [ -1.2428, 10.5602 ], [ -1.2433, 10.5681 ], [ -1.2397, 10.5701 ], [ -1.249, 10.5864 ], [ -1.276, 10.5821 ], [ -1.2752, 10.5895 ], [ -1.2684, 10.5973 ], [ -1.2883, 10.6189 ], [ -1.2927, 10.6193 ], [ -1.3046, 10.6011 ], [ -1.3149, 10.6037 ], [ -1.3119, 10.6106 ], [ -1.3193, 10.6186 ], [ -1.3346, 10.6184 ], [ -1.3454, 10.6094 ], [ -1.3563, 10.6064 ], [ -1.3626, 10.5981 ], [ -1.3806, 10.5914 ], [ -1.3893, 10.5798 ], [ -1.4037, 10.5728 ], [ -1.4061, 10.5773 ], [ -1.4027, 10.5906 ], [ -1.3887, 10.6119 ], [ -1.3924, 10.6191 ], [ -1.3917, 10.6271 ], [ -1.3783, 10.6347 ], [ -1.3839, 10.6445 ], [ -1.3899, 10.6468 ], [ -1.3907, 10.6531 ], [ -1.387, 10.6576 ], [ -1.3941, 10.6665 ], [ -1.3974, 10.6804 ], [ -1.4038, 10.6896 ], [ -1.3992, 10.6972 ], [ -1.399, 10.7069 ], [ -1.4047, 10.71 ], [ -1.4035, 10.715 ], [ -1.4071, 10.7205 ], [ -1.405, 10.7271 ], [ -1.3978, 10.7323 ], [ -1.3957, 10.7477 ], [ -1.3983, 10.7536 ], [ -1.3938, 10.7619 ], [ -1.4006, 10.7694 ], [ -1.4038, 10.7795 ], [ -1.4017, 10.7927 ] ] ] } },
{ "type": "Feature", "properties": { "shapeName": "Binduri", "shapeID": "2480657B66646573774103" }, "geometry": { "type": "Polygon", "coordinates": [ [ [ -0.2157, 10.9115 ], [ -0.2237, 10.8966 ], [ -0.2275, 10.8932 ], [ -0.2323, 10.894 ], [ -0.2387, 10.8828 ], [ -0.2693, 10.8878 ], [ -0.2758, 10.8813 ], [ -0.2753, 10.876 ], [ -0.2851, 10.8707 ], [ -0.2893, 10.8717 ], [ -0.2995, 10.8606 ], [ -0.3205, 10.8468 ], [ -0.3222, 10.8381 ], [ -0.3352, 10.8383 ], [ -0.3388, 10.8252 ], [ -0.3531, 10.8164 ], [ -0.3545, 10.7999 ], [ -0.3652, 10.8052 ], [ -0.376, 10.822 ], [ -0.3886, 10.8294 ], [ -0.3963, 10.8541 ], [ -0.3883, 10.8593 ], [ -0.3838, 10.8671 ], [ -0.3903, 10.899 ], [ -0.3883, 10.9003 ], [ -0.3838, 10.8958 ], [ -0.3777, 10.9029 ], [ -0.3813, 10.909 ], [ -0.3802, 10.9226 ], [ -0.3718, 10.9263 ], [ -0.382, 10.9411 ], [ -0.3781, 10.9456 ], [ -0.3686, 10.9457 ], [ -0.3646, 10.9572 ], [ -0.3871, 10.9701 ], [ -0.3919, 10.986 ], [ -0.387, 10.9907 ], [ -0.3846, 11.0098 ], [ -0.3896, 11.0168 ], [ -0.3899, 11.0242 ], [ -0.3704, 11.0365 ], [ -0.369, 11.0413 ], [ -0.3753, 11.0461 ], [ -0.3741, 11.0546 ], [ -0.3614, 11.0695 ], [ -0.3553, 11.0723 ], [ -0.3534, 11.0846 ], [ -0.3416, 11.0857 ], [ -0.3387, 11.0908 ], [ -0.3264, 11.0907 ], [ -0.3128, 11.0851 ], [ -0.3057, 11.0735 ], [ -0.2936, 11.0779 ], [ -0.2904, 11.085 ], [ -0.2789, 11.0782 ], [ -0.2739, 11.0668 ], [ -0.2765, 11.0523 ], [ -0.2827, 11.0476 ], [ -0.2813, 11.0424 ], [ -0.2753, 11.0392 ], [ -0.2764, 11.0344 ], [ -0.2578, 11.0282 ], [ -0.2515, 11.019 ], [ -0.2449, 11.0156 ], [ -0.2464, 11.0119 ], [ -0.2421, 11.0067 ], [ -0.2208, 11.0028 ], [ -0.223, 10.9873 ], [ -0.2268, 10.9796 ], [ -0.2313, 10.9792 ], [ -0.2121, 10.9603 ], [ -0.2175, 10.9544 ], [ -0.2326, 10.9501 ], [ -0.2379, 10.932 ], [ -0.2352, 10.925 ], [ -0.2206, 10.9257 ], [ -0.2157, 10.9115 ] ] ] } },
{ "type": "Feature", "properties": { "shapeName": "Pusiga", "shapeID": "2480657B9973692574538" }, "geometry": { "type": "Polygon", "coordinates": [ [ [ 0.0261, 11.0355 ], [ 0.0011, 11.033 ], [ -0.0162, 11.0074 ], [ -0.0278, 11.0179 ], [ -0.0359, 11.0157 ], [ -0.0385, 11.0272 ], [ -0.0437, 11.0198 ], [ -0.05, 11.0266 ], [ -0.0539, 11.0233 ], [ -0.0764, 11.0219 ], [ -0.0879, 11.0147 ], [ -0.089, 11.0085 ], [ -0.1118, 11.004 ], [ -0.1344, 10.9915 ], [ -0.144, 10.992 ], [ -0.1506, 10.9974 ], [ -0.1511, 11.0144 ], [ -0.1599, 11.0203 ], [ -0.1568, 11.0248 ], [ -0.1581, 11.0293 ], [ -0.1688, 11.0404 ], [ -0.1731, 11.0426 ], [ -0.1933, 11.0352 ], [ -0.1991, 11.0498 ], [ -0.1993, 11.0678 ], [ -0.1973, 11.067 ], [ -0.1934, 11.0771 ], [ -0.196, 11.0891 ], [ -0.2058, 11.0869 ], [ -0.2072, 11.089 ], [ -0.2048, 11.1052 ], [ -0.216, 11.1135 ], [ -0.2147, 11.1299 ], [ -0.226, 11.1367 ], [ -0.218, 11.1602 ], [ -0.1365, 11.1398 ], [ -0.1342, 11.1295 ], [ -0.144, 11.1188 ], [ -0.1436, 11.1066 ], [ -0.1248, 11.1049 ], [ -0.1191, 11.0992 ], [ -0.1041, 11.0942 ], [ -0.0949, 11.0859 ], [ -0.0547, 11.0861 ], [ -0.0453, 11.1012 ], [ -0.0322, 11.1096 ], [ -0.0194, 11.1144 ], [ -0.006, 11.1084 ], [ -0.0053, 11.1007 ], [ 0.0022, 11.0948 ], [ 0.004, 11.0827 ], [ 0.0243, 11.0629 ], [ 0.0261, 11.0355 ] ] ] } },
{ "type": "Feature", "properties": { "shapeName": "Bawku Municipal", "shapeID": "2480657B67017614982997" }, "geometry": { "type": "Polygon", "coordinates": [ [ [ -0.1801, 10.921 ], [ -0.1975, 10.9168 ], [ -0.2094, 10.9093 ], [ -0.2157, 10.9115 ], [ -0.2206, 10.9257 ], [ -0.2352, 10.925 ], [ -0.2372, 10.94 ], [ -0.2326, 10.9501 ], [ -0.2175, 10.9544 ], [ -0.2121, 10.9603 ], [ -0.2313, 10.9792 ], [ -0.2268, 10.9796 ], [ -0.223, 10.9873 ], [ -0.2208, 11.0028 ], [ -0.2421, 11.0067 ], [ -0.2464, 11.0119 ], [ -0.2449, 11.0156 ], [ -0.2515, 11.019 ], [ -0.2578, 11.0282 ], [ -0.2764, 11.0344 ], [ -0.2753, 11.0392 ], [ -0.2813, 11.0424 ], [ -0.2827, 11.0476 ], [ -0.2765, 11.0523 ], [ -0.2739, 11.0668 ], [ -0.2822, 11.0817 ], [ -0.2904, 11.085 ], [ -0.2936, 11.0779 ], [ -0.3057, 11.0735 ], [ -0.3128, 11.0851 ], [ -0.3264, 11.0907 ], [ -0.3387, 11.0908 ], [ -0.3367, 11.1067 ], [ -0.3226, 11.1144 ], [ -0.2734, 11.1235 ], [ -0.2703, 11.1287 ], [ -0.2717, 11.1375 ], [ -0.2897, 11.1477 ], [ -0.2848, 11.1533 ], [ -0.2833, 11.1675 ], [ -0.2767, 11.1745 ], [ -0.218, 11.1602 ], [ -0.226, 11.1367 ], [ -0.2147, 11.1299 ], [ -0.216, 11.1135 ], [ -0.2048, 11.1052 ], [ -0.2072, 11.089 ], [ -0.2058, 11.0869 ], [ -0.196, 11.0891 ], [ -0.1934, 11.0771 ], [ -0.1973, 11.067 ], [ -0.1993, 11.0678 ], [ -0.1991, 11.0498 ], [ -0.1933, 11.0352 ], [ -0.1731, 11.0426 ], [ -0.1581, 11.0293 ], [ -0.1568, 11.0248 ], [ -0.1599, 11.0203 ], [ -0.1511, 11.0144 ], [ -0.1497, 10.999 ], [ -0.1562, 10.9917 ], [ -0.1578, 10.9805 ], [ -0.1556, 10.976 ], [ -0.147, 10.9747 ], [ -0.1426, 10.9678 ], [ -0.1521, 10.9511 ], [ -0.158, 10.9479 ], [ -0.1656, 10.9323 ], [ -0.1801, 10.921 ] ] ] } },
{ "type": "Feature", "properties": { "shapeName": "North Gonja", "shapeID": "2480657B69696031481498" }, "geometry": { "type": "Polygon", "coordinates": [ [ [ -1.9868, 9.8251 ], [ -1.7422, 9.82 ], [ -1.7098, 9.8224 ], [ -1.7066, 9.8252 ], [ -1.6967, 9.8711 ], [ -1.6992, 9.8801 ], [ -1.6963, 9.8872 ], [ -1.6966, 9.8911 ], [ -1.7071, 9.8999 ], [ -1.7046, 9.9236 ], [ -1.714, 9.9296 ], [ -1.7161, 9.94 ], [ -1.7067, 9.9458 ], [ -1.708, 9.9571 ], [ -1.7119, 9.9603 ], [ -1.7075, 9.9647 ], [ -1.7126, 9.9702 ], [ -1.71, 9.9813 ], [ -1.7186, 9.9983 ], [ -1.7148, 10.0122 ], [ -1.7017, 10.0138 ], [ -1.7016, 10.0219 ], [ -1.6974, 10.0254 ], [ -1.695, 10.0234 ], [ -1.6947, 10.031 ], [ -1.686, 10.0387 ], [ -1.6736, 10.0253 ], [ -1.6673, 10.0356 ], [ -1.6672, 10.0451 ], [ -1.646, 10.038 ], [ -1.6349, 10.0426 ], [ -1.6291, 10.0529 ], [ -1.6418, 10.0577 ], [ -1.655, 10.0746 ], [ -1.6264, 10.0791 ], [ -1.6232, 10.0711 ], [ -1.6131, 10.0691 ], [ -1.582, 10.0811 ], [ -1.5794, 10.0894 ], [ -1.5586, 10.0914 ], [ -1.5574, 10.0978 ], [ -1.5513, 10.0928 ], [ -1.5463, 10.0705 ], [ -1.5327, 10.0737 ], [ -1.5252, 10.083 ], [ -1.5174, 10.0866 ], [ -1.5053, 10.0833 ], [ -1.4961, 10.0908 ], [ -1.4674, 10.1036 ], [ -1.4439, 10.1013 ], [ -1.4368, 10.1034 ], [ -1.4119, 10.0891 ], [ -1.4059, 10.0941 ], [ -1.3832, 10.0901 ], [ -1.3696, 10.0946 ], [ -1.3683, 10.089 ], [ -1.355, 10.0797 ], [ -1.3225, 10.0659 ], [ -1.3141, 10.064 ], [ -1.3101, 10.066 ], [ -1.3063, 10.0544 ], [ -1.2877, 10.0355 ], [ -1.2795, 10.038 ], [ -1.2763, 10.0316 ], [ -1.2649, 10.0315 ], [ -1.2562, 10.0355 ], [ -1.244, 10.0305 ], [ -1.2343, 10.014 ], [ -1.227, 10.008 ], [ -1.2086, 10.0054 ], [ -1.1969, 9.994 ], [ -1.1803, 9.9919 ], [ -1.1564, 9.9773 ], [ -1.1421, 9.98 ], [ -1.1399, 9.9679 ], [ -1.1244, 9.9595 ], [ -1.1133, 9.9339 ], [ -1.1076, 9.9273 ], [ -1.1267, 9.9295 ], [ -1.1626, 9.9522 ], [ -1.1785, 9.9496 ], [ -1.1763, 9.9233 ], [ -1.1822, 9.898 ], [ -1.1721, 9.8797 ], [ -1.1639, 9.8739 ], [ -1.1601, 9.8565 ], [ -1.1654, 9.8407 ], [ -1.1639, 9.8373 ], [ -1.1726, 9.8245 ], [ -1.1733, 9.8203 ], [ -1.169, 9.8146 ], [ -1.174, 9.8079 ], [ -1.1721, 9.7981 ], [ -1.1743, 9.7898 ], [ -1.1867, 9.8003 ], [ -1.1949, 9.796 ], [ -1.2131, 9.7984 ], [ -1.2163, 9.8008 ], [ -1.2181, 9.8124 ], [ -1.2282, 9.8175 ], [ -1.2323, 9.8257 ], [ -1.2383, 9.8285 ], [ -1.2535, 9.8232 ], [ -1.2632, 9.8243 ], [ -1.2695, 9.8046 ], [ -1.2742, 9.8018 ], [ -1.2853, 9.8017 ], [ -1.305, 9.8112 ], [ -1.3093, 9.8178 ], [ -1.3076, 9.823 ], [ -1.3142, 9.8163 ], [ -1.3138, 9.8065 ], [ -1.3087, 9.8011 ], [ -1.3228, 9.7998 ], [ -1.3277, 9.8079 ], [ -1.3406, 9.8082 ], [ -1.3478, 9.8055 ], [ -1.3515, 9.7944 ], [ -1.3477, 9.7773 ], [ -1.3508, 9.7661 ], [ -1.3454, 9.7489 ], [ -1.3495, 9.746 ], [ -1.3467, 9.7338 ], [ -1.3501, 9.7297 ], [ -1.3444, 9.7157 ], [ -1.3399, 9.7143 ], [ -1.3387, 9.706 ], [ -1.3253, 9.698 ], [ -1.3248, 9.6888 ], [ -1.3196, 9.6843 ], [ -1.3191, 9.6671 ], [ -1.3242, 9.6628 ], [ -1.3223, 9.6591 ], [ -1.3251, 9.6561 ], [ -1.3146, 9.6533 ], [ -1.3174, 9.648 ], [ -1.3302, 9.6439 ], [ -1.3294, 9.6338 ], [ -1.3698, 9.6163 ], [ -1.3731, 9.6074 ], [ -1.3659, 9.6038 ], [ -1.3138, 9.5488 ], [ -1.3117, 9.538 ], [ -1.2953, 9.5192 ], [ -1.2813, 9.5099 ], [ -1.2501, 9.4275 ], [ -1.2431, 9.4194 ], [ -1.2459, 9.3859 ], [ -1.2545, 9.369 ], [ -1.2538, 9.3642 ], [ -1.2581, 9.3607 ], [ -1.2546, 9.3529 ], [ -1.2648, 9.342 ], [ -1.2608, 9.3314 ], [ -1.2681, 9.333 ], [ -1.2691, 9.3307 ], [ -1.259, 9.3198 ], [ -1.2548, 9.3103 ], [ -1.2575, 9.3104 ], [ -1.257, 9.3079 ], [ -1.2421, 9.2903 ], [ -1.2425, 9.2848 ], [ -1.2635, 9.2959 ], [ -1.2857, 9.3266 ], [ -1.2957, 9.3319 ], [ -1.3061, 9.3439 ], [ -1.3138, 9.3595 ], [ -1.3437, 9.3819 ], [ -1.3498, 9.381 ], [ -1.3493, 9.3765 ], [ -1.358, 9.3777 ], [ -1.3646, 9.372 ], [ -1.3698, 9.3731 ], [ -1.3694, 9.3689 ], [ -1.3764, 9.3711 ], [ -1.3878, 9.368 ], [ -1.3926, 9.3514 ], [ -1.3965, 9.3503 ], [ -1.3956, 9.3543 ], [ -1.3989, 9.3519 ], [ -1.3987, 9.3544 ], [ -1.4001, 9.3521 ], [ -1.4036, 9.3535 ], [ -1.409, 9.3426 ], [ -1.4059, 9.3384 ], [ -1.4167, 9.3393 ], [ -1.4189, 9.3308 ], [ -1.4239, 9.3266 ], [ -1.4302, 9.3322 ], [ -1.4345, 9.3298 ], [ -1.4371, 9.3318 ], [ -1.4414, 9.3261 ], [ -1.4456, 9.3262 ], [ -1.4489, 9.3191 ], [ -1.4615, 9.3179 ], [ -1.4826, 9.3234 ], [ -1.4816, 9.3311 ], [ -1.487, 9.3307 ], [ -1.4879, 9.3265 ], [ -1.4958, 9.3254 ], [ -1.494, 9.3198 ], [ -1.4992, 9.3202 ], [ -1.4974, 9.3151 ], [ -1.502, 9.3141 ], [ -1.4997, 9.3117 ], [ -1.5026, 9.3022 ], [ -1.5068, 9.3033 ], [ -1.5052, 9.2992 ], [ -1.5087, 9.297 ], [ -1.5089, 9.3017 ], [ -1.5111, 9.2975 ], [ -1.5253, 9.2948 ], [ -1.5243, 9.2988 ], [ -1.5286, 9.2977 ], [ -1.5326, 9.3032 ], [ -1.5298, 9.3064 ], [ -1.5328, 9.3076 ], [ -1.5324, 9.3131 ], [ -1.5381, 9.3201 ], [ -1.5413, 9.32 ], [ -1.5493, 9.3092 ], [ -1.5591, 9.3065 ], [ -1.5586, 9.3029 ], [ -1.5628, 9.3061 ], [ -1.5666, 9.3034 ], [ -1.5674, 9.2989 ], [ -1.5631, 9.295 ], [ -1.5701, 9.2915 ], [ -1.5682, 9.2849 ], [ -1.5732, 9.2853 ], [ -1.5791, 9.2763 ], [ -1.5856, 9.2766 ], [ -1.5884, 9.2862 ], [ -1.5952, 9.2863 ], [ -1.5991, 9.292 ], [ -1.6053, 9.2906 ], [ -1.6112, 9.2964 ], [ -1.6114, 9.3035 ], [ -1.6351, 9.3232 ], [ -1.6511, 9.3283 ], [ -1.6581, 9.3377 ], [ -1.6793, 9.3484 ], [ -1.6934, 9.3634 ], [ -1.7155, 9.3716 ], [ -1.7147, 9.3776 ], [ -1.7192, 9.3859 ], [ -1.7232, 9.3855 ], [ -1.7303, 9.3954 ], [ -1.7306, 9.4118 ], [ -1.7405, 9.4216 ], [ -1.7354, 9.4321 ], [ -1.7344, 9.4438 ], [ -1.7383, 9.4539 ], [ -1.7718, 9.496 ], [ -1.783, 9.5027 ], [ -1.8426, 9.5025 ], [ -1.8494, 9.5052 ], [ -1.8498, 9.514 ], [ -1.8669, 9.5141 ], [ -1.8668, 9.5189 ], [ -1.876, 9.5221 ], [ -1.8759, 9.5318 ], [ -1.8693, 9.533 ], [ -1.8667, 9.5388 ], [ -1.8668, 9.5422 ], [ -1.8716, 9.5445 ], [ -1.8737, 9.5563 ], [ -1.8877, 9.5603 ], [ -1.9057, 9.5537 ], [ -1.9103, 9.5628 ], [ -1.9177, 9.5654 ], [ -1.9229, 9.5721 ], [ -1.9225, 9.5786 ], [ -1.9272, 9.5875 ], [ -1.922, 9.601 ], [ -1.9155, 9.6095 ], [ -1.9126, 9.6091 ], [ -1.9111, 9.6179 ], [ -1.9043, 9.6287 ], [ -1.9059, 9.6326 ], [ -1.9004, 9.6348 ], [ -1.8991, 9.6399 ], [ -1.8951, 9.6386 ], [ -1.894, 9.6436 ], [ -1.887, 9.6457 ], [ -1.886, 9.6487 ], [ -1.9025, 9.6656 ], [ -1.903, 9.6722 ], [ -1.9063, 9.674 ], [ -1.9116, 9.6879 ], [ -1.9078, 9.6924 ], [ -1.9111, 9.6949 ], [ -1.9074, 9.7066 ], [ -1.9165, 9.7233 ], [ -1.9203, 9.7463 ], [ -1.9429, 9.7793 ], [ -1.9658, 9.8021 ], [ -1.9697, 9.8112 ], [ -1.9868, 9.8251 ] ] ] } },
{ "type": "Feature", "properties": { "shapeName": "West Gonja", "shapeID": "2480657B54445116346139" }, "geometry": { "type": "Polygon", "coordinates": [ [ [ -2.2588, 9.1547 ], [ -2.2594, 9.1672 ], [ -2.2562, 9.177 ], [ -2.2673, 9.1936 ], [ -2.2697, 9.2228 ], [ -2.2922, 9.2366 ], [ -2.2695, 9.2477 ], [ -2.2613, 9.2596 ], [ -2.255, 9.263 ], [ -2.2215, 9.3271 ], [ -2.2195, 9.3361 ], [ -2.2011, 9.3502 ], [ -2.1997, 9.3571 ], [ -2.1889, 9.3561 ], [ -2.1806, 9.361 ], [ -2.1772, 9.3701 ], [ -2.1653, 9.3838 ], [ -2.1576, 9.384 ], [ -2.1524, 9.388 ], [ -2.1484, 9.3856 ], [ -2.143, 9.3881 ], [ -2.1231, 9.3859 ], [ -2.1163, 9.3945 ], [ -2.127, 9.4059 ], [ -2.1251, 9.4113 ], [ -2.1311, 9.419 ], [ -2.1273, 9.4345 ], [ -2.1379, 9.4553 ], [ -2.1361, 9.4641 ], [ -2.1462, 9.4986 ], [ -2.1215, 9.5077 ], [ -2.1187, 9.5158 ], [ -2.1093, 9.5227 ], [ -2.1026, 9.5409 ], [ -2.0869, 9.5644 ], [ -2.0656, 9.5685 ], [ -2.0596, 9.5756 ], [ -2.0432, 9.5838 ], [ -2.0345, 9.5813 ], [ -2.0302, 9.5857 ], [ -2.0227, 9.5869 ], [ -2.0189, 9.5843 ], [ -2.01, 9.5914 ], [ -2.0059, 9.5846 ], [ -1.9963, 9.58 ], [ -1.9859, 9.5803 ], [ -1.9792, 9.5742 ], [ -1.9676, 9.5763 ], [ -1.968, 9.5592 ], [ -1.957, 9.5443 ], [ -1.9488, 9.5433 ], [ -1.9422, 9.5484 ], [ -1.9314, 9.5458 ], [ -1.9269, 9.5578 ], [ -1.9132, 9.5639 ], [ -1.9057, 9.5537 ], [ -1.8877, 9.5603 ], [ -1.8793, 9.5599 ], [ -1.8714, 9.5531 ], [ -1.8716, 9.5445 ], [ -1.8668, 9.5422 ], [ -1.8693, 9.533 ], [ -1.8759, 9.5318 ], [ -1.876, 9.5221 ], [ -1.8668, 9.5189 ], [ -1.8669, 9.5141 ], [ -1.8498, 9.514 ], [ -1.8494, 9.5052 ], [ -1.8426, 9.5025 ], [ -1.783, 9.5027 ], [ -1.7718, 9.496 ], [ -1.7383, 9.4539 ], [ -1.7344, 9.4438 ], [ -1.7354, 9.4321 ], [ -1.7405, 9.4216 ], [ -1.7306, 9.4118 ], [ -1.7303, 9.3954 ], [ -1.7232, 9.3855 ], [ -1.7192, 9.3859 ], [ -1.7147, 9.3776 ], [ -1.7155, 9.3716 ], [ -1.6934, 9.3634 ], [ -1.6793, 9.3484 ], [ -1.6581, 9.3377 ], [ -1.6511, 9.3283 ], [ -1.6351, 9.3232 ], [ -1.6114, 9.3035 ], [ -1.6112, 9.2964 ], [ -1.6053, 9.2906 ], [ -1.5991, 9.292 ], [ -1.5952, 9.2863 ], [ -1.5884, 9.2862 ], [ -1.5856, 9.2766 ], [ -1.5791, 9.2763 ], [ -1.5732, 9.2853 ], [ -1.5682, 9.2849 ], [ -1.5701, 9.2915 ], [ -1.5631, 9.295 ], [ -1.5674, 9.2989 ], [ -1.5666, 9.3034 ], [ -1.5628, 9.3061 ], [ -1.5586, 9.3029 ], [ -1.5591, 9.3065 ], [ -1.5493, 9.3092 ], [ -1.5413, 9.32 ], [ -1.5381, 9.3201 ], [ -1.5324, 9.3131 ], [ -1.5328, 9.3076 ], [ -1.5298, 9.3064 ], [ -1.5326, 9.3032 ], [ -1.5286, 9.2977 ], [ -1.5243, 9.2988 ], [ -1.5253, 9.2948 ], [ -1.5111, 9.2975 ], [ -1.5089, 9.3017 ], [ -1.5087, 9.297 ], [ -1.5052, 9.2992 ], [ -1.5068, 9.3033 ], [ -1.5026, 9.3022 ], [ -1.4997, 9.3117 ], [ -1.502, 9.3141 ], [ -1.4974, 9.3151 ], [ -1.4992, 9.3202 ], [ -1.494, 9.3198 ], [ -1.4958, 9.3254 ], [ -1.4879, 9.3265 ], [ -1.487, 9.3307 ], [ -1.4816, 9.3311 ], [ -1.4826, 9.3234 ], [ -1.4615, 9.3179 ], [ -1.4489, 9.3191 ], [ -1.4456, 9.3262 ], [ -1.4414, 9.3261 ], [ -1.4371, 9.3318 ], [ -1.4345, 9.3298 ], [ -1.4302, 9.3322 ], [ -1.4239, 9.3266 ], [ -1.4189, 9.3308 ], [ -1.4167, 9.3393 ], [ -1.4059, 9.3384 ], [ -1.409, 9.3426 ], [ -1.4036, 9.3535 ], [ -1.4001, 9.3521 ], [ -1.3987, 9.3544 ], [ -1.3989, 9.3519 ], [ -1.3956, 9.3543 ], [ -1.3965, 9.3503 ], [ -1.3926, 9.3514 ], [ -1.3878, 9.368 ], [ -1.3764, 9.3711 ], [ -1.3694, 9.3689 ], [ -1.3698, 9.3731 ], [ -1.3646, 9.372 ], [ -1.358, 9.3777 ], [ -1.3493, 9.3765 ], [ -1.3498, 9.381 ], [ -1.3437, 9.3819 ], [ -1.3138, 9.3595 ], [ -1.3061, 9.3439 ], [ -1.2957, 9.3319 ], [ -1.2857, 9.3266 ], [ -1.2635, 9.2959 ], [ -1.2425, 9.2848 ], [ -1.2427, 9.278 ], [ -1.2532, 9.273 ], [ -1.2527, 9.2681 ], [ -1.2371, 9.2634 ], [ -1.2404, 9.2447 ], [ -1.2366, 9.2286 ], [ -1.2379, 9.2133 ], [ -1.2441, 9.2083 ], [ -1.2528, 9.1874 ], [ -1.2573, 9.1847 ], [ -1.2613, 9.1914 ], [ -1.264, 9.184 ], [ -1.2791, 9.1849 ], [ -1.2869, 9.1744 ], [ -1.3191, 9.1556 ], [ -1.365, 9.1686 ], [ -1.3787, 9.1482 ], [ -1.3742, 9.129 ], [ -1.3793, 9.1294 ], [ -1.381, 9.1257 ], [ -1.3843, 9.1295 ], [ -1.3954, 9.1277 ], [ -1.4034, 9.1301 ], [ -1.4155, 9.1258 ], [ -1.4198, 9.1166 ], [ -1.4286, 9.1132 ], [ -1.4454, 9.1158 ], [ -1.4753, 9.1059 ], [ -1.4818, 9.0932 ], [ -1.4917, 9.0861 ], [ -1.4952, 9.0792 ], [ -1.51, 9.0717 ], [ -1.5167, 9.0581 ], [ -1.5514, 9.0392 ], [ -1.5551, 9.0273 ], [ -1.5653, 9.0148 ], [ -1.5654, 9.009 ], [ -1.5866, 8.9946 ], [ -1.5892, 8.9878 ], [ -1.5814, 8.9843 ], [ -1.5628, 8.9498 ], [ -1.5735, 8.9442 ], [ -1.5773, 8.9351 ], [ -1.5889, 8.9286 ], [ -1.6034, 8.9277 ], [ -1.6082, 8.9196 ], [ -1.6272, 8.9152 ], [ -1.6333, 8.9185 ], [ -1.6612, 8.9189 ], [ -1.6931, 8.8941 ], [ -1.6993, 8.8717 ], [ -1.7005, 8.8544 ], [ -1.8565, 8.8795 ], [ -1.856, 8.9036 ], [ -1.8615, 8.9324 ], [ -1.8603, 8.9506 ], [ -1.8515, 8.9608 ], [ -1.857, 8.9682 ], [ -1.8487, 8.9785 ], [ -1.8411, 9.0011 ], [ -1.8321, 9.0091 ], [ -1.8364, 9.0134 ], [ -1.8341, 9.0137 ], [ -1.8367, 9.0208 ], [ -1.8427, 9.027 ], [ -1.8402, 9.0301 ], [ -1.8418, 9.0345 ], [ -1.8541, 9.0391 ], [ -1.8589, 9.0368 ], [ -1.8798, 9.0498 ], [ -1.8875, 9.0468 ], [ -1.9041, 9.0505 ], [ -1.9096, 9.0431 ], [ -1.9282, 9.0429 ], [ -1.9317, 9.0454 ], [ -1.9299, 9.0479 ], [ -1.9348, 9.0471 ], [ -1.9409, 9.0536 ], [ -1.9449, 9.0487 ], [ -1.9523, 9.0465 ], [ -1.974, 9.0508 ], [ -1.9768, 9.0413 ], [ -1.984, 9.0419 ], [ -1.9885, 9.0388 ], [ -1.9929, 9.0439 ], [ -1.9956, 9.0408 ], [ -1.9983, 9.0443 ], [ -2.0097, 9.0432 ], [ -2.0163, 9.0314 ], [ -2.0219, 9.0305 ], [ -2.0315, 9.0208 ], [ -2.0336, 9.0138 ], [ -2.0424, 9.0211 ], [ -2.0506, 9.0171 ], [ -2.0699, 9.0298 ], [ -2.1053, 9.0283 ], [ -2.1094, 9.0329 ], [ -2.1178, 9.035 ], [ -2.1228, 9.0473 ], [ -2.1308, 9.057 ], [ -2.1343, 9.0572 ], [ -2.1371, 9.0643 ], [ -2.1516, 9.0671 ], [ -2.1653, 9.0772 ], [ -2.1754, 9.1022 ], [ -2.1831, 9.1053 ], [ -2.188, 9.1115 ], [ -2.2042, 9.1169 ], [ -2.208, 9.1223 ], [ -2.2172, 9.1251 ], [ -2.2231, 9.1313 ], [ -2.225, 9.1298 ], [ -2.2311, 9.1414 ], [ -2.2531, 9.1493 ], [ -2.2588, 9.1547 ] ] ] } },
{ "type": "Feature", "properties": { "shapeName": "Mion", "shapeID": "2480657B42193515445029" }, "geometry": { "type": "MultiPolygon", "coordinates": [ [ [ [ 0.1753, 9.1485 ], [ 0.1527, 9.1517 ], [ 0.1431, 9.1462 ], [ 0.1342, 9.1353 ], [ 0.1135, 9.1289 ], [ 0.1239, 9.1092 ], [ 0.1235, 9.0989 ], [ 0.1023, 9.1067 ], [ 0.0789, 9.1061 ], [ 0.0735, 9.1006 ], [ 0.069, 9.1004 ], [ 0.065, 9.1042 ], [ 0.0657, 9.1115 ], [ 0.0531, 9.1272 ], [ 0.043, 9.1366 ], [ 0.0328, 9.1345 ], [ 0.0306, 9.1385 ], [ 0.0337, 9.1464 ], [ 0.0288, 9.1466 ], [ 0.023, 9.1518 ], [ 0.0239, 9.1577 ], [ 0.0392, 9.163 ], [ 0.0466, 9.1621 ], [ 0.05, 9.166 ], [ 0.0531, 9.1824 ], [ 0.0503, 9.211 ], [ 0.0725, 9.2106 ], [ 0.0848, 9.1988 ], [ 0.0957, 9.2033 ], [ 0.102, 9.201 ], [ 0.1059, 9.2035 ], [ 0.1249, 9.1937 ], [ 0.139, 9.1944 ], [ 0.1415, 9.1974 ], [ 0.1719, 9.1953 ], [ 0.175, 9.1907 ], [ 0.1716, 9.1876 ], [ 0.1673, 9.1641 ], [ 0.1753, 9.1485 ] ] ], [ [ [ -0.0261, 9.8009 ], [ -0.0285, 9.7889 ], [ -0.0251, 9.7546 ], [ -0.0391, 9.7559 ], [ -0.0463, 9.751 ], [ -0.0654, 9.7488 ], [ -0.0693, 9.7398 ], [ -0.0759, 9.7349 ], [ -0.0777, 9.7246 ], [ -0.0853, 9.718 ], [ -0.1032, 9.709 ], [ -0.1027, 9.7051 ], [ -0.1357, 9.7019 ], [ -0.145, 9.6958 ], [ -0.1529, 9.6819 ], [ -0.1586, 9.6846 ], [ -0.1631, 9.6796 ], [ -0.1744, 9.6766 ], [ -0.1752, 9.6668 ], [ -0.1714, 9.6519 ], [ -0.1523, 9.6473 ], [ -0.1297, 9.6277 ], [ -0.1224, 9.6252 ], [ -0.0978, 9.6295 ], [ -0.0948, 9.624 ], [ -0.089, 9.6236 ], [ -0.0866, 9.6173 ], [ -0.0906, 9.6079 ], [ -0.0881, 9.6051 ], [ -0.0819, 9.6063 ], [ -0.0843, 9.5964 ], [ -0.0724, 9.5863 ], [ -0.0657, 9.5889 ], [ -0.0681, 9.5751 ], [ -0.0608, 9.575 ], [ -0.0627, 9.5662 ], [ -0.0517, 9.5636 ], [ -0.0576, 9.5469 ], [ -0.0617, 9.547 ], [ -0.0621, 9.5537 ], [ -0.0653, 9.5558 ], [ -0.0699, 9.547 ], [ -0.0698, 9.5378 ], [ -0.0741, 9.5333 ], [ -0.0713, 9.5177 ], [ -0.0787, 9.52 ], [ -0.0812, 9.5245 ], [ -0.0845, 9.5207 ], [ -0.0806, 9.5076 ], [ -0.0935, 9.5034 ], [ -0.0985, 9.4982 ], [ -0.0982, 9.495 ], [ -0.0899, 9.4926 ], [ -0.1033, 9.4628 ], [ -0.1028, 9.4574 ], [ -0.0941, 9.4544 ], [ -0.0828, 9.4378 ], [ -0.0559, 9.4349 ], [ -0.0598, 9.4253 ], [ -0.0527, 9.4199 ], [ -0.0502, 9.4122 ], [ -0.0477, 9.4146 ], [ -0.0454, 9.412 ], [ -0.0432, 9.405 ], [ -0.0453, 9.3993 ], [ -0.0402, 9.3935 ], [ -0.0443, 9.3886 ], [ -0.0387, 9.3838 ], [ -0.0418, 9.3744 ], [ -0.0496, 9.368 ], [ -0.0586, 9.3692 ], [ -0.069, 9.3759 ], [ -0.0867, 9.3459 ], [ -0.0711, 9.3321 ], [ -0.0746, 9.326 ], [ -0.0727, 9.3203 ], [ -0.0627, 9.3162 ], [ -0.0671, 9.3078 ], [ -0.0579, 9.3018 ], [ -0.0546, 9.3019 ], [ -0.0532, 9.3059 ], [ -0.043, 9.3046 ], [ -0.0416, 9.294 ], [ -0.0509, 9.2852 ], [ -0.0462, 9.2806 ], [ -0.0378, 9.2835 ], [ -0.0294, 9.2734 ], [ -0.0379, 9.2675 ], [ -0.0309, 9.2582 ], [ -0.0348, 9.2555 ], [ -0.0299, 9.25 ], [ -0.0342, 9.2431 ], [ -0.0264, 9.2403 ], [ -0.0283, 9.2233 ], [ -0.0214, 9.2217 ], [ -0.0238, 9.2152 ], [ -0.034, 9.2131 ], [ -0.0392, 9.1959 ], [ -0.0452, 9.192 ], [ -0.0541, 9.192 ], [ -0.0567, 9.1858 ], [ -0.0479, 9.1784 ], [ -0.0453, 9.1706 ], [ -0.0519, 9.171 ], [ -0.056, 9.1666 ], [ -0.0678, 9.174 ], [ -0.074, 9.1692 ], [ -0.0637, 9.1614 ], [ -0.0576, 9.1468 ], [ -0.0536, 9.1475 ], [ -0.0525, 9.1432 ], [ -0.0578, 9.1359 ], [ -0.0582, 9.1221 ], [ -0.0668, 9.1202 ], [ -0.0675, 9.1314 ], [ -0.0739, 9.1306 ], [ -0.076, 9.1263 ], [ -0.0784, 9.1287 ], [ -0.084, 9.126 ], [ -0.0875, 9.1334 ], [ -0.095, 9.1319 ], [ -0.102, 9.1378 ], [ -0.108, 9.1323 ], [ -0.1082, 9.1282 ], [ -0.1145, 9.1289 ], [ -0.1168, 9.1244 ], [ -0.1293, 9.1259 ], [ -0.1332, 9.132 ], [ -0.1403, 9.1324 ], [ -0.1442, 9.1288 ], [ -0.1442, 9.1342 ], [ -0.1474, 9.1275 ], [ -0.153, 9.1298 ], [ -0.1549, 9.1236 ], [ -0.1594, 9.1206 ], [ -0.1699, 9.1219 ], [ -0.173, 9.1156 ], [ -0.1773, 9.1142 ], [ -0.176, 9.1091 ], [ -0.18, 9.1028 ], [ -0.1862, 9.1044 ], [ -0.189, 9.1129 ], [ -0.1915, 9.1105 ], [ -0.2182, 9.1085 ], [ -0.2223, 9.1127 ], [ -0.2236, 9.1212 ], [ -0.231, 9.1234 ], [ -0.2372, 9.1179 ], [ -0.2415, 9.1225 ], [ -0.2473, 9.123 ], [ -0.2501, 9.1293 ], [ -0.2585, 9.1264 ], [ -0.261, 9.13 ], [ -0.27, 9.1296 ], [ -0.282, 9.1378 ], [ -0.2819, 9.1453 ], [ -0.2871, 9.1483 ], [ -0.2848, 9.1502 ], [ -0.2866, 9.1549 ], [ -0.2903, 9.1549 ], [ -0.2943, 9.1766 ], [ -0.3081, 9.1811 ], [ -0.3093, 9.1934 ], [ -0.3173, 9.1972 ], [ -0.3243, 9.2094 ], [ -0.3404, 9.2112 ], [ -0.3586, 9.2234 ], [ -0.3781, 9.228 ], [ -0.3908, 9.2354 ], [ -0.4196, 9.2225 ], [ -0.4263, 9.2227 ], [ -0.4359, 9.231 ], [ -0.4524, 9.2357 ], [ -0.4631, 9.2429 ], [ -0.4693, 9.2425 ], [ -0.4787, 9.249 ], [ -0.4896, 9.2495 ], [ -0.5071, 9.2586 ], [ -0.5119, 9.2651 ], [ -0.511, 9.274 ], [ -0.5195, 9.2822 ], [ -0.5351, 9.2746 ], [ -0.5412, 9.2771 ], [ -0.5437, 9.2751 ], [ -0.5531, 9.2845 ], [ -0.5623, 9.2863 ], [ -0.5631, 9.2915 ], [ -0.5589, 9.2958 ], [ -0.5603, 9.3011 ], [ -0.5493, 9.3132 ], [ -0.5511, 9.3192 ], [ -0.5459, 9.3239 ], [ -0.5356, 9.3266 ], [ -0.5302, 9.3586 ], [ -0.5251, 9.3629 ], [ -0.5347, 9.3767 ], [ -0.5357, 9.3848 ], [ -0.533, 9.3885 ], [ -0.5443, 9.3857 ], [ -0.5491, 9.3944 ], [ -0.5655, 9.3923 ], [ -0.5728, 9.3972 ], [ -0.578, 9.3969 ], [ -0.5757, 9.4152 ], [ -0.5647, 9.4216 ], [ -0.5654, 9.4329 ], [ -0.5719, 9.442 ], [ -0.5699, 9.4446 ], [ -0.5782, 9.4533 ], [ -0.5788, 9.4658 ], [ -0.5986, 9.4774 ], [ -0.5999, 9.496 ], [ -0.6041, 9.5064 ], [ -0.6012, 9.5088 ], [ -0.6031, 9.5179 ], [ -0.6124, 9.5277 ], [ -0.5409, 9.5196 ], [ -0.5235, 9.5305 ], [ -0.5156, 9.5149 ], [ -0.5069, 9.5096 ], [ -0.5046, 9.5038 ], [ -0.495, 9.505 ], [ -0.4819, 9.5167 ], [ -0.4725, 9.5185 ], [ -0.4659, 9.5158 ], [ -0.4668, 9.5134 ], [ -0.46, 9.506 ], [ -0.4123, 9.5074 ], [ -0.4102, 9.525 ], [ -0.4043, 9.5306 ], [ -0.3926, 9.5379 ], [ -0.3857, 9.5377 ], [ -0.3694, 9.5471 ], [ -0.3579, 9.5492 ], [ -0.3464, 9.5654 ], [ -0.3235, 9.5846 ], [ -0.2954, 9.5792 ], [ -0.2683, 9.5897 ], [ -0.2798, 9.6256 ], [ -0.2657, 9.6495 ], [ -0.2662, 9.6647 ], [ -0.2571, 9.6727 ], [ -0.2569, 9.6827 ], [ -0.2624, 9.6977 ], [ -0.2609, 9.7025 ], [ -0.2467, 9.7209 ], [ -0.2288, 9.7176 ], [ -0.1733, 9.7264 ], [ -0.183, 9.7411 ], [ -0.1761, 9.7495 ], [ -0.1812, 9.754 ], [ -0.16, 9.7509 ], [ -0.1455, 9.7443 ], [ -0.111, 9.7536 ], [ -0.1179, 9.7635 ], [ -0.1152, 9.7923 ], [ -0.1122, 9.7945 ], [ -0.0978, 9.7968 ], [ -0.082, 9.79 ], [ -0.0705, 9.7929 ], [ -0.0539, 9.7893 ], [ -0.0474, 9.7919 ], [ -0.0465, 9.7984 ], [ -0.0407, 9.8026 ], [ -0.0261, 9.8009 ] ] ] ] } },
{ "type": "Feature", "properties": { "shapeName": "Yendi Municipal", "shapeID": "2480657B94460481801793" }, "geometry": { "type": "Polygon", "coordinates": [ [ [ 0.0104, 9.728 ], [ 0.0192, 9.7211 ], [ 0.0314, 9.7195 ], [ 0.0354, 9.7124 ], [ 0.0481, 9.7075 ], [ 0.055, 9.6986 ], [ 0.076, 9.693 ], [ 0.0629, 9.6824 ], [ 0.0338, 9.6449 ], [ 0.0474, 9.6372 ], [ 0.0544, 9.6376 ], [ 0.0587, 9.6316 ], [ 0.0675, 9.6308 ], [ 0.0802, 9.6203 ], [ 0.0859, 9.6058 ], [ 0.0803, 9.6053 ], [ 0.0767, 9.5982 ], [ 0.0779, 9.5817 ], [ 0.082, 9.5765 ], [ 0.085, 9.5775 ], [ 0.0912, 9.5729 ], [ 0.1015, 9.5781 ], [ 0.103, 9.5748 ], [ 0.1106, 9.5735 ], [ 0.1114, 9.5655 ], [ 0.1347, 9.575 ], [ 0.144, 9.5699 ], [ 0.1559, 9.5531 ], [ 0.1593, 9.5447 ], [ 0.1569, 9.5348 ], [ 0.1514, 9.5291 ], [ 0.1451, 9.4681 ], [ 0.1386, 9.4599 ], [ 0.1423, 9.4498 ], [ 0.1548, 9.4393 ], [ 0.1592, 9.441 ], [ 0.1831, 9.4376 ], [ 0.1851, 9.4338 ], [ 0.199, 9.4313 ], [ 0.204, 9.4325 ], [ 0.2053, 9.4364 ], [ 0.2114, 9.4366 ], [ 0.2159, 9.4436 ], [ 0.2227, 9.4432 ], [ 0.2316, 9.4361 ], [ 0.217, 9.4217 ], [ 0.2179, 9.4074 ], [ 0.2082, 9.3819 ], [ 0.2121, 9.3692 ], [ 0.2284, 9.3656 ], [ 0.2408, 9.3562 ], [ 0.2362, 9.3455 ], [ 0.2503, 9.3336 ], [ 0.2512, 9.3215 ], [ 0.2597, 9.3174 ], [ 0.2563, 9.2889 ], [ 0.2488, 9.2888 ], [ 0.2448, 9.2979 ], [ 0.2345, 9.3022 ], [ 0.186, 9.3048 ], [ 0.1789, 9.2711 ], [ 0.1807, 9.242 ], [ 0.1907, 9.2343 ], [ 0.2126, 9.2384 ], [ 0.2197, 9.2297 ], [ 0.1921, 9.1978 ], [ 0.175, 9.1907 ], [ 0.1676, 9.1961 ], [ 0.1545, 9.1947 ], [ 0.1415, 9.1974 ], [ 0.139, 9.1944 ], [ 0.1249, 9.1937 ], [ 0.1059, 9.2035 ], [ 0.102, 9.201 ], [ 0.0957, 9.2033 ], [ 0.0848, 9.1988 ], [ 0.0725, 9.2106 ], [ 0.0503, 9.211 ], [ 0.0429, 9.2383 ], [ 0.0332, 9.2494 ], [ 0.0135, 9.2548 ], [ 0.0025, 9.2526 ], [ -0.0151, 9.2591 ], [ -0.0309, 9.2582 ], [ -0.0379, 9.2675 ], [ -0.0294, 9.2734 ], [ -0.0378, 9.2835 ], [ -0.0462, 9.2806 ], [ -0.0509, 9.2852 ], [ -0.0416, 9.294 ], [ -0.043, 9.3046 ], [ -0.0532, 9.3059 ], [ -0.0546, 9.3019 ], [ -0.0579, 9.3018 ], [ -0.0671, 9.3078 ], [ -0.0627, 9.3162 ], [ -0.0727, 9.3203 ], [ -0.0746, 9.326 ], [ -0.0711, 9.3321 ], [ -0.0867, 9.3459 ], [ -0.069, 9.3759 ], [ -0.0586, 9.3692 ], [ -0.0496, 9.368 ], [ -0.0418, 9.3744 ], [ -0.0387, 9.3838 ], [ -0.0443, 9.3886 ], [ -0.0402, 9.3935 ], [ -0.0453, 9.3993 ], [ -0.0432, 9.405 ], [ -0.0454, 9.412 ], [ -0.0477, 9.4146 ], [ -0.0502, 9.4122 ], [ -0.0527, 9.4199 ], [ -0.0598, 9.4253 ], [ -0.0559, 9.4349 ], [ -0.0828, 9.4378 ], [ -0.0941, 9.4544 ], [ -0.1028, 9.4574 ], [ -0.1033, 9.4628 ], [ -0.0899, 9.4926 ], [ -0.0982, 9.495 ], [ -0.0985, 9.4982 ], [ -0.0935, 9.5034 ], [ -0.0806, 9.5076 ], [ -0.0845, 9.5207 ], [ -0.0812, 9.5245 ], [ -0.0787, 9.52 ], [ -0.0713, 9.5177 ], [ -0.0741, 9.5333 ], [ -0.0698, 9.5378 ], [ -0.0699, 9.547 ], [ -0.0653, 9.5558 ], [ -0.0621, 9.5537 ], [ -0.0617, 9.547 ], [ -0.0576, 9.5469 ], [ -0.0517, 9.5636 ], [ -0.0627, 9.5662 ], [ -0.0608, 9.575 ], [ -0.0681, 9.5751 ], [ -0.0657, 9.5889 ], [ -0.0724, 9.5863 ], [ -0.0843, 9.5964 ], [ -0.0819, 9.6063 ], [ -0.0881, 9.6051 ], [ -0.0906, 9.6079 ], [ -0.0866, 9.6173 ], [ -0.089, 9.6236 ], [ -0.0948, 9.624 ], [ -0.0978, 9.6295 ], [ -0.1224, 9.6252 ], [ -0.1408, 9.6347 ], [ -0.1523, 9.6473 ], [ -0.1714, 9.6519 ], [ -0.1745, 9.6591 ], [ -0.1744, 9.6766 ], [ -0.1631, 9.6796 ], [ -0.1586, 9.6846 ], [ -0.1529, 9.6819 ], [ -0.145, 9.6958 ], [ -0.1357, 9.7019 ], [ -0.1027, 9.7051 ], [ -0.1032, 9.709 ], [ -0.0777, 9.7246 ], [ -0.0759, 9.7349 ], [ -0.0693, 9.7398 ], [ -0.0654, 9.7488 ], [ -0.0566, 9.7513 ], [ -0.0463, 9.751 ], [ -0.0391, 9.7559 ], [ -0.0257, 9.7549 ], [ -0.0008, 9.7308 ], [ 0.0104, 9.728 ] ] ] } },
{ "type": "Feature", "properties": { "shapeName": "Tolon", "shapeID": "2480657B36155100412367" }, "geometry": { "type": "Polygon", "coordinates": [ [ [ -1.2425, 9.2848 ], [ -1.2421, 9.2903 ], [ -1.257, 9.3079 ], [ -1.2575, 9.3104 ], [ -1.2548, 9.3103 ], [ -1.259, 9.3198 ], [ -1.2691, 9.3307 ], [ -1.2681, 9.333 ], [ -1.2608, 9.3314 ], [ -1.2648, 9.342 ], [ -1.2546, 9.3529 ], [ -1.2581, 9.3607 ], [ -1.2538, 9.3642 ], [ -1.2545, 9.369 ], [ -1.2459, 9.3859 ], [ -1.2431, 9.4194 ], [ -1.2501, 9.4275 ], [ -1.2813, 9.5099 ], [ -1.3002, 9.5247 ], [ -1.3117, 9.538 ], [ -1.3138, 9.5488 ], [ -1.3659, 9.6038 ], [ -1.3731, 9.6074 ], [ -1.3734, 9.611 ], [ -1.3667, 9.6181 ], [ -1.3294, 9.6338 ], [ -1.3302, 9.6439 ], [ -1.3174, 9.648 ], [ -1.3146, 9.6533 ], [ -1.3251, 9.6561 ], [ -1.3223, 9.6591 ], [ -1.3242, 9.6628 ], [ -1.3191, 9.6671 ], [ -1.3196, 9.6843 ], [ -1.3248, 9.6888 ], [ -1.3253, 9.698 ], [ -1.3387, 9.706 ], [ -1.3399, 9.7143 ], [ -1.3444, 9.7157 ], [ -1.3501, 9.7297 ], [ -1.3467, 9.7338 ], [ -1.3495, 9.746 ], [ -1.3454, 9.7489 ], [ -1.3508, 9.7661 ], [ -1.3477, 9.7773 ], [ -1.3515, 9.7944 ], [ -1.3478, 9.8055 ], [ -1.3292, 9.8082 ], [ -1.3228, 9.7998 ], [ -1.3087, 9.8011 ], [ -1.3138, 9.8065 ], [ -1.3142, 9.8163 ], [ -1.3076, 9.823 ], [ -1.3093, 9.8178 ], [ -1.305, 9.8112 ], [ -1.2853, 9.8017 ], [ -1.2742, 9.8018 ], [ -1.2695, 9.8046 ], [ -1.2632, 9.8243 ], [ -1.2535, 9.8232 ], [ -1.2383, 9.8285 ], [ -1.2323, 9.8257 ], [ -1.2282, 9.8175 ], [ -1.2181, 9.8124 ], [ -1.2163, 9.8008 ], [ -1.2131, 9.7984 ], [ -1.1949, 9.796 ], [ -1.1867, 9.8003 ], [ -1.1797, 9.7953 ], [ -1.1633, 9.7803 ], [ -1.1638, 9.7664 ], [ -1.1561, 9.7585 ], [ -1.1582, 9.7415 ], [ -1.1534, 9.7383 ], [ -1.1562, 9.7361 ], [ -1.1559, 9.7291 ], [ -1.1608, 9.7243 ], [ -1.1536, 9.7137 ], [ -1.1603, 9.7073 ], [ -1.1603, 9.7001 ], [ -1.1762, 9.6918 ], [ -1.1914, 9.6649 ], [ -1.1814, 9.6614 ], [ -1.1742, 9.6691 ], [ -1.1691, 9.669 ], [ -1.1579, 9.6605 ], [ -1.1443, 9.6557 ], [ -1.1477, 9.652 ], [ -1.1481, 9.6388 ], [ -1.1415, 9.6258 ], [ -1.1425, 9.6153 ], [ -1.1394, 9.6141 ], [ -1.1376, 9.605 ], [ -1.1211, 9.6078 ], [ -1.1099, 9.606 ], [ -1.1048, 9.5993 ], [ -1.0966, 9.6005 ], [ -1.0892, 9.5914 ], [ -1.0723, 9.5802 ], [ -1.0747, 9.5763 ], [ -1.0815, 9.5751 ], [ -1.0753, 9.5694 ], [ -1.0735, 9.5517 ], [ -1.0674, 9.5518 ], [ -1.065, 9.5463 ], [ -1.0644, 9.5395 ], [ -1.067, 9.5395 ], [ -1.0704, 9.5304 ], [ -1.0632, 9.5247 ], [ -1.0683, 9.5164 ], [ -1.055, 9.5101 ], [ -1.0562, 9.5005 ], [ -1.047, 9.4919 ], [ -1.051, 9.4808 ], [ -1.0387, 9.4791 ], [ -1.0332, 9.4726 ], [ -1.0323, 9.4567 ], [ -1.019, 9.4409 ], [ -1.0098, 9.4375 ], [ -0.9997, 9.4104 ], [ -0.9974, 9.4089 ], [ -0.9992, 9.4158 ], [ -0.9957, 9.4184 ], [ -0.9692, 9.4176 ], [ -0.9657, 9.4199 ], [ -0.9464, 9.4007 ], [ -0.9533, 9.3824 ], [ -0.9595, 9.3803 ], [ -0.9605, 9.3682 ], [ -0.9451, 9.3458 ], [ -0.9563, 9.3355 ], [ -0.9765, 9.3366 ], [ -0.9887, 9.3289 ], [ -0.996, 9.3289 ], [ -1.009, 9.3172 ], [ -1.0196, 9.3133 ], [ -1.0136, 9.3297 ], [ -1.0407, 9.3448 ], [ -1.051, 9.3397 ], [ -1.0578, 9.3279 ], [ -1.077, 9.3263 ], [ -1.0797, 9.3215 ], [ -1.0955, 9.3154 ], [ -1.0995, 9.3092 ], [ -1.1063, 9.3082 ], [ -1.1092, 9.3144 ], [ -1.1204, 9.3184 ], [ -1.1431, 9.3175 ], [ -1.1454, 9.3204 ], [ -1.1489, 9.3185 ], [ -1.1563, 9.3212 ], [ -1.1572, 9.3184 ], [ -1.166, 9.3177 ], [ -1.1652, 9.3212 ], [ -1.1721, 9.3212 ], [ -1.1838, 9.3102 ], [ -1.1874, 9.3121 ], [ -1.1962, 9.3086 ], [ -1.1968, 9.3038 ], [ -1.2033, 9.3085 ], [ -1.2041, 9.3052 ], [ -1.2126, 9.3028 ], [ -1.2127, 9.2983 ], [ -1.2278, 9.2962 ], [ -1.2305, 9.2906 ], [ -1.2425, 9.2848 ] ] ] } },
{ "type": "Feature", "properties": { "shapeName": "Kumbungu", "shapeID": "2480657B99246651758289" }, "geometry": { "type": "Polygon", "coordinates": [ [ [ -1.1743, 9.7898 ], [ -1.1721, 9.7981 ], [ -1.174, 9.8079 ], [ -1.169, 9.8146 ], [ -1.1733, 9.8203 ], [ -1.1726, 9.8245 ], [ -1.1639, 9.8373 ], [ -1.1654, 9.8407 ], [ -1.1601, 9.8565 ], [ -1.1639, 9.8739 ], [ -1.1721, 9.8797 ], [ -1.1822, 9.898 ], [ -1.1763, 9.9233 ], [ -1.1785, 9.9496 ], [ -1.1626, 9.9522 ], [ -1.1267, 9.9295 ], [ -1.1076, 9.9273 ], [ -1.1133, 9.9339 ], [ -1.1244, 9.9595 ], [ -1.1399, 9.9679 ], [ -1.1421, 9.98 ], [ -1.1564, 9.9773 ], [ -1.1803, 9.9919 ], [ -1.1969, 9.994 ], [ -1.2086, 10.0054 ], [ -1.227, 10.008 ], [ -1.2343, 10.014 ], [ -1.2404, 10.0261 ], [ -1.2368, 10.0274 ], [ -1.2361, 10.0314 ], [ -1.2414, 10.0355 ], [ -1.228, 10.0631 ], [ -1.2102, 10.0884 ], [ -1.1399, 10.1193 ], [ -1.1307, 10.1127 ], [ -1.1262, 10.1154 ], [ -1.1221, 10.1302 ], [ -1.1313, 10.1412 ], [ -1.1235, 10.1507 ], [ -1.1107, 10.1871 ], [ -1.0945, 10.1845 ], [ -1.0722, 10.1734 ], [ -1.0579, 10.1576 ], [ -1.0636, 10.1553 ], [ -1.0795, 10.1567 ], [ -1.0862, 10.1523 ], [ -1.0934, 10.1386 ], [ -1.0927, 10.1271 ], [ -1.0889, 10.1222 ], [ -1.0621, 10.1211 ], [ -1.0611, 10.1125 ], [ -1.0701, 10.1059 ], [ -1.0319, 10.0979 ], [ -1.0211, 10.1007 ], [ -1.012, 10.0929 ], [ -1.0108, 10.0783 ], [ -1.0241, 10.0745 ], [ -1.0262, 10.0601 ], [ -1.0149, 10.0416 ], [ -1.0127, 10.0281 ], [ -1.0027, 10.0185 ], [ -1.0023, 10.0104 ], [ -0.9883, 10.0022 ], [ -0.9915, 9.9918 ], [ -0.9871, 9.9851 ], [ -0.9977, 9.9766 ], [ -1.0022, 9.965 ], [ -0.9908, 9.9519 ], [ -0.9921, 9.9435 ], [ -0.9809, 9.9444 ], [ -0.9795, 9.9415 ], [ -1.018, 9.9187 ], [ -1.0044, 9.8954 ], [ -1.009, 9.8911 ], [ -1.0165, 9.8901 ], [ -1.0262, 9.8983 ], [ -1.0252, 9.8827 ], [ -1.0209, 9.8731 ], [ -1.0137, 9.8698 ], [ -1.0082, 9.8609 ], [ -1.0034, 9.8599 ], [ -1.0066, 9.8599 ], [ -1.0095, 9.8615 ], [ -1.0078, 9.8598 ], [ -0.9993, 9.8592 ], [ -0.9961, 9.852 ], [ -0.9826, 9.856 ], [ -0.9748, 9.8482 ], [ -0.9703, 9.8299 ], [ -0.9764, 9.8177 ], [ -0.9722, 9.8063 ], [ -0.9638, 9.798 ], [ -0.9538, 9.804 ], [ -0.9503, 9.8025 ], [ -0.9471, 9.7785 ], [ -0.939, 9.7662 ], [ -0.9449, 9.7578 ], [ -0.9425, 9.7466 ], [ -0.9441, 9.7373 ], [ -0.9572, 9.7369 ], [ -0.9644, 9.7224 ], [ -0.9766, 9.72 ], [ -0.9806, 9.7154 ], [ -0.9778, 9.7102 ], [ -0.9639, 9.7034 ], [ -0.9638, 9.6979 ], [ -0.9748, 9.6893 ], [ -0.9813, 9.6938 ], [ -0.9889, 9.6934 ], [ -1.0012, 9.6774 ], [ -0.9642, 9.6586 ], [ -0.9555, 9.6616 ], [ -0.9491, 9.659 ], [ -0.9364, 9.663 ], [ -0.9305, 9.6618 ], [ -0.9312, 9.6565 ], [ -0.9277, 9.6537 ], [ -0.9209, 9.633 ], [ -0.91, 9.6212 ], [ -0.9097, 9.6088 ], [ -0.9133, 9.605 ], [ -0.9091, 9.6008 ], [ -0.9041, 9.5825 ], [ -0.9085, 9.5738 ], [ -0.8974, 9.5735 ], [ -0.8842, 9.5675 ], [ -0.8837, 9.5554 ], [ -0.8881, 9.5454 ], [ -0.8917, 9.5439 ], [ -0.8906, 9.5323 ], [ -0.8978, 9.5183 ], [ -0.8907, 9.5136 ], [ -0.8882, 9.5079 ], [ -0.8972, 9.4952 ], [ -0.8909, 9.485 ], [ -0.898, 9.4795 ], [ -0.9117, 9.4757 ], [ -0.9126, 9.4667 ], [ -0.9237, 9.4692 ], [ -0.9339, 9.4638 ], [ -0.934, 9.4573 ], [ -0.9412, 9.4585 ], [ -0.9692, 9.4176 ], [ -0.9957, 9.4184 ], [ -0.9992, 9.4158 ], [ -0.9974, 9.4089 ], [ -0.9997, 9.4104 ], [ -1.0098, 9.4375 ], [ -1.019, 9.4409 ], [ -1.0323, 9.4567 ], [ -1.0332, 9.4726 ], [ -1.0387, 9.4791 ], [ -1.051, 9.4808 ], [ -1.047, 9.4919 ], [ -1.0562, 9.5005 ], [ -1.055, 9.5101 ], [ -1.0683, 9.5164 ], [ -1.0632, 9.5247 ], [ -1.0704, 9.5304 ], [ -1.067, 9.5395 ], [ -1.0644, 9.5395 ], [ -1.065, 9.5463 ], [ -1.0674, 9.5518 ], [ -1.0735, 9.5517 ], [ -1.0753, 9.5694 ], [ -1.0815, 9.5751 ], [ -1.0747, 9.5763 ], [ -1.0723, 9.5802 ], [ -1.0892, 9.5914 ], [ -1.0966, 9.6005 ], [ -1.1048, 9.5993 ], [ -1.1099, 9.606 ], [ -1.1211, 9.6078 ], [ -1.1376, 9.605 ], [ -1.1394, 9.6141 ], [ -1.1425, 9.6153 ], [ -1.1415, 9.6258 ], [ -1.1481, 9.6388 ], [ -1.1477, 9.652 ], [ -1.1443, 9.6557 ], [ -1.1579, 9.6605 ], [ -1.1691, 9.669 ], [ -1.1742, 9.6691 ], [ -1.1814, 9.6614 ], [ -1.1914, 9.6649 ], [ -1.1762, 9.6918 ], [ -1.1603, 9.7001 ], [ -1.1603, 9.7073 ], [ -1.1536, 9.7137 ], [ -1.1608, 9.7243 ], [ -1.1559, 9.7291 ], [ -1.1562, 9.7361 ], [ -1.1534, 9.7383 ], [ -1.1582, 9.7415 ], [ -1.1561, 9.7585 ], [ -1.1638, 9.7664 ], [ -1.1633, 9.7803 ], [ -1.1743, 9.7898 ] ] ] } },
{ "type": "Feature", "properties": { "shapeName": "West Mamprusi Municipal", "shapeID": "2480657B90334619080238" }, "geometry": { "type": "Polygon", "coordinates": [ [ [ -1.066, 10.4973 ], [ -1.0538, 10.4994 ], [ -1.0495, 10.511 ], [ -1.0438, 10.5136 ], [ -1.0416, 10.5204 ], [ -1.0352, 10.5229 ], [ -1.0321, 10.5282 ], [ -1.0084, 10.538 ], [ -0.9807, 10.5322 ], [ -0.9654, 10.5369 ], [ -0.9592, 10.5288 ], [ -0.9482, 10.5338 ], [ -0.9298, 10.5244 ], [ -0.9152, 10.5284 ], [ -0.9109, 10.526 ], [ -0.9089, 10.5189 ], [ -0.9187, 10.5029 ], [ -0.9348, 10.4864 ], [ -0.9332, 10.481 ], [ -0.9268, 10.4804 ], [ -0.9001, 10.5118 ], [ -0.8906, 10.5185 ], [ -0.9085, 10.5611 ], [ -0.9092, 10.5759 ], [ -0.8746, 10.5953 ], [ -0.8611, 10.5917 ], [ -0.8544, 10.5808 ], [ -0.8484, 10.5798 ], [ -0.8433, 10.5746 ], [ -0.8378, 10.6012 ], [ -0.8236, 10.6009 ], [ -0.7959, 10.6217 ], [ -0.797, 10.6458 ], [ -0.7944, 10.6506 ], [ -0.7763, 10.652 ], [ -0.766, 10.6437 ], [ -0.7556, 10.6403 ], [ -0.7373, 10.6497 ], [ -0.7244, 10.6516 ], [ -0.7122, 10.6416 ], [ -0.7062, 10.6205 ], [ -0.7091, 10.6165 ], [ -0.718, 10.6153 ], [ -0.7182, 10.6056 ], [ -0.6938, 10.5889 ], [ -0.6857, 10.5676 ], [ -0.7064, 10.5426 ], [ -0.7154, 10.5369 ], [ -0.7157, 10.5294 ], [ -0.711, 10.5243 ], [ -0.7049, 10.5236 ], [ -0.7009, 10.535 ], [ -0.6899, 10.5425 ], [ -0.6815, 10.5266 ], [ -0.6676, 10.527 ], [ -0.6621, 10.5011 ], [ -0.6705, 10.481 ], [ -0.6537, 10.4705 ], [ -0.6506, 10.4588 ], [ -0.6562, 10.4435 ], [ -0.6595, 10.417 ], [ -0.6177, 10.4218 ], [ -0.6128, 10.4112 ], [ -0.6154, 10.3954 ], [ -0.5949, 10.3732 ], [ -0.5903, 10.3482 ], [ -0.5518, 10.3361 ], [ -0.536, 10.3243 ], [ -0.5215, 10.3275 ], [ -0.5199, 10.3218 ], [ -0.512, 10.3192 ], [ -0.5098, 10.3106 ], [ -0.5036, 10.3033 ], [ -0.5056, 10.2924 ], [ -0.5009, 10.2902 ], [ -0.5015, 10.2847 ], [ -0.497, 10.2815 ], [ -0.5003, 10.276 ], [ -0.4977, 10.2714 ], [ -0.5052, 10.2707 ], [ -0.5013, 10.259 ], [ -0.5107, 10.2527 ], [ -0.5068, 10.2455 ], [ -0.4989, 10.2407 ], [ -0.499, 10.2374 ], [ -0.5029, 10.2406 ], [ -0.5096, 10.2367 ], [ -0.5133, 10.2401 ], [ -0.5123, 10.243 ], [ -0.5152, 10.2417 ], [ -0.514, 10.2482 ], [ -0.5194, 10.2459 ], [ -0.5219, 10.234 ], [ -0.5325, 10.2538 ], [ -0.5343, 10.2671 ], [ -0.5411, 10.2614 ], [ -0.5408, 10.2566 ], [ -0.5467, 10.248 ], [ -0.5469, 10.2356 ], [ -0.5416, 10.2326 ], [ -0.5411, 10.2257 ], [ -0.5476, 10.2105 ], [ -0.5582, 10.1967 ], [ -0.5788, 10.182 ], [ -0.5808, 10.1767 ], [ -0.59, 10.1734 ], [ -0.5991, 10.1602 ], [ -0.6256, 10.1655 ], [ -0.6245, 10.1729 ], [ -0.632, 10.1759 ], [ -0.6337, 10.1838 ], [ -0.6418, 10.1864 ], [ -0.6435, 10.1901 ], [ -0.6527, 10.1807 ], [ -0.652, 10.1917 ], [ -0.6579, 10.192 ], [ -0.6667, 10.1796 ], [ -0.6753, 10.1825 ], [ -0.6814, 10.1809 ], [ -0.6829, 10.1897 ], [ -0.6874, 10.1828 ], [ -0.6912, 10.1829 ], [ -0.6945, 10.1884 ], [ -0.6983, 10.1804 ], [ -0.711, 10.1779 ], [ -0.7111, 10.1844 ], [ -0.7188, 10.1772 ], [ -0.7123, 10.1749 ], [ -0.7154, 10.1714 ], [ -0.7116, 10.1629 ], [ -0.7209, 10.1687 ], [ -0.7326, 10.1707 ], [ -0.7372, 10.1672 ], [ -0.7317, 10.1622 ], [ -0.7334, 10.1599 ], [ -0.7446, 10.1673 ], [ -0.7501, 10.1593 ], [ -0.7581, 10.1605 ], [ -0.764, 10.1651 ], [ -0.7669, 10.159 ], [ -0.7748, 10.1537 ], [ -0.7803, 10.1562 ], [ -0.7829, 10.1419 ], [ -0.7868, 10.1463 ], [ -0.7855, 10.1507 ], [ -0.7888, 10.152 ], [ -0.7955, 10.1458 ], [ -0.8012, 10.1566 ], [ -0.8052, 10.1543 ], [ -0.8178, 10.1253 ], [ -0.8219, 10.1249 ], [ -0.8199, 10.1195 ], [ -0.8222, 10.1179 ], [ -0.8374, 10.1222 ], [ -0.8372, 10.132 ], [ -0.8544, 10.1281 ], [ -0.8559, 10.1244 ], [ -0.8491, 10.1149 ], [ -0.8565, 10.1117 ], [ -0.8597, 10.1072 ], [ -0.8579, 10.1039 ], [ -0.8685, 10.0957 ], [ -0.8579, 10.0854 ], [ -0.8697, 10.0761 ], [ -0.8676, 10.0625 ], [ -0.8636, 10.0615 ], [ -0.8647, 10.0557 ], [ -0.8716, 10.0549 ], [ -0.8818, 10.0597 ], [ -0.8814, 10.0486 ], [ -0.8881, 10.0522 ], [ -0.8904, 10.0493 ], [ -0.891, 10.0444 ], [ -0.8861, 10.0354 ], [ -0.895, 10.0339 ], [ -0.8954, 10.0195 ], [ -0.9049, 10.0251 ], [ -0.9101, 10.0235 ], [ -0.9121, 10.0124 ], [ -0.9061, 10.0129 ], [ -0.9125, 10.0095 ], [ -0.9194, 10.0131 ], [ -0.9215, 10.0002 ], [ -0.9316, 10.0106 ], [ -0.9378, 10.0115 ], [ -0.9404, 10.0083 ], [ -0.9391, 10.0015 ], [ -0.943, 9.998 ], [ -0.9403, 9.99 ], [ -0.9534, 9.9929 ], [ -0.9623, 9.9906 ], [ -0.9726, 9.9647 ], [ -0.9704, 9.9563 ], [ -0.9826, 9.9631 ], [ -0.9848, 9.9496 ], [ -0.9809, 9.9444 ], [ -0.9921, 9.9435 ], [ -0.9908, 9.9519 ], [ -1.0022, 9.965 ], [ -0.9977, 9.9766 ], [ -0.9871, 9.9851 ], [ -0.9915, 9.9918 ], [ -0.9883, 10.0022 ], [ -1.0023, 10.0104 ], [ -1.0027, 10.0185 ], [ -1.0127, 10.0281 ], [ -1.0149, 10.0416 ], [ -1.0262, 10.0601 ], [ -1.0241, 10.0745 ], [ -1.0108, 10.0783 ], [ -1.012, 10.0929 ], [ -1.0211, 10.1007 ], [ -1.0319, 10.0979 ], [ -1.0701, 10.1059 ], [ -1.0611, 10.1125 ], [ -1.0621, 10.1211 ], [ -1.0866, 10.1215 ], [ -1.0927, 10.1271 ], [ -1.0934, 10.1386 ], [ -1.0862, 10.1523 ], [ -1.0795, 10.1567 ], [ -1.0636, 10.1553 ], [ -1.0579, 10.1576 ], [ -1.0519, 10.1667 ], [ -1.0521, 10.1768 ], [ -1.0464, 10.1861 ], [ -1.0294, 10.1838 ], [ -1.0094, 10.1929 ], [ -1.0042, 10.1988 ], [ -1.0109, 10.202 ], [ -1.0143, 10.2144 ], [ -1.0176, 10.2141 ], [ -1.0225, 10.2048 ], [ -1.0286, 10.2059 ], [ -1.0261, 10.222 ], [ -1.0129, 10.2226 ], [ -1.0094, 10.228 ], [ -1.01, 10.2374 ], [ -1.0156, 10.2477 ], [ -1.0094, 10.2632 ], [ -1.0321, 10.2687 ], [ -1.0472, 10.2837 ], [ -1.0467, 10.297 ], [ -1.0323, 10.2922 ], [ -1.0272, 10.2926 ], [ -1.0237, 10.2977 ], [ -1.0428, 10.3105 ], [ -1.0602, 10.3091 ], [ -1.0636, 10.3136 ], [ -1.0646, 10.3273 ], [ -1.0832, 10.3317 ], [ -1.087, 10.3368 ], [ -1.0821, 10.3492 ], [ -1.0678, 10.3492 ], [ -1.0555, 10.36 ], [ -1.053, 10.3738 ], [ -1.061, 10.3831 ], [ -1.0674, 10.3799 ], [ -1.0674, 10.4073 ], [ -1.0701, 10.4131 ], [ -1.0801, 10.4193 ], [ -1.0772, 10.4289 ], [ -1.0829, 10.4358 ], [ -1.0826, 10.444 ], [ -1.0803, 10.4464 ], [ -1.0743, 10.4437 ], [ -1.0642, 10.4514 ], [ -1.0601, 10.463 ], [ -1.0619, 10.4686 ], [ -1.0698, 10.4688 ], [ -1.074, 10.4744 ], [ -1.0718, 10.4904 ], [ -1.066, 10.4973 ] ] ] } },
{ "type": "Feature", "properties": { "shapeName": "Mamprugu Moagduri", "shapeID": "2480657B18075285363234" }, "geometry": { "type": "Polygon", "coordinates": [ [ [ -1.5877, 10.0779 ], [ -1.5858, 10.0821 ], [ -1.5899, 10.0882 ], [ -1.5864, 10.1005 ], [ -1.5953, 10.1067 ], [ -1.5924, 10.1152 ], [ -1.5978, 10.1211 ], [ -1.6007, 10.133 ], [ -1.6215, 10.1332 ], [ -1.6324, 10.1457 ], [ -1.6355, 10.1543 ], [ -1.6454, 10.1564 ], [ -1.6603, 10.1662 ], [ -1.6636, 10.1737 ], [ -1.6602, 10.1772 ], [ -1.663, 10.1874 ], [ -1.6522, 10.1978 ], [ -1.6475, 10.2077 ], [ -1.6478, 10.2153 ], [ -1.5769, 10.3467 ], [ -1.5178, 10.4058 ], [ -1.4749, 10.4332 ], [ -1.4686, 10.4428 ], [ -1.4485, 10.4549 ], [ -1.4468, 10.4604 ], [ -1.434, 10.4677 ], [ -1.4294, 10.4637 ], [ -1.4181, 10.466 ], [ -1.4115, 10.4773 ], [ -1.4023, 10.4847 ], [ -1.374, 10.4629 ], [ -1.3732, 10.4596 ], [ -1.3801, 10.456 ], [ -1.3624, 10.435 ], [ -1.3649, 10.4292 ], [ -1.3728, 10.4274 ], [ -1.3714, 10.4241 ], [ -1.3639, 10.4222 ], [ -1.3667, 10.4139 ], [ -1.3736, 10.4057 ], [ -1.3849, 10.4053 ], [ -1.3817, 10.3909 ], [ -1.3732, 10.3818 ], [ -1.3551, 10.3773 ], [ -1.3504, 10.3731 ], [ -1.3444, 10.3628 ], [ -1.3433, 10.3525 ], [ -1.3482, 10.3473 ], [ -1.3416, 10.3434 ], [ -1.3363, 10.3478 ], [ -1.3249, 10.3401 ], [ -1.3236, 10.3358 ], [ -1.3264, 10.3321 ], [ -1.2977, 10.3245 ], [ -1.2891, 10.3262 ], [ -1.2852, 10.322 ], [ -1.2731, 10.3212 ], [ -1.2728, 10.3269 ], [ -1.269, 10.3255 ], [ -1.2718, 10.3145 ], [ -1.2685, 10.3106 ], [ -1.2645, 10.3111 ], [ -1.2597, 10.3029 ], [ -1.2562, 10.3033 ], [ -1.2563, 10.2855 ], [ -1.2536, 10.2778 ], [ -1.2486, 10.2784 ], [ -1.2482, 10.2746 ], [ -1.2433, 10.2764 ], [ -1.2473, 10.2781 ], [ -1.2471, 10.2813 ], [ -1.2403, 10.2794 ], [ -1.239, 10.2867 ], [ -1.2325, 10.2844 ], [ -1.2282, 10.2869 ], [ -1.2319, 10.2926 ], [ -1.2229, 10.2952 ], [ -1.2241, 10.3025 ], [ -1.2176, 10.3083 ], [ -1.2111, 10.3241 ], [ -1.214, 10.3443 ], [ -1.2321, 10.367 ], [ -1.2345, 10.3799 ], [ -1.232, 10.387 ], [ -1.227, 10.3917 ], [ -1.1656, 10.4126 ], [ -1.1333, 10.4582 ], [ -1.0976, 10.4832 ], [ -1.0718, 10.4904 ], [ -1.0732, 10.4719 ], [ -1.0619, 10.4686 ], [ -1.0601, 10.463 ], [ -1.0642, 10.4514 ], [ -1.0743, 10.4437 ], [ -1.0803, 10.4464 ], [ -1.0826, 10.444 ], [ -1.0829, 10.4358 ], [ -1.0772, 10.4289 ], [ -1.0809, 10.4212 ], [ -1.0701, 10.4131 ], [ -1.0674, 10.4073 ], [ -1.0674, 10.3799 ], [ -1.061, 10.3831 ], [ -1.053, 10.3738 ], [ -1.0555, 10.36 ], [ -1.0678, 10.3492 ], [ -1.0821, 10.3492 ], [ -1.087, 10.3368 ], [ -1.0832, 10.3317 ], [ -1.0646, 10.3273 ], [ -1.0636, 10.3136 ], [ -1.0602, 10.3091 ], [ -1.0428, 10.3105 ], [ -1.0237, 10.2977 ], [ -1.0272, 10.2926 ], [ -1.0323, 10.2922 ], [ -1.0467, 10.297 ], [ -1.0472, 10.2837 ], [ -1.0321, 10.2687 ], [ -1.0094, 10.2632 ], [ -1.0156, 10.2477 ], [ -1.01, 10.2374 ], [ -1.0094, 10.228 ], [ -1.0129, 10.2226 ], [ -1.0261, 10.222 ], [ -1.0286, 10.216 ], [ -1.0265, 10.2043 ], [ -1.0225, 10.2048 ], [ -1.0176, 10.2141 ], [ -1.0113, 10.2111 ], [ -1.0109, 10.202 ], [ -1.0042, 10.1988 ], [ -1.0094, 10.1929 ], [ -1.0294, 10.1838 ], [ -1.0464, 10.1861 ], [ -1.0521, 10.1768 ], [ -1.0519, 10.1667 ], [ -1.0579, 10.1576 ], [ -1.0722, 10.1734 ], [ -1.0945, 10.1845 ], [ -1.1107, 10.1871 ], [ -1.1235, 10.1507 ], [ -1.1313, 10.1412 ], [ -1.1221, 10.1302 ], [ -1.1262, 10.1154 ], [ -1.1307, 10.1127 ], [ -1.1399, 10.1193 ], [ -1.2102, 10.0884 ], [ -1.228, 10.0631 ], [ -1.2406, 10.0371 ], [ -1.2361, 10.0314 ], [ -1.2368, 10.0274 ], [ -1.2404, 10.0261 ], [ -1.2562, 10.0355 ], [ -1.2649, 10.0315 ], [ -1.2763, 10.0316 ], [ -1.2795, 10.038 ], [ -1.2877, 10.0355 ], [ -1.3063, 10.0544 ], [ -1.3101, 10.066 ], [ -1.3141, 10.064 ], [ -1.3225, 10.0659 ], [ -1.355, 10.0797 ], [ -1.3683, 10.089 ], [ -1.3696, 10.0946 ], [ -1.3832, 10.0901 ], [ -1.4059, 10.0941 ], [ -1.4119, 10.0891 ], [ -1.4368, 10.1034 ], [ -1.4439, 10.1013 ], [ -1.4674, 10.1036 ], [ -1.4961, 10.0908 ], [ -1.5053, 10.0833 ], [ -1.5174, 10.0866 ], [ -1.5252, 10.083 ], [ -1.5327, 10.0737 ], [ -1.5463, 10.0705 ], [ -1.5513, 10.0928 ], [ -1.5574, 10.0978 ], [ -1.5586, 10.0914 ], [ -1.5794, 10.0894 ], [ -1.582, 10.0811 ], [ -1.5877, 10.0779 ] ] ] } },
{ "type": "Feature", "properties": { "shapeName": "Zabzugu", "shapeID": "2480657B72410528378772" }, "geometry": { "type": "Polygon", "coordinates": [ [ [ 0.241, 8.9982 ], [ 0.2515, 9.0197 ], [ 0.2574, 9.0237 ], [ 0.2764, 9.0186 ], [ 0.2837, 9.0102 ], [ 0.2893, 9.0113 ], [ 0.2968, 9.0191 ], [ 0.3033, 9.0374 ], [ 0.296, 9.0468 ], [ 0.2847, 9.0504 ], [ 0.2687, 9.0485 ], [ 0.249, 9.0407 ], [ 0.231, 9.0435 ], [ 0.2042, 9.0385 ], [ 0.1961, 9.0453 ], [ 0.1895, 9.0618 ], [ 0.1906, 9.0713 ], [ 0.195, 9.0768 ], [ 0.2261, 9.0723 ], [ 0.2457, 9.0635 ], [ 0.2539, 9.0719 ], [ 0.254, 9.0804 ], [ 0.2095, 9.1242 ], [ 0.1797, 9.139 ], [ 0.1685, 9.1575 ], [ 0.1716, 9.1876 ], [ 0.1921, 9.1978 ], [ 0.2197, 9.2297 ], [ 0.2126, 9.2384 ], [ 0.1907, 9.2343 ], [ 0.1807, 9.242 ], [ 0.1789, 9.2711 ], [ 0.186, 9.3048 ], [ 0.2345, 9.3022 ], [ 0.2448, 9.2979 ], [ 0.2488, 9.2888 ], [ 0.2563, 9.2889 ], [ 0.2597, 9.3174 ], [ 0.2512, 9.3215 ], [ 0.2465, 9.3417 ], [ 0.2536, 9.3401 ], [ 0.2771, 9.3611 ], [ 0.292, 9.3557 ], [ 0.3016, 9.3595 ], [ 0.3068, 9.3551 ], [ 0.311, 9.3556 ], [ 0.3493, 9.3749 ], [ 0.3617, 9.3722 ], [ 0.368, 9.3744 ], [ 0.3634, 9.336 ], [ 0.3709, 9.3347 ], [ 0.3791, 9.3281 ], [ 0.402, 9.3299 ], [ 0.4247, 9.3502 ], [ 0.4331, 9.3528 ], [ 0.4378, 9.348 ], [ 0.4473, 9.349 ], [ 0.4513, 9.3444 ], [ 0.4642, 9.34 ], [ 0.4669, 9.3378 ], [ 0.4708, 9.3119 ], [ 0.4603, 9.2962 ], [ 0.4279, 9.271 ], [ 0.4084, 9.2466 ], [ 0.4086, 9.2178 ], [ 0.4024, 9.1976 ], [ 0.4031, 9.1848 ], [ 0.3992, 9.1844 ], [ 0.3979, 9.1809 ], [ 0.4043, 9.172 ], [ 0.4171, 9.1641 ], [ 0.4172, 9.1561 ], [ 0.423, 9.148 ], [ 0.4278, 9.147 ], [ 0.4439, 9.131 ], [ 0.4267, 9.1234 ], [ 0.3907, 9.1262 ], [ 0.379, 9.124 ], [ 0.3719, 9.1144 ], [ 0.3808, 9.1069 ], [ 0.3782, 9.1048 ], [ 0.3805, 9.1041 ], [ 0.3693, 9.1011 ], [ 0.3664, 9.0386 ], [ 0.3629, 9.0279 ], [ 0.3775, 9.025 ], [ 0.3921, 9.0334 ], [ 0.3983, 9.028 ], [ 0.3994, 9.0156 ], [ 0.3953, 9.003 ], [ 0.3985, 8.992 ], [ 0.4094, 8.9871 ], [ 0.4255, 8.9865 ], [ 0.4322, 8.9804 ], [ 0.4489, 8.9737 ], [ 0.4413, 8.9614 ], [ 0.434, 8.9354 ], [ 0.4263, 8.9286 ], [ 0.4272, 8.9179 ], [ 0.4134, 8.9084 ], [ 0.4073, 8.8951 ], [ 0.4022, 8.8923 ], [ 0.3964, 8.8673 ], [ 0.4006, 8.8564 ], [ 0.3995, 8.8491 ], [ 0.4029, 8.8456 ], [ 0.3986, 8.8388 ], [ 0.401, 8.8222 ], [ 0.3916, 8.8137 ], [ 0.3908, 8.8071 ], [ 0.3817, 8.8085 ], [ 0.3728, 8.8282 ], [ 0.3677, 8.8295 ], [ 0.3475, 8.8502 ], [ 0.3298, 8.8587 ], [ 0.3232, 8.8662 ], [ 0.321, 8.8622 ], [ 0.3251, 8.8388 ], [ 0.3238, 8.831 ], [ 0.3203, 8.828 ], [ 0.3139, 8.8267 ], [ 0.2872, 8.8461 ], [ 0.2861, 8.8571 ], [ 0.2782, 8.869 ], [ 0.2788, 8.8747 ], [ 0.2736, 8.8781 ], [ 0.2737, 8.9004 ], [ 0.2678, 8.9223 ], [ 0.291, 8.9595 ], [ 0.3118, 8.9763 ], [ 0.3119, 8.9839 ], [ 0.3172, 8.9875 ], [ 0.3055, 8.9961 ], [ 0.2819, 9.0063 ], [ 0.2744, 9.007 ], [ 0.2561, 8.9986 ], [ 0.241, 8.9982 ] ] ] } },
{ "type": "Feature", "properties": { "shapeName": "Tatale Sanguli", "shapeID": "2480657B76540044095481" }, "geometry": { "type": "Polygon", "coordinates": [ [ [ 0.2316, 9.4355 ], [ 0.2469, 9.4383 ], [ 0.259, 9.4342 ], [ 0.2612, 9.4285 ], [ 0.2699, 9.4316 ], [ 0.269, 9.4284 ], [ 0.2759, 9.4274 ], [ 0.2769, 9.4306 ], [ 0.2847, 9.4298 ], [ 0.2866, 9.4326 ], [ 0.2874, 9.4305 ], [ 0.289, 9.4345 ], [ 0.3048, 9.4384 ], [ 0.3045, 9.4413 ], [ 0.3127, 9.4463 ], [ 0.3315, 9.4483 ], [ 0.3338, 9.4525 ], [ 0.3376, 9.4519 ], [ 0.347, 9.474 ], [ 0.3481, 9.4815 ], [ 0.3437, 9.4883 ], [ 0.3505, 9.4904 ], [ 0.3596, 9.4992 ], [ 0.3895, 9.4916 ], [ 0.4018, 9.4954 ], [ 0.4077, 9.4941 ], [ 0.4156, 9.5025 ], [ 0.43, 9.498 ], [ 0.446, 9.5015 ], [ 0.4568, 9.498 ], [ 0.4635, 9.4902 ], [ 0.4744, 9.4904 ], [ 0.4818, 9.4852 ], [ 0.4891, 9.4868 ], [ 0.5031, 9.4753 ], [ 0.5007, 9.4721 ], [ 0.5057, 9.4675 ], [ 0.504, 9.458 ], [ 0.4951, 9.4519 ], [ 0.5006, 9.4374 ], [ 0.5038, 9.44 ], [ 0.5087, 9.4361 ], [ 0.5196, 9.4397 ], [ 0.5245, 9.4316 ], [ 0.5322, 9.4311 ], [ 0.5333, 9.4281 ], [ 0.5361, 9.4292 ], [ 0.5385, 9.4254 ], [ 0.5488, 9.422 ], [ 0.5533, 9.4238 ], [ 0.5575, 9.4104 ], [ 0.5666, 9.4056 ], [ 0.5631, 9.3545 ], [ 0.5528, 9.3457 ], [ 0.5577, 9.3307 ], [ 0.563, 9.3245 ], [ 0.5598, 9.3057 ], [ 0.5397, 9.3063 ], [ 0.5374, 9.3018 ], [ 0.5406, 9.3012 ], [ 0.5159, 9.2728 ], [ 0.508, 9.2546 ], [ 0.5189, 9.2293 ], [ 0.5391, 9.2135 ], [ 0.5219, 9.1934 ], [ 0.5145, 9.1688 ], [ 0.5047, 9.1604 ], [ 0.503, 9.1539 ], [ 0.4959, 9.1561 ], [ 0.4769, 9.1443 ], [ 0.4811, 9.1408 ], [ 0.4853, 9.1233 ], [ 0.4834, 9.1179 ], [ 0.4873, 9.1113 ], [ 0.4859, 9.0987 ], [ 0.4785, 9.0992 ], [ 0.4594, 9.0724 ], [ 0.4643, 9.072 ], [ 0.4626, 9.0553 ], [ 0.4563, 9.0551 ], [ 0.4555, 9.0356 ], [ 0.4631, 9.0341 ], [ 0.4651, 9.023 ], [ 0.4704, 9.0192 ], [ 0.4698, 9.0076 ], [ 0.4942, 8.9573 ], [ 0.5074, 8.9494 ], [ 0.5147, 8.9354 ], [ 0.5142, 8.926 ], [ 0.5089, 8.9179 ], [ 0.5127, 8.9141 ], [ 0.5123, 8.9026 ], [ 0.5153, 8.9015 ], [ 0.5276, 8.8778 ], [ 0.5202, 8.8723 ], [ 0.5172, 8.8642 ], [ 0.5215, 8.8589 ], [ 0.5197, 8.8532 ], [ 0.5089, 8.8555 ], [ 0.5073, 8.8474 ], [ 0.4962, 8.8401 ], [ 0.5015, 8.8291 ], [ 0.4969, 8.8276 ], [ 0.4954, 8.8205 ], [ 0.5003, 8.8148 ], [ 0.492, 8.8015 ], [ 0.4811, 8.7982 ], [ 0.4724, 8.7997 ], [ 0.4694, 8.7921 ], [ 0.4634, 8.801 ], [ 0.4592, 8.8021 ], [ 0.4593, 8.8099 ], [ 0.4503, 8.8112 ], [ 0.446, 8.8094 ], [ 0.4423, 8.8014 ], [ 0.4311, 8.7983 ], [ 0.4301, 8.7913 ], [ 0.4375, 8.7945 ], [ 0.4412, 8.7883 ], [ 0.4385, 8.7842 ], [ 0.4341, 8.7849 ], [ 0.4275, 8.7802 ], [ 0.4237, 8.781 ], [ 0.4242, 8.7893 ], [ 0.4212, 8.7913 ], [ 0.4029, 8.7938 ], [ 0.3978, 8.7902 ], [ 0.3939, 8.7932 ], [ 0.396, 8.7959 ], [ 0.3918, 8.7955 ], [ 0.389, 8.791 ], [ 0.3818, 8.7934 ], [ 0.3843, 8.8012 ], [ 0.3932, 8.8108 ], [ 0.3916, 8.8137 ], [ 0.401, 8.8222 ], [ 0.3986, 8.8388 ], [ 0.4029, 8.8456 ], [ 0.3995, 8.8491 ], [ 0.4006, 8.8564 ], [ 0.3964, 8.8673 ], [ 0.4022, 8.8923 ], [ 0.4073, 8.8951 ], [ 0.4134, 8.9084 ], [ 0.4272, 8.9179 ], [ 0.4263, 8.9286 ], [ 0.434, 8.9354 ], [ 0.4413, 8.9614 ], [ 0.4489, 8.9737 ], [ 0.4322, 8.9804 ], [ 0.4255, 8.9865 ], [ 0.4094, 8.9871 ], [ 0.3985, 8.992 ], [ 0.3953, 9.003 ], [ 0.3994, 9.0156 ], [ 0.3983, 9.028 ], [ 0.3921, 9.0334 ], [ 0.3775, 9.025 ], [ 0.3657, 9.0257 ], [ 0.3623, 9.032 ], [ 0.3664, 9.0386 ], [ 0.3693, 9.1011 ], [ 0.3813, 9.1059 ], [ 0.3719, 9.1141 ], [ 0.3751, 9.1214 ], [ 0.3907, 9.1262 ], [ 0.427, 9.1235 ], [ 0.4439, 9.131 ], [ 0.4278, 9.147 ], [ 0.423, 9.148 ], [ 0.4172, 9.1561 ], [ 0.4171, 9.1641 ], [ 0.4043, 9.172 ], [ 0.3979, 9.1809 ], [ 0.3992, 9.1844 ], [ 0.4031, 9.1848 ], [ 0.4024, 9.1976 ], [ 0.4086, 9.2178 ], [ 0.4067, 9.243 ], [ 0.4279, 9.271 ], [ 0.4603, 9.2962 ], [ 0.4681, 9.3071 ], [ 0.4713, 9.3154 ], [ 0.4669, 9.3378 ], [ 0.4558, 9.3448 ], [ 0.4513, 9.3444 ], [ 0.4473, 9.349 ], [ 0.4378, 9.348 ], [ 0.4331, 9.3528 ], [ 0.4247, 9.3502 ], [ 0.402, 9.3299 ], [ 0.3791, 9.3281 ], [ 0.3709, 9.3347 ], [ 0.3634, 9.336 ], [ 0.368, 9.3744 ], [ 0.3617, 9.3722 ], [ 0.3493, 9.3749 ], [ 0.311, 9.3556 ], [ 0.3068, 9.3551 ], [ 0.3016, 9.3595 ], [ 0.292, 9.3557 ], [ 0.2771, 9.3611 ], [ 0.2596, 9.3439 ], [ 0.2529, 9.34 ], [ 0.247, 9.342 ], [ 0.2454, 9.3387 ], [ 0.2362, 9.3455 ], [ 0.2412, 9.3525 ], [ 0.2382, 9.3598 ], [ 0.2284, 9.3656 ], [ 0.2121, 9.3692 ], [ 0.2082, 9.3819 ], [ 0.2179, 9.4074 ], [ 0.217, 9.4217 ], [ 0.2226, 9.4298 ], [ 0.2316, 9.4355 ] ] ] } },
{ "type": "Feature", "properties": { "shapeName": "Sene East", "shapeID": "2480657B21050367867823" }, "geometry": { "type": "Polygon", "coordinates": [ [ [ -0.0152, 7.684 ], [ -0.0168, 7.6483 ], [ -0.0143, 7.6261 ], [ 0.0094, 7.5784 ], [ 0.043, 7.539 ], [ 0.0771, 7.4821 ], [ 0.0832, 7.4484 ], [ 0.091, 7.4293 ], [ 0.1241, 7.4064 ], [ 0.1365, 7.4023 ], [ 0.1505, 7.3909 ], [ 0.1727, 7.3805 ], [ 0.1789, 7.381 ], [ 0.1986, 7.368 ], [ 0.2084, 7.3509 ], [ 0.215, 7.31 ], [ 0.204, 7.2754 ], [ 0.192, 7.219 ], [ 0.1826, 7.1932 ], [ 0.1823, 7.1796 ], [ 0.1232, 7.1838 ], [ 0.0979, 7.1777 ], [ 0.0811, 7.1817 ], [ 0.0674, 7.1736 ], [ 0.0505, 7.172 ], [ 0.0409, 7.1809 ], [ 0.0291, 7.1854 ], [ 0.0213, 7.183 ], [ 0.0111, 7.1862 ], [ 0.0044, 7.194 ], [ -0.0042, 7.191 ], [ -0.0141, 7.1932 ], [ -0.0275, 7.1913 ], [ -0.0527, 7.1964 ], [ -0.0615, 7.1881 ], [ -0.0849, 7.1792 ], [ -0.0977, 7.1849 ], [ -0.1071, 7.1951 ], [ -0.1275, 7.1935 ], [ -0.1423, 7.1954 ], [ -0.1486, 7.1999 ], [ -0.1576, 7.1942 ], [ -0.1646, 7.2001 ], [ -0.18, 7.1978 ], [ -0.1812, 7.2038 ], [ -0.1838, 7.201 ], [ -0.2006, 7.2033 ], [ -0.2155, 7.1996 ], [ -0.2172, 7.211 ], [ -0.2208, 7.2128 ], [ -0.2387, 7.2023 ], [ -0.2437, 7.2119 ], [ -0.2425, 7.222 ], [ -0.2509, 7.2231 ], [ -0.2566, 7.2283 ], [ -0.2545, 7.2328 ], [ -0.2603, 7.2489 ], [ -0.2618, 7.2668 ], [ -0.2724, 7.2681 ], [ -0.275, 7.2745 ], [ -0.2881, 7.2805 ], [ -0.2888, 7.2843 ], [ -0.2977, 7.283 ], [ -0.3022, 7.2777 ], [ -0.3081, 7.2791 ], [ -0.311, 7.2857 ], [ -0.3244, 7.281 ], [ -0.3254, 7.2851 ], [ -0.3315, 7.2873 ], [ -0.3299, 7.2909 ], [ -0.3468, 7.293 ], [ -0.3542, 7.2976 ], [ -0.3568, 7.3015 ], [ -0.355, 7.3087 ], [ -0.3648, 7.3121 ], [ -0.378, 7.3091 ], [ -0.3872, 7.3179 ], [ -0.3884, 7.3281 ], [ -0.3934, 7.333 ], [ -0.3934, 7.3411 ], [ -0.4067, 7.3551 ], [ -0.4063, 7.3632 ], [ -0.4277, 7.4054 ], [ -0.4254, 7.4177 ], [ -0.4294, 7.4214 ], [ -0.4262, 7.4244 ], [ -0.4273, 7.4343 ], [ -0.4206, 7.4522 ], [ -0.4148, 7.4579 ], [ -0.41, 7.47 ], [ -0.3892, 7.4859 ], [ -0.3868, 7.4915 ], [ -0.3661, 7.4989 ], [ -0.3583, 7.4986 ], [ -0.3503, 7.5048 ], [ -0.3429, 7.5048 ], [ -0.3062, 7.5287 ], [ -0.3376, 7.529 ], [ -0.342, 7.5429 ], [ -0.3443, 7.5583 ], [ -0.3325, 7.5883 ], [ -0.3291, 7.6202 ], [ -0.3324, 7.648 ], [ -0.393, 7.6482 ], [ -0.3944, 7.6595 ], [ -0.4065, 7.6748 ], [ -0.4028, 7.6843 ], [ -0.412, 7.691 ], [ -0.4232, 7.7105 ], [ -0.4214, 7.7279 ], [ -0.4354, 7.7387 ], [ -0.435, 7.7436 ], [ -0.4275, 7.7482 ], [ -0.426, 7.7554 ], [ -0.4118, 7.7732 ], [ -0.4108, 7.7801 ], [ -0.4127, 7.7868 ], [ -0.4397, 7.7872 ], [ -0.445, 7.7914 ], [ -0.4379, 7.8052 ], [ -0.442, 7.816 ], [ -0.4345, 7.8259 ], [ -0.4369, 7.8489 ], [ -0.4334, 7.8634 ], [ -0.4456, 7.885 ], [ -0.4397, 7.8991 ], [ -0.441, 7.9057 ], [ -0.4484, 7.9078 ], [ -0.4518, 7.9196 ], [ -0.4453, 7.9368 ], [ -0.4451, 7.9555 ], [ -0.4513, 7.9628 ], [ -0.4364, 7.9751 ], [ -0.4337, 7.9862 ], [ -0.4273, 7.9895 ], [ -0.4204, 7.9889 ], [ -0.4601, 8.0711 ], [ -0.4585, 8.0753 ], [ -0.4616, 8.0831 ], [ -0.4472, 8.1585 ], [ -0.419, 8.1528 ], [ -0.3847, 8.1528 ], [ -0.3193, 8.1304 ], [ -0.2949, 8.1173 ], [ -0.2488, 8.077 ], [ -0.2406, 8.0496 ], [ -0.2147, 8.0309 ], [ -0.1732, 8.0246 ], [ -0.1529, 8.0313 ], [ -0.1415, 8.0179 ], [ -0.1442, 8.0055 ], [ -0.1702, 7.9698 ], [ -0.1738, 7.9574 ], [ -0.1411, 7.9584 ], [ -0.1349, 7.9485 ], [ -0.1365, 7.9397 ], [ -0.1417, 7.9351 ], [ -0.1454, 7.903 ], [ -0.1362, 7.8249 ], [ -0.1264, 7.7882 ], [ -0.111, 7.7602 ], [ -0.1001, 7.7504 ], [ -0.0773, 7.7472 ], [ -0.0145, 7.7569 ], [ 0.0041, 7.7424 ], [ 0.0025, 7.7176 ], [ -0.0152, 7.684 ] ] ] } },
{ "type": "Feature", "properties": { "shapeName": "Bibiani-anhwiaso-bekwai Municipal", "shapeID": "2480657B81329004729189" }, "geometry": { "type": "Polygon", "coordinates": [ [ [ -2.2146, 6.1418 ], [ -2.2252, 6.1452 ], [ -2.23, 6.1502 ], [ -2.2419, 6.1408 ], [ -2.2557, 6.136 ], [ -2.2569, 6.1199 ], [ -2.2712, 6.1223 ], [ -2.2835, 6.1022 ], [ -2.2918, 6.1034 ], [ -2.3034, 6.0965 ], [ -2.3188, 6.0963 ], [ -2.3242, 6.1011 ], [ -2.354, 6.1055 ], [ -2.3621, 6.1005 ], [ -2.3566, 6.1115 ], [ -2.3499, 6.1147 ], [ -2.3417, 6.1265 ], [ -2.3419, 6.1371 ], [ -2.3453, 6.1402 ], [ -2.3384, 6.1546 ], [ -2.3369, 6.1671 ], [ -2.3436, 6.1703 ], [ -2.345, 6.1765 ], [ -2.3526, 6.1828 ], [ -2.3521, 6.1863 ], [ -2.3626, 6.1932 ], [ -2.3746, 6.1953 ], [ -2.3759, 6.2012 ], [ -2.3732, 6.2069 ], [ -2.3834, 6.2125 ], [ -2.3821, 6.2194 ], [ -2.3848, 6.2251 ], [ -2.3823, 6.2281 ], [ -2.3705, 6.2252 ], [ -2.3609, 6.2444 ], [ -2.3504, 6.2453 ], [ -2.3478, 6.2551 ], [ -2.3539, 6.2654 ], [ -2.3652, 6.2726 ], [ -2.3682, 6.2832 ], [ -2.3822, 6.2869 ], [ -2.3881, 6.2931 ], [ -2.3906, 6.3015 ], [ -2.4025, 6.3095 ], [ -2.3996, 6.3417 ], [ -2.3898, 6.3343 ], [ -2.3899, 6.3465 ], [ -2.3849, 6.3504 ], [ -2.381, 6.3468 ], [ -2.3782, 6.3493 ], [ -2.3783, 6.3544 ], [ -2.3684, 6.3669 ], [ -2.3619, 6.3848 ], [ -2.3511, 6.3951 ], [ -2.344, 6.4337 ], [ -2.3498, 6.4346 ], [ -2.3478, 6.4376 ], [ -2.3508, 6.4472 ], [ -2.3552, 6.4475 ], [ -2.349, 6.4554 ], [ -2.3513, 6.4655 ], [ -2.3575, 6.47 ], [ -2.36, 6.4772 ], [ -2.3522, 6.4841 ], [ -2.3436, 6.4824 ], [ -2.3374, 6.4933 ], [ -2.3131, 6.4882 ], [ -2.3101, 6.4898 ], [ -2.3041, 6.4835 ], [ -2.2936, 6.4916 ], [ -2.279, 6.487 ], [ -2.2629, 6.4912 ], [ -2.2399, 6.4722 ], [ -2.2398, 6.4659 ], [ -2.2301, 6.4501 ], [ -2.2321, 6.4388 ], [ -2.2284, 6.4342 ], [ -2.2317, 6.4207 ], [ -2.2254, 6.4162 ], [ -2.2277, 6.4084 ], [ -2.2169, 6.3744 ], [ -2.2166, 6.3447 ], [ -2.2224, 6.3398 ], [ -2.2271, 6.32 ], [ -2.2065, 6.3423 ], [ -2.2001, 6.3545 ], [ -2.1727, 6.3649 ], [ -2.1526, 6.3544 ], [ -2.1491, 6.3485 ], [ -2.1365, 6.348 ], [ -2.1246, 6.3368 ], [ -2.1212, 6.3291 ], [ -2.1276, 6.3188 ], [ -2.1241, 6.3136 ], [ -2.1241, 6.3012 ], [ -2.1195, 6.3077 ], [ -2.0994, 6.3093 ], [ -2.0743, 6.2945 ], [ -2.0759, 6.2905 ], [ -2.0796, 6.2905 ], [ -2.0772, 6.2866 ], [ -2.0803, 6.2751 ], [ -2.0904, 6.2535 ], [ -2.0977, 6.2466 ], [ -2.0986, 6.2399 ], [ -2.1066, 6.246 ], [ -2.1265, 6.2502 ], [ -2.1314, 6.2589 ], [ -2.1755, 6.2143 ], [ -2.2059, 6.198 ], [ -2.189, 6.1472 ], [ -2.2146, 6.1418 ] ] ] } },
{ "type": "Feature", "properties": { "shapeName": "Sene West", "shapeID": "2480657B37380438315906" }, "geometry": { "type": "Polygon", "coordinates": [ [ [ -0.4472, 8.1585 ], [ -0.4616, 8.0831 ], [ -0.4585, 8.0753 ], [ -0.4601, 8.0711 ], [ -0.4204, 7.9889 ], [ -0.4273, 7.9895 ], [ -0.4337, 7.9862 ], [ -0.4364, 7.9751 ], [ -0.4513, 7.9628 ], [ -0.4451, 7.9555 ], [ -0.4453, 7.9368 ], [ -0.4518, 7.9196 ], [ -0.4484, 7.9078 ], [ -0.441, 7.9057 ], [ -0.4397, 7.8991 ], [ -0.4456, 7.885 ], [ -0.4334, 7.8634 ], [ -0.4369, 7.8489 ], [ -0.4345, 7.8259 ], [ -0.442, 7.816 ], [ -0.4379, 7.8052 ], [ -0.445, 7.7914 ], [ -0.4397, 7.7872 ], [ -0.4127, 7.7868 ], [ -0.4108, 7.7801 ], [ -0.4118, 7.7732 ], [ -0.426, 7.7554 ], [ -0.4275, 7.7482 ], [ -0.435, 7.7436 ], [ -0.4354, 7.7387 ], [ -0.4214, 7.7279 ], [ -0.4232, 7.7105 ], [ -0.412, 7.691 ], [ -0.4028, 7.6843 ], [ -0.4065, 7.6748 ], [ -0.3944, 7.6595 ], [ -0.393, 7.6482 ], [ -0.3324, 7.648 ], [ -0.3291, 7.6202 ], [ -0.3325, 7.5883 ], [ -0.3443, 7.5583 ], [ -0.342, 7.5429 ], [ -0.3376, 7.529 ], [ -0.3062, 7.5287 ], [ -0.3429, 7.5048 ], [ -0.3503, 7.5048 ], [ -0.3583, 7.4986 ], [ -0.3661, 7.4989 ], [ -0.3868, 7.4915 ], [ -0.3892, 7.4859 ], [ -0.41, 7.47 ], [ -0.4273, 7.4343 ], [ -0.4262, 7.4244 ], [ -0.4294, 7.4214 ], [ -0.4252, 7.4142 ], [ -0.4277, 7.4054 ], [ -0.4063, 7.3632 ], [ -0.4067, 7.3551 ], [ -0.3934, 7.3411 ], [ -0.3934, 7.333 ], [ -0.3884, 7.3281 ], [ -0.3898, 7.3233 ], [ -0.3819, 7.3128 ], [ -0.3856, 7.3117 ], [ -0.4011, 7.3131 ], [ -0.4085, 7.3182 ], [ -0.4244, 7.3215 ], [ -0.4268, 7.3268 ], [ -0.4311, 7.3232 ], [ -0.4485, 7.3329 ], [ -0.4539, 7.3315 ], [ -0.4566, 7.3342 ], [ -0.4607, 7.3311 ], [ -0.4735, 7.3388 ], [ -0.4777, 7.3354 ], [ -0.4794, 7.3382 ], [ -0.4838, 7.3372 ], [ -0.4927, 7.3439 ], [ -0.4971, 7.3393 ], [ -0.4992, 7.3435 ], [ -0.5053, 7.341 ], [ -0.5339, 7.3478 ], [ -0.5409, 7.3545 ], [ -0.5518, 7.3548 ], [ -0.556, 7.3519 ], [ -0.5743, 7.3533 ], [ -0.593, 7.3474 ], [ -0.5987, 7.3486 ], [ -0.6006, 7.356 ], [ -0.6082, 7.3618 ], [ -0.619, 7.3824 ], [ -0.6248, 7.3835 ], [ -0.639, 7.4023 ], [ -0.638, 7.4098 ], [ -0.6417, 7.4204 ], [ -0.6542, 7.4307 ], [ -0.6514, 7.456 ], [ -0.6478, 7.4616 ], [ -0.652, 7.4667 ], [ -0.6479, 7.477 ], [ -0.6504, 7.4809 ], [ -0.6481, 7.4899 ], [ -0.6515, 7.4956 ], [ -0.65, 7.502 ], [ -0.6564, 7.5052 ], [ -0.671, 7.5227 ], [ -0.6757, 7.523 ], [ -0.6769, 7.529 ], [ -0.6836, 7.5249 ], [ -0.6891, 7.5339 ], [ -0.6891, 7.5414 ], [ -0.697, 7.5311 ], [ -0.7127, 7.5265 ], [ -0.7209, 7.5198 ], [ -0.7265, 7.5233 ], [ -0.7321, 7.5224 ], [ -0.7391, 7.5205 ], [ -0.7477, 7.5093 ], [ -0.7672, 7.5085 ], [ -0.7735, 7.5038 ], [ -0.7768, 7.506 ], [ -0.7757, 7.512 ], [ -0.7674, 7.5144 ], [ -0.7689, 7.5193 ], [ -0.7622, 7.522 ], [ -0.7622, 7.5271 ], [ -0.7712, 7.5426 ], [ -0.7759, 7.5444 ], [ -0.7731, 7.5571 ], [ -0.7871, 7.5707 ], [ -0.7789, 7.602 ], [ -0.8017, 7.6327 ], [ -0.7955, 7.6488 ], [ -0.7955, 7.6697 ], [ -0.8027, 7.6787 ], [ -0.8022, 7.7157 ], [ -0.8108, 7.7261 ], [ -0.8084, 7.7693 ], [ -0.8167, 7.7846 ], [ -0.8127, 7.7965 ], [ -0.8245, 7.815 ], [ -0.8263, 7.844 ], [ -0.8366, 7.8605 ], [ -0.8401, 7.8728 ], [ -0.8379, 7.9026 ], [ -0.8185, 7.9297 ], [ -0.8218, 7.9601 ], [ -0.8186, 7.9688 ], [ -0.8149, 7.9691 ], [ -0.7978, 7.9547 ], [ -0.7691, 7.9471 ], [ -0.7665, 7.9726 ], [ -0.7552, 7.9865 ], [ -0.7479, 8.0102 ], [ -0.7336, 8.0265 ], [ -0.7329, 8.0345 ], [ -0.7262, 8.0463 ], [ -0.7032, 8.059 ], [ -0.6779, 8.0665 ], [ -0.6754, 8.0653 ], [ -0.6791, 8.0583 ], [ -0.6704, 8.0514 ], [ -0.665, 8.0627 ], [ -0.6569, 8.0656 ], [ -0.6446, 8.0775 ], [ -0.6442, 8.0828 ], [ -0.6359, 8.0824 ], [ -0.6317, 8.0896 ], [ -0.6184, 8.0975 ], [ -0.6174, 8.1101 ], [ -0.6125, 8.1109 ], [ -0.6022, 8.1057 ], [ -0.5909, 8.1092 ], [ -0.5878, 8.1068 ], [ -0.5627, 8.1153 ], [ -0.5545, 8.1256 ], [ -0.571, 8.1463 ], [ -0.5658, 8.1577 ], [ -0.5425, 8.1876 ], [ -0.503, 8.1809 ], [ -0.4874, 8.1721 ], [ -0.4472, 8.1585 ] ] ] } },
{ "type": "Feature", "properties": { "shapeName": "Upper Denkyira East Municipal", "shapeID": "2480657B45731574572143" }, "geometry": { "type": "Polygon", "coordinates": [ [ [ -1.5971, 5.8454 ], [ -1.6148, 5.857 ], [ -1.6366, 5.8547 ], [ -1.6411, 5.8493 ], [ -1.6435, 5.8523 ], [ -1.651, 5.8489 ], [ -1.6537, 5.8439 ], [ -1.6406, 5.8202 ], [ -1.6421, 5.8141 ], [ -1.651, 5.818 ], [ -1.6663, 5.8164 ], [ -1.6805, 5.8223 ], [ -1.6854, 5.8221 ], [ -1.6908, 5.8165 ], [ -1.7102, 5.8157 ], [ -1.7127, 5.8096 ], [ -1.71, 5.8038 ], [ -1.7272, 5.7772 ], [ -1.7351, 5.7728 ], [ -1.7709, 5.7216 ], [ -1.7602, 5.6992 ], [ -1.7691, 5.6857 ], [ -1.7808, 5.6875 ], [ -1.7829, 5.6812 ], [ -1.8082, 5.6809 ], [ -1.7918, 5.6956 ], [ -1.791, 5.7098 ], [ -1.785, 5.7204 ], [ -1.7845, 5.7297 ], [ -1.7907, 5.7322 ], [ -1.8166, 5.7248 ], [ -1.8136, 5.7367 ], [ -1.8102, 5.7364 ], [ -1.8071, 5.7431 ], [ -1.8038, 5.7417 ], [ -1.8006, 5.7446 ], [ -1.801, 5.7509 ], [ -1.8111, 5.7595 ], [ -1.8507, 5.7676 ], [ -1.84, 5.7818 ], [ -1.8288, 5.7865 ], [ -1.8298, 5.792 ], [ -1.8341, 5.794 ], [ -1.8365, 5.7907 ], [ -1.8373, 5.7966 ], [ -1.8447, 5.805 ], [ -1.8407, 5.8045 ], [ -1.8401, 5.8108 ], [ -1.8319, 5.8208 ], [ -1.8327, 5.8274 ], [ -1.8239, 5.845 ], [ -1.8228, 5.8538 ], [ -1.8137, 5.8678 ], [ -1.8149, 5.8892 ], [ -1.8253, 5.8992 ], [ -1.8307, 5.9001 ], [ -1.8306, 5.896 ], [ -1.8367, 5.8954 ], [ -1.8418, 5.9017 ], [ -1.8539, 5.8954 ], [ -1.8566, 5.8876 ], [ -1.8696, 5.8839 ], [ -1.8879, 5.8973 ], [ -1.8879, 5.9087 ], [ -1.8949, 5.9172 ], [ -1.8638, 5.9353 ], [ -1.8539, 5.9348 ], [ -1.8373, 5.9437 ], [ -1.8195, 5.9448 ], [ -1.7925, 5.9902 ], [ -1.7744, 5.9797 ], [ -1.7777, 5.9717 ], [ -1.7704, 5.9609 ], [ -1.7641, 5.9697 ], [ -1.7487, 5.9599 ], [ -1.7467, 5.963 ], [ -1.7496, 5.9689 ], [ -1.742, 5.966 ], [ -1.7392, 5.9705 ], [ -1.7334, 5.968 ], [ -1.7248, 5.9529 ], [ -1.7132, 5.9572 ], [ -1.7096, 5.9549 ], [ -1.7149, 5.9444 ], [ -1.7122, 5.9436 ], [ -1.714, 5.9386 ], [ -1.7072, 5.9293 ], [ -1.7038, 5.9277 ], [ -1.6927, 5.9434 ], [ -1.6901, 5.941 ], [ -1.6934, 5.9336 ], [ -1.6886, 5.9333 ], [ -1.6803, 5.9243 ], [ -1.6732, 5.9225 ], [ -1.676, 5.9201 ], [ -1.6725, 5.9153 ], [ -1.669, 5.9161 ], [ -1.6682, 5.921 ], [ -1.666, 5.9168 ], [ -1.6641, 5.9183 ], [ -1.6619, 5.9241 ], [ -1.6546, 5.9222 ], [ -1.6474, 5.9244 ], [ -1.6456, 5.9308 ], [ -1.6389, 5.9337 ], [ -1.6352, 5.9279 ], [ -1.6242, 5.9269 ], [ -1.6197, 5.932 ], [ -1.6195, 5.9264 ], [ -1.613, 5.9287 ], [ -1.6089, 5.925 ], [ -1.6007, 5.9293 ], [ -1.5957, 5.9239 ], [ -1.5899, 5.9277 ], [ -1.59, 5.9349 ], [ -1.582, 5.9274 ], [ -1.5842, 5.9225 ], [ -1.581, 5.9176 ], [ -1.5719, 5.9255 ], [ -1.5741, 5.9314 ], [ -1.5719, 5.9331 ], [ -1.5673, 5.931 ], [ -1.5678, 5.9258 ], [ -1.5607, 5.9265 ], [ -1.5586, 5.9238 ], [ -1.5626, 5.9169 ], [ -1.5759, 5.9031 ], [ -1.5756, 5.8943 ], [ -1.5806, 5.8838 ], [ -1.5916, 5.872 ], [ -1.5875, 5.8666 ], [ -1.5942, 5.8565 ], [ -1.5971, 5.8454 ] ] ] } },
{ "type": "Feature", "properties": { "shapeName": "Asutifi North", "shapeID": "2480657B98266466330064" }, "geometry": { "type": "Polygon", "coordinates": [ [ [ -2.4951, 7.2264 ], [ -2.49, 7.2167 ], [ -2.4935, 7.2169 ], [ -2.4937, 7.1334 ], [ -2.4792, 7.1314 ], [ -2.4703, 7.1364 ], [ -2.4604, 7.1341 ], [ -2.4476, 7.1406 ], [ -2.4005, 7.1118 ], [ -2.4385, 7.0888 ], [ -2.3725, 7.1021 ], [ -2.3643, 7.1064 ], [ -2.3663, 7.1151 ], [ -2.3501, 7.1291 ], [ -2.3368, 7.1223 ], [ -2.3265, 7.125 ], [ -2.3228, 7.1207 ], [ -2.3308, 7.1157 ], [ -2.3297, 7.1059 ], [ -2.3188, 7.1024 ], [ -2.3153, 7.104 ], [ -2.3089, 7.0992 ], [ -2.3042, 7.103 ], [ -2.2882, 7.0903 ], [ -2.2929, 7.0808 ], [ -2.2974, 7.081 ], [ -2.2997, 7.0763 ], [ -2.2981, 7.0661 ], [ -2.3006, 7.0524 ], [ -2.3032, 7.0497 ], [ -2.3166, 7.0497 ], [ -2.3132, 7.0411 ], [ -2.3186, 7.0367 ], [ -2.3158, 7.0312 ], [ -2.3227, 7.022 ], [ -2.3177, 7.0184 ], [ -2.3278, 7.0085 ], [ -2.3283, 6.969 ], [ -2.338, 6.97 ], [ -2.3526, 6.9649 ], [ -2.3671, 6.9577 ], [ -2.3775, 6.9444 ], [ -2.3942, 6.9345 ], [ -2.4199, 6.9239 ], [ -2.4339, 6.9228 ], [ -2.4444, 6.9321 ], [ -2.4583, 6.9319 ], [ -2.4765, 6.9444 ], [ -2.495, 6.9418 ], [ -2.5053, 6.9435 ], [ -2.5115, 6.9493 ], [ -2.5155, 6.9487 ], [ -2.519, 6.9407 ], [ -2.5355, 6.9642 ], [ -2.541, 6.9648 ], [ -2.5554, 6.9758 ], [ -2.5598, 6.975 ], [ -2.5824, 6.987 ], [ -2.605, 6.9917 ], [ -2.608, 6.996 ], [ -2.6231, 7.0005 ], [ -2.6241, 7.0129 ], [ -2.6313, 7.028 ], [ -2.6512, 7.0131 ], [ -2.6695, 7.0197 ], [ -2.6913, 7.0071 ], [ -2.7006, 7.0085 ], [ -2.7019, 7.0141 ], [ -2.7124, 7.0101 ], [ -2.7242, 7.01 ], [ -2.7343, 7.0168 ], [ -2.7425, 7.0157 ], [ -2.7498, 7.0189 ], [ -2.7602, 7.0259 ], [ -2.7707, 7.0217 ], [ -2.7697, 7.0269 ], [ -2.7615, 7.0352 ], [ -2.7639, 7.0395 ], [ -2.7613, 7.0582 ], [ -2.7552, 7.0758 ], [ -2.7406, 7.0857 ], [ -2.729, 7.0986 ], [ -2.7243, 7.0966 ], [ -2.7217, 7.1019 ], [ -2.7155, 7.1036 ], [ -2.7115, 7.0999 ], [ -2.6992, 7.1065 ], [ -2.6914, 7.1141 ], [ -2.6911, 7.1313 ], [ -2.6827, 7.1406 ], [ -2.6747, 7.1375 ], [ -2.6514, 7.1415 ], [ -2.6285, 7.1557 ], [ -2.6239, 7.1627 ], [ -2.6201, 7.1635 ], [ -2.6148, 7.1748 ], [ -2.6072, 7.1804 ], [ -2.5812, 7.1805 ], [ -2.5806, 7.2088 ], [ -2.5559, 7.2305 ], [ -2.5168, 7.2308 ], [ -2.5115, 7.2273 ], [ -2.4951, 7.2264 ] ] ] } },
{ "type": "Feature", "properties": { "shapeName": "Ahafo Ano North", "shapeID": "2480657B6504340506710" }, "geometry": { "type": "Polygon", "coordinates": [ [ [ -2.1353, 7.0282 ], [ -2.1377, 7.0204 ], [ -2.1336, 7.022 ], [ -2.121, 7.0021 ], [ -2.0973, 7.0072 ], [ -2.0922, 7.0209 ], [ -2.0813, 7.0276 ], [ -2.049, 6.9565 ], [ -2.0538, 6.9456 ], [ -2.0599, 6.9464 ], [ -2.0667, 6.9422 ], [ -2.0645, 6.9337 ], [ -2.0736, 6.9287 ], [ -2.0751, 6.9242 ], [ -2.0875, 6.9214 ], [ -2.1031, 6.933 ], [ -2.1264, 6.8986 ], [ -2.1295, 6.9019 ], [ -2.1326, 6.8997 ], [ -2.1327, 6.8943 ], [ -2.1397, 6.8869 ], [ -2.1345, 6.8858 ], [ -2.1283, 6.876 ], [ -2.1254, 6.8645 ], [ -2.127, 6.8537 ], [ -2.1204, 6.8455 ], [ -2.1239, 6.8385 ], [ -2.1386, 6.8326 ], [ -2.1444, 6.8354 ], [ -2.1492, 6.8312 ], [ -2.1784, 6.8275 ], [ -2.1819, 6.8236 ], [ -2.1827, 6.8144 ], [ -2.1888, 6.8126 ], [ -2.1848, 6.7979 ], [ -2.1791, 6.795 ], [ -2.179, 6.7919 ], [ -2.1884, 6.7875 ], [ -2.1969, 6.7921 ], [ -2.2108, 6.791 ], [ -2.2161, 6.7831 ], [ -2.2342, 6.7867 ], [ -2.2534, 6.7788 ], [ -2.2645, 6.7781 ], [ -2.258, 6.7907 ], [ -2.2661, 6.7987 ], [ -2.2872, 6.8001 ], [ -2.2927, 6.7963 ], [ -2.2972, 6.7972 ], [ -2.3053, 6.8116 ], [ -2.3197, 6.8012 ], [ -2.3346, 6.8039 ], [ -2.3451, 6.8159 ], [ -2.3363, 6.8219 ], [ -2.3337, 6.8307 ], [ -2.3446, 6.8393 ], [ -2.3453, 6.8441 ], [ -2.3513, 6.8399 ], [ -2.3565, 6.8442 ], [ -2.3649, 6.8432 ], [ -2.3716, 6.8375 ], [ -2.3759, 6.8391 ], [ -2.4009, 6.8192 ], [ -2.4178, 6.8234 ], [ -2.4133, 6.826 ], [ -2.417, 6.8259 ], [ -2.4134, 6.8364 ], [ -2.4073, 6.8362 ], [ -2.4086, 6.8416 ], [ -2.3983, 6.8392 ], [ -2.3999, 6.8481 ], [ -2.3966, 6.857 ], [ -2.3922, 6.8587 ], [ -2.3908, 6.8552 ], [ -2.3868, 6.8556 ], [ -2.3856, 6.8633 ], [ -2.3887, 6.8679 ], [ -2.3817, 6.8784 ], [ -2.3747, 6.8789 ], [ -2.3782, 6.883 ], [ -2.3765, 6.8858 ], [ -2.3692, 6.8868 ], [ -2.3608, 6.8956 ], [ -2.3504, 6.8985 ], [ -2.3511, 6.9008 ], [ -2.347, 6.903 ], [ -2.3485, 6.9088 ], [ -2.3391, 6.9087 ], [ -2.3351, 6.9137 ], [ -2.3378, 6.9187 ], [ -2.3323, 6.9208 ], [ -2.3315, 6.9288 ], [ -2.3269, 6.9288 ], [ -2.311, 6.9418 ], [ -2.2968, 6.9409 ], [ -2.2647, 6.9651 ], [ -2.2626, 6.9702 ], [ -2.247, 6.9832 ], [ -2.2472, 6.991 ], [ -2.2414, 6.9972 ], [ -2.2294, 7.0073 ], [ -2.2161, 7.0118 ], [ -2.2143, 7.0197 ], [ -2.2079, 7.0245 ], [ -2.1934, 7.0282 ], [ -2.1853, 7.0362 ], [ -2.1788, 7.0326 ], [ -2.1857, 7.0254 ], [ -2.1855, 7.0202 ], [ -2.1824, 7.0168 ], [ -2.1783, 7.0176 ], [ -2.1651, 7.0329 ], [ -2.1399, 7.0416 ], [ -2.139, 7.0329 ], [ -2.1353, 7.0282 ] ] ] } },
{ "type": "Feature", "properties": { "shapeName": "Amansie Central", "shapeID": "2480657B25462964367622" }, "geometry": { "type": "Polygon", "coordinates": [ [ [ -1.6821, 6.2622 ], [ -1.689, 6.262 ], [ -1.6923, 6.2572 ], [ -1.7106, 6.2558 ], [ -1.7245, 6.2413 ], [ -1.7338, 6.2401 ], [ -1.741, 6.2347 ], [ -1.7475, 6.2233 ], [ -1.7543, 6.2182 ], [ -1.7694, 6.2129 ], [ -1.7708, 6.2034 ], [ -1.7591, 6.2088 ], [ -1.7513, 6.2049 ], [ -1.7493, 6.208 ], [ -1.7383, 6.2085 ], [ -1.7378, 6.2049 ], [ -1.7462, 6.1974 ], [ -1.7506, 6.1858 ], [ -1.7461, 6.18 ], [ -1.727, 6.1685 ], [ -1.7314, 6.1575 ], [ -1.7257, 6.1509 ], [ -1.7147, 6.1487 ], [ -1.711, 6.138 ], [ -1.7155, 6.1373 ], [ -1.7337, 6.1205 ], [ -1.7402, 6.1209 ], [ -1.7398, 6.1142 ], [ -1.7465, 6.1083 ], [ -1.748, 6.114 ], [ -1.7559, 6.114 ], [ -1.7614, 6.1107 ], [ -1.7694, 6.113 ], [ -1.7768, 6.1082 ], [ -1.7848, 6.1105 ], [ -1.7858, 6.1061 ], [ -1.7888, 6.1059 ], [ -1.7881, 6.0995 ], [ -1.7973, 6.0948 ], [ -1.8021, 6.0884 ], [ -1.7972, 6.0764 ], [ -1.8028, 6.069 ], [ -1.7994, 6.0655 ], [ -1.8021, 6.0574 ], [ -1.8071, 6.0546 ], [ -1.8033, 6.0529 ], [ -1.8027, 6.0485 ], [ -1.8072, 6.0477 ], [ -1.8092, 6.0399 ], [ -1.8039, 6.0339 ], [ -1.8041, 6.0292 ], [ -1.8077, 6.0322 ], [ -1.8173, 6.0285 ], [ -1.8236, 6.0299 ], [ -1.8217, 6.0392 ], [ -1.8289, 6.0343 ], [ -1.8382, 6.0358 ], [ -1.8481, 6.0292 ], [ -1.8525, 6.0195 ], [ -1.8514, 6.0141 ], [ -1.8587, 6.0136 ], [ -1.8612, 6.0166 ], [ -1.8616, 6.0109 ], [ -1.8639, 6.0129 ], [ -1.8674, 6.0094 ], [ -1.8723, 6.0162 ], [ -1.8724, 6.0226 ], [ -1.8831, 6.0337 ], [ -1.8898, 6.0286 ], [ -1.892, 6.015 ], [ -1.8975, 6.0156 ], [ -1.9036, 6.0111 ], [ -1.9052, 6.0149 ], [ -1.913, 6.0111 ], [ -1.9257, 6.0271 ], [ -1.9248, 6.0353 ], [ -1.9343, 6.0368 ], [ -1.9471, 6.0486 ], [ -1.9499, 6.057 ], [ -1.9536, 6.0558 ], [ -1.9525, 6.0491 ], [ -1.9607, 6.0585 ], [ -1.9656, 6.0573 ], [ -1.9634, 6.0549 ], [ -1.9656, 6.0507 ], [ -1.9681, 6.0524 ], [ -1.9684, 6.0576 ], [ -1.9759, 6.0675 ], [ -1.9704, 6.0666 ], [ -1.97, 6.0689 ], [ -1.9754, 6.0767 ], [ -1.9735, 6.0791 ], [ -1.9781, 6.0893 ], [ -1.9681, 6.0928 ], [ -1.9678, 6.0975 ], [ -1.9598, 6.1052 ], [ -1.9638, 6.105 ], [ -1.9634, 6.1094 ], [ -1.9573, 6.1104 ], [ -1.9491, 6.1209 ], [ -1.9512, 6.1309 ], [ -1.9465, 6.1389 ], [ -1.9496, 6.1425 ], [ -1.9444, 6.1474 ], [ -1.947, 6.1544 ], [ -1.9509, 6.1546 ], [ -1.9504, 6.1601 ], [ -1.9409, 6.1578 ], [ -1.9246, 6.1737 ], [ -1.9205, 6.1745 ], [ -1.9235, 6.1779 ], [ -1.9214, 6.1805 ], [ -1.9163, 6.1789 ], [ -1.9097, 6.1845 ], [ -1.9096, 6.1791 ], [ -1.9024, 6.1834 ], [ -1.8894, 6.2048 ], [ -1.8834, 6.2091 ], [ -1.8916, 6.214 ], [ -1.8907, 6.2179 ], [ -1.8955, 6.2253 ], [ -1.9015, 6.2283 ], [ -1.8978, 6.2336 ], [ -1.9044, 6.2438 ], [ -1.9056, 6.2529 ], [ -1.9106, 6.2523 ], [ -1.9027, 6.2665 ], [ -1.9084, 6.2727 ], [ -1.8987, 6.2806 ], [ -1.8951, 6.2886 ], [ -1.8994, 6.2885 ], [ -1.8955, 6.2928 ], [ -1.9001, 6.3002 ], [ -1.8986, 6.3052 ], [ -1.8936, 6.306 ], [ -1.8919, 6.3032 ], [ -1.8898, 6.3083 ], [ -1.8949, 6.3146 ], [ -1.8894, 6.3165 ], [ -1.8879, 6.3214 ], [ -1.8813, 6.3216 ], [ -1.8757, 6.3275 ], [ -1.8633, 6.3243 ], [ -1.8506, 6.3323 ], [ -1.8516, 6.3343 ], [ -1.8352, 6.3386 ], [ -1.8185, 6.3361 ], [ -1.8148, 6.3306 ], [ -1.8108, 6.3362 ], [ -1.8055, 6.3331 ], [ -1.7948, 6.3338 ], [ -1.7923, 6.3263 ], [ -1.79, 6.3367 ], [ -1.7863, 6.3328 ], [ -1.7808, 6.3353 ], [ -1.7798, 6.3395 ], [ -1.7835, 6.3527 ], [ -1.7889, 6.3584 ], [ -1.7846, 6.3607 ], [ -1.7862, 6.364 ], [ -1.7802, 6.3812 ], [ -1.7812, 6.3858 ], [ -1.7744, 6.3849 ], [ -1.7707, 6.3901 ], [ -1.7607, 6.3906 ], [ -1.7526, 6.3855 ], [ -1.7431, 6.3851 ], [ -1.7335, 6.3744 ], [ -1.7324, 6.3613 ], [ -1.7267, 6.3582 ], [ -1.7246, 6.3648 ], [ -1.7208, 6.3638 ], [ -1.7193, 6.3681 ], [ -1.7027, 6.3702 ], [ -1.7006, 6.3793 ], [ -1.6949, 6.3824 ], [ -1.6959, 6.3848 ], [ -1.6902, 6.3833 ], [ -1.6874, 6.3931 ], [ -1.6758, 6.4036 ], [ -1.6667, 6.3984 ], [ -1.6547, 6.4012 ], [ -1.6474, 6.3851 ], [ -1.6332, 6.3831 ], [ -1.6211, 6.3877 ], [ -1.6177, 6.4044 ], [ -1.6057, 6.4006 ], [ -1.6004, 6.3914 ], [ -1.5856, 6.3976 ], [ -1.5861, 6.3894 ], [ -1.5743, 6.3808 ], [ -1.5795, 6.3738 ], [ -1.5753, 6.3659 ], [ -1.5759, 6.3601 ], [ -1.5842, 6.35 ], [ -1.5867, 6.3299 ], [ -1.5993, 6.3184 ], [ -1.6076, 6.3185 ], [ -1.6093, 6.3112 ], [ -1.6336, 6.3096 ], [ -1.6404, 6.3243 ], [ -1.6471, 6.3064 ], [ -1.6614, 6.3163 ], [ -1.6693, 6.3067 ], [ -1.6781, 6.3083 ], [ -1.6888, 6.3054 ], [ -1.7072, 6.3105 ], [ -1.6979, 6.2945 ], [ -1.6928, 6.2915 ], [ -1.6815, 6.2926 ], [ -1.6831, 6.2905 ], [ -1.6783, 6.284 ], [ -1.6834, 6.269 ], [ -1.6821, 6.2622 ] ] ] } },
{ "type": "Feature", "properties": { "shapeName": "Amansie West", "shapeID": "2480657B59515552665793" }, "geometry": { "type": "Polygon", "coordinates": [ [ [ -1.8016, 6.574 ], [ -1.7969, 6.5741 ], [ -1.7927, 6.5682 ], [ -1.7956, 6.5594 ], [ -1.7901, 6.5524 ], [ -1.799, 6.5438 ], [ -1.8035, 6.5345 ], [ -1.7922, 6.5212 ], [ -1.7936, 6.5137 ], [ -1.7866, 6.5118 ], [ -1.7801, 6.514 ], [ -1.7762, 6.5288 ], [ -1.7699, 6.5322 ], [ -1.764, 6.5336 ], [ -1.7502, 6.526 ], [ -1.7439, 6.5272 ], [ -1.745, 6.5344 ], [ -1.7399, 6.5425 ], [ -1.7274, 6.5402 ], [ -1.7221, 6.5421 ], [ -1.7145, 6.5493 ], [ -1.714, 6.5582 ], [ -1.7093, 6.5621 ], [ -1.7067, 6.5583 ], [ -1.689, 6.557 ], [ -1.683, 6.5521 ], [ -1.6776, 6.5568 ], [ -1.673, 6.5712 ], [ -1.6513, 6.5459 ], [ -1.6581, 6.5448 ], [ -1.6666, 6.5483 ], [ -1.672, 6.5408 ], [ -1.696, 6.5299 ], [ -1.6916, 6.5142 ], [ -1.681, 6.5084 ], [ -1.6888, 6.5018 ], [ -1.704, 6.5013 ], [ -1.7115, 6.4898 ], [ -1.7271, 6.4921 ], [ -1.745, 6.4733 ], [ -1.7412, 6.4639 ], [ -1.7438, 6.4581 ], [ -1.7422, 6.4503 ], [ -1.7394, 6.4473 ], [ -1.758, 6.4374 ], [ -1.7593, 6.4247 ], [ -1.755, 6.4197 ], [ -1.759, 6.4144 ], [ -1.7564, 6.4099 ], [ -1.769, 6.3976 ], [ -1.7744, 6.3849 ], [ -1.7812, 6.3858 ], [ -1.7802, 6.3812 ], [ -1.7862, 6.364 ], [ -1.7846, 6.3607 ], [ -1.7889, 6.3584 ], [ -1.7835, 6.3527 ], [ -1.7808, 6.3353 ], [ -1.7863, 6.3328 ], [ -1.79, 6.3367 ], [ -1.7923, 6.3263 ], [ -1.7948, 6.3338 ], [ -1.8055, 6.3331 ], [ -1.8108, 6.3362 ], [ -1.8148, 6.3306 ], [ -1.8185, 6.3361 ], [ -1.8352, 6.3386 ], [ -1.8516, 6.3343 ], [ -1.8506, 6.3323 ], [ -1.8633, 6.3243 ], [ -1.8757, 6.3275 ], [ -1.8776, 6.3238 ], [ -1.8879, 6.3214 ], [ -1.8894, 6.3165 ], [ -1.8949, 6.3146 ], [ -1.8898, 6.3083 ], [ -1.8919, 6.3032 ], [ -1.8936, 6.306 ], [ -1.8986, 6.3052 ], [ -1.9001, 6.3002 ], [ -1.8957, 6.2953 ], [ -1.8994, 6.2885 ], [ -1.8951, 6.2886 ], [ -1.8968, 6.2853 ], [ -1.9057, 6.2902 ], [ -1.9122, 6.301 ], [ -1.9517, 6.3192 ], [ -1.9485, 6.3475 ], [ -1.9496, 6.3761 ], [ -1.9568, 6.4062 ], [ -1.9538, 6.421 ], [ -1.9544, 6.4476 ], [ -1.9514, 6.4552 ], [ -1.9544, 6.4671 ], [ -1.952, 6.4789 ], [ -1.9544, 6.5054 ], [ -1.9595, 6.5143 ], [ -1.9846, 6.519 ], [ -1.977, 6.5184 ], [ -1.9747, 6.5243 ], [ -1.9824, 6.5242 ], [ -1.9854, 6.5286 ], [ -1.9746, 6.5326 ], [ -1.9682, 6.5444 ], [ -1.9751, 6.5472 ], [ -1.9602, 6.5701 ], [ -1.9368, 6.574 ], [ -1.9298, 6.582 ], [ -1.9119, 6.5849 ], [ -1.9063, 6.5917 ], [ -1.9031, 6.586 ], [ -1.8825, 6.5896 ], [ -1.8866, 6.577 ], [ -1.8753, 6.572 ], [ -1.8631, 6.5743 ], [ -1.8583, 6.5724 ], [ -1.8594, 6.5865 ], [ -1.8273, 6.5786 ], [ -1.8092, 6.5673 ], [ -1.8044, 6.5686 ], [ -1.8016, 6.574 ] ] ] } },
{ "type": "Feature", "properties": { "shapeName": "Asutifi South", "shapeID": "2480657B57037677938762" }, "geometry": { "type": "Polygon", "coordinates": [ [ [ -2.4921, 6.7688 ], [ -2.5007, 6.7799 ], [ -2.5005, 6.793 ], [ -2.5048, 6.7965 ], [ -2.5117, 6.7952 ], [ -2.5076, 6.8025 ], [ -2.5144, 6.8166 ], [ -2.531, 6.8325 ], [ -2.5192, 6.8442 ], [ -2.5233, 6.8536 ], [ -2.5194, 6.8617 ], [ -2.5359, 6.8857 ], [ -2.5362, 6.8954 ], [ -2.5244, 6.9088 ], [ -2.5193, 6.9257 ], [ -2.5128, 6.9337 ], [ -2.519, 6.9407 ], [ -2.5155, 6.9487 ], [ -2.495, 6.9418 ], [ -2.4765, 6.9444 ], [ -2.4583, 6.9319 ], [ -2.4444, 6.9321 ], [ -2.4339, 6.9228 ], [ -2.4199, 6.9239 ], [ -2.3775, 6.9444 ], [ -2.3671, 6.9577 ], [ -2.3526, 6.9649 ], [ -2.338, 6.97 ], [ -2.3283, 6.969 ], [ -2.3278, 7.0085 ], [ -2.3177, 7.0184 ], [ -2.3227, 7.022 ], [ -2.3216, 7.0245 ], [ -2.2807, 6.9942 ], [ -2.2706, 7.0068 ], [ -2.2712, 7.0103 ], [ -2.2583, 7.0301 ], [ -2.2568, 7.0386 ], [ -2.2532, 7.0404 ], [ -2.2403, 7.0378 ], [ -2.2388, 7.0349 ], [ -2.2331, 7.0364 ], [ -2.2275, 7.0274 ], [ -2.23, 7.0236 ], [ -2.2269, 7.0075 ], [ -2.2472, 6.991 ], [ -2.247, 6.9832 ], [ -2.252, 6.9773 ], [ -2.2968, 6.9409 ], [ -2.311, 6.9418 ], [ -2.3269, 6.9288 ], [ -2.3315, 6.9288 ], [ -2.3323, 6.9208 ], [ -2.3378, 6.9187 ], [ -2.3351, 6.9137 ], [ -2.3391, 6.9087 ], [ -2.3485, 6.9088 ], [ -2.347, 6.903 ], [ -2.3511, 6.9008 ], [ -2.3504, 6.8985 ], [ -2.3608, 6.8956 ], [ -2.3692, 6.8868 ], [ -2.3765, 6.8858 ], [ -2.3782, 6.883 ], [ -2.3747, 6.8789 ], [ -2.3817, 6.8784 ], [ -2.3887, 6.8679 ], [ -2.3856, 6.8633 ], [ -2.3868, 6.8556 ], [ -2.3949, 6.8585 ], [ -2.3984, 6.8543 ], [ -2.3983, 6.8392 ], [ -2.4086, 6.8416 ], [ -2.4073, 6.8362 ], [ -2.4134, 6.8364 ], [ -2.4132, 6.8324 ], [ -2.4166, 6.8316 ], [ -2.4142, 6.8298 ], [ -2.417, 6.8259 ], [ -2.4133, 6.826 ], [ -2.4178, 6.8234 ], [ -2.4009, 6.8192 ], [ -2.3759, 6.8391 ], [ -2.3716, 6.8375 ], [ -2.3649, 6.8432 ], [ -2.3565, 6.8442 ], [ -2.3513, 6.8399 ], [ -2.3453, 6.8441 ], [ -2.3446, 6.8393 ], [ -2.3337, 6.8307 ], [ -2.3363, 6.8219 ], [ -2.3451, 6.8159 ], [ -2.3346, 6.8039 ], [ -2.3197, 6.8012 ], [ -2.3053, 6.8116 ], [ -2.2972, 6.7972 ], [ -2.2783, 6.8003 ], [ -2.2661, 6.7987 ], [ -2.2597, 6.7941 ], [ -2.258, 6.7907 ], [ -2.2691, 6.7721 ], [ -2.2679, 6.7629 ], [ -2.2738, 6.7559 ], [ -2.2782, 6.7295 ], [ -2.2854, 6.7171 ], [ -2.2893, 6.7158 ], [ -2.286, 6.7069 ], [ -2.2918, 6.706 ], [ -2.2994, 6.6994 ], [ -2.3021, 6.6939 ], [ -2.2996, 6.6922 ], [ -2.3064, 6.6871 ], [ -2.317, 6.6929 ], [ -2.3257, 6.6922 ], [ -2.3268, 6.6956 ], [ -2.3468, 6.6993 ], [ -2.3516, 6.6971 ], [ -2.3523, 6.6935 ], [ -2.3566, 6.6939 ], [ -2.36, 6.6873 ], [ -2.3638, 6.6886 ], [ -2.3665, 6.6839 ], [ -2.3646, 6.6802 ], [ -2.3723, 6.6716 ], [ -2.38, 6.6741 ], [ -2.3811, 6.6709 ], [ -2.3872, 6.6707 ], [ -2.3891, 6.6659 ], [ -2.4032, 6.6655 ], [ -2.4047, 6.6615 ], [ -2.4089, 6.6624 ], [ -2.4135, 6.6582 ], [ -2.4166, 6.6627 ], [ -2.4125, 6.6689 ], [ -2.4146, 6.6705 ], [ -2.4063, 6.676 ], [ -2.4177, 6.6815 ], [ -2.4093, 6.687 ], [ -2.4152, 6.692 ], [ -2.4093, 6.6995 ], [ -2.4083, 6.7091 ], [ -2.4153, 6.7097 ], [ -2.4212, 6.7152 ], [ -2.4205, 6.7203 ], [ -2.4262, 6.7221 ], [ -2.4219, 6.7329 ], [ -2.4233, 6.7355 ], [ -2.4317, 6.7355 ], [ -2.4304, 6.7392 ], [ -2.4359, 6.741 ], [ -2.4387, 6.7524 ], [ -2.4363, 6.7547 ], [ -2.4476, 6.7628 ], [ -2.4609, 6.7604 ], [ -2.4681, 6.7646 ], [ -2.4921, 6.7688 ] ] ] } },
{ "type": "Feature", "properties": { "shapeName": "Techiman Municipal", "shapeID": "2480657B78695952433486" }, "geometry": { "type": "Polygon", "coordinates": [ [ [ -2.1139, 7.495 ], [ -2.1104, 7.4952 ], [ -2.1112, 7.498 ], [ -2.1189, 7.5024 ], [ -2.1219, 7.515 ], [ -2.1358, 7.519 ], [ -2.1377, 7.5258 ], [ -2.1089, 7.5532 ], [ -2.1118, 7.5722 ], [ -2.1032, 7.5903 ], [ -2.0882, 7.6099 ], [ -2.0915, 7.6223 ], [ -2.0897, 7.6308 ], [ -2.0772, 7.6438 ], [ -2.0635, 7.639 ], [ -2.0544, 7.6428 ], [ -2.0375, 7.6405 ], [ -2.0229, 7.6191 ], [ -1.9942, 7.6025 ], [ -1.9886, 7.5997 ], [ -1.9727, 7.6014 ], [ -1.9597, 7.608 ], [ -1.9552, 7.6057 ], [ -1.9583, 7.5966 ], [ -1.9511, 7.5957 ], [ -1.9446, 7.5955 ], [ -1.9268, 7.6257 ], [ -1.9179, 7.6335 ], [ -1.9044, 7.6338 ], [ -1.9, 7.6274 ], [ -1.8814, 7.6258 ], [ -1.8398, 7.6294 ], [ -1.8323, 7.6271 ], [ -1.815, 7.613 ], [ -1.8003, 7.6098 ], [ -1.7945, 7.6054 ], [ -1.7877, 7.5844 ], [ -1.7739, 7.5774 ], [ -1.7813, 7.5774 ], [ -1.7926, 7.5689 ], [ -1.8034, 7.5768 ], [ -1.8096, 7.5722 ], [ -1.8093, 7.5667 ], [ -1.8054, 7.5683 ], [ -1.7997, 7.5643 ], [ -1.7933, 7.5536 ], [ -1.7972, 7.5476 ], [ -1.7932, 7.544 ], [ -1.8123, 7.5298 ], [ -1.8105, 7.5255 ], [ -1.815, 7.507 ], [ -1.842, 7.4941 ], [ -1.8573, 7.4995 ], [ -1.8483, 7.4924 ], [ -1.8516, 7.4799 ], [ -1.867, 7.4783 ], [ -1.8715, 7.4595 ], [ -1.8979, 7.4304 ], [ -1.9083, 7.4367 ], [ -1.916, 7.4367 ], [ -1.9174, 7.4418 ], [ -1.9271, 7.4426 ], [ -1.9335, 7.4338 ], [ -1.9391, 7.4347 ], [ -1.9428, 7.4314 ], [ -1.9513, 7.4186 ], [ -1.9619, 7.4128 ], [ -1.9645, 7.4081 ], [ -1.9674, 7.4137 ], [ -1.9756, 7.4101 ], [ -1.9838, 7.4159 ], [ -2.0011, 7.4213 ], [ -2.0185, 7.4215 ], [ -2.023, 7.4378 ], [ -2.038, 7.457 ], [ -2.0746, 7.4551 ], [ -2.1097, 7.4636 ], [ -2.1148, 7.4846 ], [ -2.1139, 7.495 ] ] ] } },
{ "type": "Feature", "properties": { "shapeName": "Upper Denkyira West", "shapeID": "2480657B72362309510067" }, "geometry": { "type": "Polygon", "coordinates": [ [ [ -2.1817, 6.121 ], [ -2.2059, 6.198 ], [ -2.1755, 6.2143 ], [ -2.1314, 6.2589 ], [ -2.1265, 6.2502 ], [ -2.1066, 6.246 ], [ -2.0999, 6.2394 ], [ -2.0803, 6.2751 ], [ -2.0772, 6.2866 ], [ -2.0796, 6.2905 ], [ -2.0759, 6.2905 ], [ -2.0743, 6.2945 ], [ -2.0673, 6.2947 ], [ -2.0452, 6.2844 ], [ -2.027, 6.2876 ], [ -2.019, 6.2921 ], [ -2.0095, 6.2916 ], [ -2.0136, 6.2677 ], [ -2.0192, 6.2653 ], [ -2.0234, 6.2553 ], [ -2.02, 6.2365 ], [ -2.0215, 6.2238 ], [ -2.0317, 6.2101 ], [ -2.0384, 6.2069 ], [ -2.0404, 6.1979 ], [ -2.0306, 6.1855 ], [ -2.0278, 6.1755 ], [ -2.0242, 6.1762 ], [ -2.0226, 6.1732 ], [ -2.024, 6.1549 ], [ -2.0194, 6.1524 ], [ -2.0259, 6.1409 ], [ -2.0234, 6.1422 ], [ -2.0233, 6.1323 ], [ -2.0147, 6.1255 ], [ -2.0143, 6.1132 ], [ -2.0069, 6.1109 ], [ -2.0072, 6.1175 ], [ -1.9974, 6.1161 ], [ -1.9904, 6.1248 ], [ -1.9815, 6.1194 ], [ -1.9787, 6.1119 ], [ -1.9864, 6.1143 ], [ -1.9881, 6.1047 ], [ -1.986, 6.0992 ], [ -1.9755, 6.0918 ], [ -1.9777, 6.0852 ], [ -1.97, 6.0689 ], [ -1.9704, 6.0666 ], [ -1.9759, 6.0675 ], [ -1.9684, 6.0576 ], [ -1.9681, 6.0524 ], [ -1.9656, 6.0507 ], [ -1.9634, 6.0549 ], [ -1.9656, 6.0573 ], [ -1.9607, 6.0585 ], [ -1.9525, 6.0491 ], [ -1.9536, 6.0558 ], [ -1.9499, 6.057 ], [ -1.9471, 6.0486 ], [ -1.9343, 6.0368 ], [ -1.9248, 6.0353 ], [ -1.9257, 6.0271 ], [ -1.913, 6.0111 ], [ -1.9052, 6.0149 ], [ -1.9036, 6.0111 ], [ -1.8975, 6.0156 ], [ -1.892, 6.015 ], [ -1.8898, 6.0286 ], [ -1.8831, 6.0337 ], [ -1.8724, 6.0226 ], [ -1.8703, 6.0118 ], [ -1.8645, 6.0098 ], [ -1.8639, 6.0129 ], [ -1.8616, 6.0109 ], [ -1.8612, 6.0166 ], [ -1.8587, 6.0136 ], [ -1.8514, 6.0141 ], [ -1.8525, 6.0195 ], [ -1.8435, 6.0332 ], [ -1.8397, 6.0328 ], [ -1.8382, 6.0358 ], [ -1.8289, 6.0343 ], [ -1.8217, 6.0392 ], [ -1.8236, 6.0299 ], [ -1.8173, 6.0285 ], [ -1.8077, 6.0322 ], [ -1.8019, 6.0263 ], [ -1.8131, 6.0113 ], [ -1.8029, 5.9928 ], [ -1.7979, 5.9997 ], [ -1.7986, 5.9969 ], [ -1.7925, 5.9902 ], [ -1.8195, 5.9448 ], [ -1.8373, 5.9437 ], [ -1.8539, 5.9348 ], [ -1.8638, 5.9353 ], [ -1.8949, 5.9172 ], [ -1.9031, 5.9174 ], [ -1.9119, 5.9327 ], [ -1.909, 5.9372 ], [ -1.9281, 5.9426 ], [ -1.9407, 5.9582 ], [ -1.9392, 5.9697 ], [ -1.9444, 5.9835 ], [ -1.9538, 5.9843 ], [ -1.9685, 6.0011 ], [ -1.984, 6.01 ], [ -1.9853, 6.0165 ], [ -2.0022, 6.0251 ], [ -2.0182, 6.0277 ], [ -2.0277, 6.0426 ], [ -2.0515, 6.05 ], [ -2.0476, 6.0592 ], [ -2.0587, 6.0715 ], [ -2.1299, 6.0929 ], [ -2.1403, 6.0912 ], [ -2.1411, 6.0997 ], [ -2.1544, 6.1063 ], [ -2.1624, 6.1198 ], [ -2.1711, 6.1237 ], [ -2.1778, 6.1198 ], [ -2.1817, 6.121 ] ] ] } },
{ "type": "Feature", "properties": { "shapeName": "Techiman North", "shapeID": "2480657B75157144819377" }, "geometry": { "type": "Polygon", "coordinates": [ [ [ -2.0772, 7.6438 ], [ -2.077, 7.6476 ], [ -2.0716, 7.6486 ], [ -2.0671, 7.6613 ], [ -2.0511, 7.6659 ], [ -2.048, 7.6758 ], [ -2.0496, 7.6824 ], [ -2.0569, 7.6864 ], [ -2.0629, 7.703 ], [ -2.073, 7.7135 ], [ -2.0699, 7.7317 ], [ -2.0744, 7.7442 ], [ -2.0713, 7.7483 ], [ -2.0807, 7.7583 ], [ -2.0822, 7.765 ], [ -2.0764, 7.7786 ], [ -2.0231, 7.7803 ], [ -1.9832, 7.8029 ], [ -1.9707, 7.8059 ], [ -1.9619, 7.8061 ], [ -1.9588, 7.8019 ], [ -1.9443, 7.7992 ], [ -1.929, 7.8093 ], [ -1.9223, 7.8063 ], [ -1.9491, 7.7836 ], [ -1.9367, 7.7843 ], [ -1.94, 7.7756 ], [ -1.9259, 7.7739 ], [ -1.9442, 7.762 ], [ -1.9363, 7.7531 ], [ -1.9317, 7.7414 ], [ -1.9048, 7.726 ], [ -1.9116, 7.7157 ], [ -1.906, 7.701 ], [ -1.9003, 7.701 ], [ -1.879, 7.7153 ], [ -1.8539, 7.7073 ], [ -1.8581, 7.6968 ], [ -1.8424, 7.6973 ], [ -1.8307, 7.688 ], [ -1.8327, 7.6854 ], [ -1.8306, 7.6751 ], [ -1.8381, 7.6551 ], [ -1.83, 7.6383 ], [ -1.8323, 7.6271 ], [ -1.8398, 7.6294 ], [ -1.8814, 7.6258 ], [ -1.9, 7.6274 ], [ -1.9044, 7.6338 ], [ -1.9179, 7.6335 ], [ -1.9268, 7.6257 ], [ -1.9446, 7.5955 ], [ -1.9583, 7.5966 ], [ -1.9552, 7.6057 ], [ -1.9597, 7.608 ], [ -1.9673, 7.6023 ], [ -1.9886, 7.5997 ], [ -2.0229, 7.6191 ], [ -2.0375, 7.6405 ], [ -2.0544, 7.6428 ], [ -2.0635, 7.639 ], [ -2.0772, 7.6438 ] ] ] } },
{ "type": "Feature", "properties": { "shapeName": "Cape Coast Metropolitan", "shapeID": "2480657B31989943834082" }, "geometry": { "type": "Polygon", "coordinates": [ [ [ -1.3619, 5.2157 ], [ -1.3627, 5.2241 ], [ -1.3576, 5.233 ], [ -1.3448, 5.2379 ], [ -1.3323, 5.2484 ], [ -1.323, 5.2514 ], [ -1.3101, 5.2446 ], [ -1.2946, 5.2547 ], [ -1.2853, 5.2474 ], [ -1.2827, 5.2484 ], [ -1.2813, 5.2395 ], [ -1.2848, 5.2298 ], [ -1.281, 5.2213 ], [ -1.2868, 5.2182 ], [ -1.2917, 5.2197 ], [ -1.3103, 5.21 ], [ -1.3061, 5.2042 ], [ -1.2963, 5.2032 ], [ -1.2963, 5.1975 ], [ -1.2866, 5.1942 ], [ -1.2883, 5.1851 ], [ -1.2841, 5.1862 ], [ -1.2831, 5.1774 ], [ -1.2792, 5.1735 ], [ -1.2807, 5.1701 ], [ -1.2865, 5.1703 ], [ -1.2822, 5.1618 ], [ -1.262, 5.1623 ], [ -1.2583, 5.1582 ], [ -1.2451, 5.158 ], [ -1.2438, 5.1501 ], [ -1.2378, 5.144 ], [ -1.2394, 5.1317 ], [ -1.2196, 5.1363 ], [ -1.2158, 5.1325 ], [ -1.2118, 5.1178 ], [ -1.2464, 5.1006 ], [ -1.3217, 5.0968 ], [ -1.3167, 5.1008 ], [ -1.3151, 5.1103 ], [ -1.311, 5.1112 ], [ -1.3068, 5.1257 ], [ -1.3027, 5.1264 ], [ -1.2966, 5.1341 ], [ -1.2993, 5.1398 ], [ -1.2964, 5.1439 ], [ -1.3075, 5.1434 ], [ -1.315, 5.1503 ], [ -1.3193, 5.1664 ], [ -1.3172, 5.1672 ], [ -1.3215, 5.1703 ], [ -1.3222, 5.1679 ], [ -1.3283, 5.1695 ], [ -1.3289, 5.1775 ], [ -1.3416, 5.1723 ], [ -1.3414, 5.1773 ], [ -1.345, 5.1782 ], [ -1.3435, 5.1838 ], [ -1.3463, 5.1835 ], [ -1.3492, 5.1927 ], [ -1.3528, 5.194 ], [ -1.349, 5.1992 ], [ -1.3536, 5.203 ], [ -1.3515, 5.2064 ], [ -1.3549, 5.2098 ], [ -1.3525, 5.2118 ], [ -1.3619, 5.2157 ] ] ] } },
{ "type": "Feature", "properties": { "shapeName": "Komenda-edina-eguafo-abirem Municipal", "shapeID": "2480657B89828953333594" }, "geometry": { "type": "Polygon", "coordinates": [ [ [ -1.5802, 5.0331 ], [ -1.5815, 5.1549 ], [ -1.5703, 5.1584 ], [ -1.5684, 5.1625 ], [ -1.5674, 5.1584 ], [ -1.5383, 5.1634 ], [ -1.533, 5.1737 ], [ -1.5251, 5.1707 ], [ -1.5228, 5.1996 ], [ -1.5099, 5.2083 ], [ -1.4905, 5.2063 ], [ -1.4812, 5.21 ], [ -1.4618, 5.2072 ], [ -1.4537, 5.2112 ], [ -1.4463, 5.2101 ], [ -1.4474, 5.2223 ], [ -1.4286, 5.2269 ], [ -1.4175, 5.2201 ], [ -1.4158, 5.2141 ], [ -1.404, 5.2242 ], [ -1.3944, 5.2256 ], [ -1.3839, 5.2212 ], [ -1.3792, 5.2249 ], [ -1.3721, 5.2227 ], [ -1.3683, 5.2167 ], [ -1.3525, 5.2118 ], [ -1.3549, 5.2098 ], [ -1.3515, 5.2064 ], [ -1.3536, 5.203 ], [ -1.349, 5.1992 ], [ -1.3528, 5.194 ], [ -1.3492, 5.1927 ], [ -1.3463, 5.1835 ], [ -1.3435, 5.1838 ], [ -1.345, 5.1782 ], [ -1.3414, 5.1773 ], [ -1.3416, 5.1723 ], [ -1.3289, 5.1775 ], [ -1.3283, 5.1695 ], [ -1.3222, 5.1679 ], [ -1.3215, 5.1703 ], [ -1.3172, 5.1672 ], [ -1.3193, 5.1664 ], [ -1.315, 5.1503 ], [ -1.3075, 5.1434 ], [ -1.2964, 5.1439 ], [ -1.2993, 5.1398 ], [ -1.2966, 5.1341 ], [ -1.3027, 5.1264 ], [ -1.3068, 5.1257 ], [ -1.311, 5.1112 ], [ -1.3151, 5.1103 ], [ -1.3177, 5.105 ], [ -1.3167, 5.1008 ], [ -1.3459, 5.0897 ], [ -1.3484, 5.0869 ], [ -1.3467, 5.0821 ], [ -1.395, 5.0703 ], [ -1.422, 5.0676 ], [ -1.4368, 5.0637 ], [ -1.4425, 5.0587 ], [ -1.4743, 5.0554 ], [ -1.5045, 5.0429 ], [ -1.5802, 5.0331 ] ] ] } },
{ "type": "Feature", "properties": { "shapeName": "Banda", "shapeID": "2480657B21856882152043" }, "geometry": { "type": "Polygon", "coordinates": [ [ [ -2.117, 8.1354 ], [ -2.122, 8.1309 ], [ -2.1169, 8.1188 ], [ -2.119, 8.1087 ], [ -2.1164, 8.0995 ], [ -2.1212, 8.097 ], [ -2.1232, 8.0891 ], [ -2.129, 8.0883 ], [ -2.1272, 8.0839 ], [ -2.1357, 8.0808 ], [ -2.1245, 8.075 ], [ -2.1232, 8.0617 ], [ -2.1153, 8.0542 ], [ -2.1205, 8.0518 ], [ -2.1294, 8.0568 ], [ -2.1301, 8.0507 ], [ -2.113, 8.0405 ], [ -2.1207, 8.0364 ], [ -2.1267, 8.027 ], [ -2.131, 8.0267 ], [ -2.1325, 8.0304 ], [ -2.135, 8.0287 ], [ -2.136, 8.0196 ], [ -2.1429, 8.0153 ], [ -2.1459, 7.9999 ], [ -2.1499, 7.9952 ], [ -2.1583, 7.9933 ], [ -2.1653, 7.974 ], [ -2.171, 7.9761 ], [ -2.1754, 7.964 ], [ -2.1902, 7.9652 ], [ -2.1914, 7.9603 ], [ -2.199, 7.9564 ], [ -2.203, 7.9579 ], [ -2.2085, 7.9529 ], [ -2.221, 7.9587 ], [ -2.2293, 7.9578 ], [ -2.2409, 7.9643 ], [ -2.2464, 7.9627 ], [ -2.2638, 7.9679 ], [ -2.271, 7.9754 ], [ -2.2862, 7.9791 ], [ -2.3001, 7.987 ], [ -2.3111, 7.9838 ], [ -2.3221, 7.9894 ], [ -2.3336, 7.9843 ], [ -2.3339, 7.9807 ], [ -2.3405, 7.976 ], [ -2.3417, 7.9791 ], [ -2.3512, 7.9827 ], [ -2.355, 7.9883 ], [ -2.3556, 7.9968 ], [ -2.3711, 8.006 ], [ -2.3848, 8.0062 ], [ -2.3955, 8.0119 ], [ -2.405, 8.0085 ], [ -2.4351, 8.0195 ], [ -2.4408, 7.9982 ], [ -2.4318, 7.9847 ], [ -2.435, 7.9756 ], [ -2.4448, 7.9684 ], [ -2.4712, 7.9225 ], [ -2.4797, 7.9185 ], [ -2.4892, 7.9218 ], [ -2.4886, 7.928 ], [ -2.4964, 7.9412 ], [ -2.5047, 7.9438 ], [ -2.5142, 7.9585 ], [ -2.5359, 7.9778 ], [ -2.5426, 7.9971 ], [ -2.5329, 8.0021 ], [ -2.528, 8.01 ], [ -2.5262, 8.0272 ], [ -2.516, 8.0542 ], [ -2.521, 8.061 ], [ -2.5279, 8.0864 ], [ -2.525, 8.0989 ], [ -2.537, 8.1158 ], [ -2.5318, 8.1281 ], [ -2.5287, 8.1505 ], [ -2.5362, 8.1444 ], [ -2.5396, 8.1466 ], [ -2.5461, 8.1433 ], [ -2.5554, 8.1469 ], [ -2.5448, 8.1757 ], [ -2.509, 8.1934 ], [ -2.4949, 8.2052 ], [ -2.5014, 8.3074 ], [ -2.533, 8.4809 ], [ -2.5464, 8.5286 ], [ -2.5621, 8.6149 ], [ -2.5734, 8.7006 ], [ -2.5901, 8.7871 ], [ -2.5846, 8.786 ], [ -2.5686, 8.7718 ], [ -2.543, 8.7615 ], [ -2.5356, 8.7393 ], [ -2.5256, 8.7325 ], [ -2.513, 8.73 ], [ -2.5007, 8.7199 ], [ -2.4903, 8.6994 ], [ -2.4883, 8.6858 ], [ -2.4646, 8.6522 ], [ -2.4551, 8.6482 ], [ -2.4422, 8.63 ], [ -2.4173, 8.6119 ], [ -2.4193, 8.5934 ], [ -2.4149, 8.5744 ], [ -2.4102, 8.567 ], [ -2.4023, 8.5643 ], [ -2.3986, 8.5571 ], [ -2.3835, 8.5541 ], [ -2.3712, 8.5393 ], [ -2.367, 8.5399 ], [ -2.3579, 8.5207 ], [ -2.3708, 8.5003 ], [ -2.3693, 8.4855 ], [ -2.3654, 8.4747 ], [ -2.3555, 8.4693 ], [ -2.3523, 8.4614 ], [ -2.3371, 8.4543 ], [ -2.3253, 8.4174 ], [ -2.3096, 8.4007 ], [ -2.3077, 8.3897 ], [ -2.2994, 8.3848 ], [ -2.3008, 8.3627 ], [ -2.305, 8.3548 ], [ -2.2973, 8.3433 ], [ -2.2953, 8.3269 ], [ -2.2856, 8.3193 ], [ -2.2885, 8.2969 ], [ -2.2755, 8.2931 ], [ -2.2525, 8.2768 ], [ -2.2397, 8.2812 ], [ -2.2297, 8.2634 ], [ -2.2189, 8.2614 ], [ -2.2118, 8.2549 ], [ -2.2091, 8.2468 ], [ -2.213, 8.2415 ], [ -2.2051, 8.2318 ], [ -2.1915, 8.2219 ], [ -2.1759, 8.2182 ], [ -2.1683, 8.212 ], [ -2.1621, 8.1736 ], [ -2.1536, 8.1714 ], [ -2.1357, 8.1518 ], [ -2.1277, 8.1476 ], [ -2.1216, 8.1497 ], [ -2.117, 8.1354 ] ] ] } },
{ "type": "Feature", "properties": { "shapeName": "Sefwi-wiawso", "shapeID": "2480657B7942392054994" }, "geometry": { "type": "Polygon", "coordinates": [ [ [ -2.6812, 6.2397 ], [ -2.6763, 6.2485 ], [ -2.6869, 6.263 ], [ -2.6646, 6.2737 ], [ -2.6435, 6.2702 ], [ -2.6353, 6.2823 ], [ -2.6371, 6.3046 ], [ -2.6342, 6.3119 ], [ -2.6241, 6.3121 ], [ -2.6279, 6.3145 ], [ -2.6286, 6.3226 ], [ -2.6354, 6.3246 ], [ -2.647, 6.3358 ], [ -2.6491, 6.3472 ], [ -2.6583, 6.3567 ], [ -2.6617, 6.3564 ], [ -2.6575, 6.3608 ], [ -2.6606, 6.3707 ], [ -2.6643, 6.3742 ], [ -2.671, 6.3735 ], [ -2.6777, 6.3872 ], [ -2.6849, 6.3872 ], [ -2.6922, 6.3815 ], [ -2.7006, 6.3864 ], [ -2.7043, 6.3813 ], [ -2.7113, 6.3849 ], [ -2.7104, 6.3873 ], [ -2.7188, 6.3965 ], [ -2.7177, 6.4124 ], [ -2.7258, 6.4231 ], [ -2.7182, 6.4341 ], [ -2.7161, 6.4587 ], [ -2.7296, 6.4561 ], [ -2.7439, 6.4843 ], [ -2.6849, 6.4935 ], [ -2.6687, 6.5114 ], [ -2.6634, 6.5251 ], [ -2.6564, 6.5294 ], [ -2.6494, 6.5257 ], [ -2.6459, 6.53 ], [ -2.6196, 6.5252 ], [ -2.6061, 6.5196 ], [ -2.5924, 6.5046 ], [ -2.5852, 6.4897 ], [ -2.5622, 6.4808 ], [ -2.5434, 6.4638 ], [ -2.533, 6.4598 ], [ -2.5274, 6.462 ], [ -2.5268, 6.4549 ], [ -2.5397, 6.4483 ], [ -2.5512, 6.4376 ], [ -2.5524, 6.4322 ], [ -2.5589, 6.4297 ], [ -2.5572, 6.4212 ], [ -2.5529, 6.4197 ], [ -2.5477, 6.4097 ], [ -2.5469, 6.4005 ], [ -2.5039, 6.4152 ], [ -2.498, 6.4101 ], [ -2.4859, 6.4086 ], [ -2.477, 6.4027 ], [ -2.4688, 6.3916 ], [ -2.4686, 6.3805 ], [ -2.4593, 6.3786 ], [ -2.4476, 6.3711 ], [ -2.4348, 6.3548 ], [ -2.4305, 6.3552 ], [ -2.4274, 6.3483 ], [ -2.3975, 6.3516 ], [ -2.4025, 6.3095 ], [ -2.3906, 6.3015 ], [ -2.3881, 6.2931 ], [ -2.3822, 6.2869 ], [ -2.3682, 6.2832 ], [ -2.3652, 6.2726 ], [ -2.3539, 6.2654 ], [ -2.3478, 6.2551 ], [ -2.3504, 6.2453 ], [ -2.3609, 6.2444 ], [ -2.3705, 6.2252 ], [ -2.3823, 6.2281 ], [ -2.3845, 6.2159 ], [ -2.3819, 6.2108 ], [ -2.3789, 6.212 ], [ -2.3732, 6.2069 ], [ -2.3759, 6.2012 ], [ -2.3746, 6.1953 ], [ -2.3626, 6.1932 ], [ -2.3521, 6.1863 ], [ -2.3526, 6.1828 ], [ -2.345, 6.1765 ], [ -2.3436, 6.1703 ], [ -2.3369, 6.1671 ], [ -2.3384, 6.1546 ], [ -2.3453, 6.1402 ], [ -2.3419, 6.1371 ], [ -2.3417, 6.1265 ], [ -2.3499, 6.1147 ], [ -2.3566, 6.1115 ], [ -2.3621, 6.1005 ], [ -2.3704, 6.0976 ], [ -2.3733, 6.0864 ], [ -2.3709, 6.0844 ], [ -2.3913, 6.0843 ], [ -2.3992, 6.0898 ], [ -2.412, 6.0879 ], [ -2.4338, 6.107 ], [ -2.4334, 6.1158 ], [ -2.4386, 6.1199 ], [ -2.4464, 6.1166 ], [ -2.4458, 6.1347 ], [ -2.4508, 6.1417 ], [ -2.4451, 6.1549 ], [ -2.4669, 6.1485 ], [ -2.5117, 6.1497 ], [ -2.5122, 6.1716 ], [ -2.5308, 6.177 ], [ -2.5259, 6.1828 ], [ -2.5164, 6.185 ], [ -2.5161, 6.1877 ], [ -2.5259, 6.1916 ], [ -2.5356, 6.1912 ], [ -2.5443, 6.1979 ], [ -2.5498, 6.1935 ], [ -2.5672, 6.1926 ], [ -2.567, 6.1981 ], [ -2.5703, 6.1987 ], [ -2.5687, 6.2032 ], [ -2.5747, 6.2067 ], [ -2.5767, 6.2042 ], [ -2.5782, 6.2077 ], [ -2.5796, 6.2051 ], [ -2.5821, 6.2103 ], [ -2.5803, 6.2146 ], [ -2.578, 6.2132 ], [ -2.5776, 6.2164 ], [ -2.574, 6.2167 ], [ -2.5774, 6.2198 ], [ -2.5734, 6.2208 ], [ -2.5715, 6.2181 ], [ -2.5705, 6.2228 ], [ -2.5648, 6.2255 ], [ -2.5659, 6.2334 ], [ -2.5866, 6.2417 ], [ -2.5915, 6.2509 ], [ -2.6138, 6.2351 ], [ -2.6268, 6.2388 ], [ -2.6488, 6.2262 ], [ -2.6499, 6.2227 ], [ -2.6649, 6.2227 ], [ -2.6714, 6.2331 ], [ -2.6766, 6.2323 ], [ -2.6812, 6.2397 ] ] ] } },
{ "type": "Feature", "properties": { "shapeName": "Jaman North", "shapeID": "2480657B44306962794399" }, "geometry": { "type": "Polygon", "coordinates": [ [ [ -2.5881, 7.6802 ], [ -2.6103, 7.6749 ], [ -2.638, 7.6752 ], [ -2.6441, 7.6778 ], [ -2.668, 7.6726 ], [ -2.6692, 7.6818 ], [ -2.6768, 7.6924 ], [ -2.6874, 7.6973 ], [ -2.6929, 7.6927 ], [ -2.7033, 7.6964 ], [ -2.7047, 7.7051 ], [ -2.7096, 7.7057 ], [ -2.7171, 7.716 ], [ -2.7196, 7.7143 ], [ -2.723, 7.7168 ], [ -2.7292, 7.735 ], [ -2.743, 7.7413 ], [ -2.755, 7.7572 ], [ -2.7547, 7.7611 ], [ -2.7626, 7.7661 ], [ -2.7671, 7.776 ], [ -2.763, 7.7798 ], [ -2.7655, 7.7868 ], [ -2.7621, 7.789 ], [ -2.7675, 7.7948 ], [ -2.7797, 7.7936 ], [ -2.7927, 7.8062 ], [ -2.806, 7.8081 ], [ -2.8251, 7.8244 ], [ -2.8329, 7.8486 ], [ -2.8252, 7.8682 ], [ -2.8221, 7.9124 ], [ -2.8103, 7.9385 ], [ -2.8086, 7.9656 ], [ -2.7931, 7.9837 ], [ -2.7717, 7.9971 ], [ -2.7516, 8.0018 ], [ -2.7127, 8.0172 ], [ -2.6956, 8.0298 ], [ -2.662, 8.0421 ], [ -2.6527, 8.0422 ], [ -2.6367, 8.0547 ], [ -2.6314, 8.0532 ], [ -2.6362, 8.0671 ], [ -2.6299, 8.1151 ], [ -2.6085, 8.1519 ], [ -2.5899, 8.1524 ], [ -2.5762, 8.1448 ], [ -2.5654, 8.1493 ], [ -2.5597, 8.1434 ], [ -2.5554, 8.1469 ], [ -2.5461, 8.1433 ], [ -2.5396, 8.1466 ], [ -2.5362, 8.1444 ], [ -2.5287, 8.1505 ], [ -2.5318, 8.1281 ], [ -2.537, 8.1158 ], [ -2.525, 8.0989 ], [ -2.5279, 8.0864 ], [ -2.521, 8.061 ], [ -2.516, 8.0542 ], [ -2.5262, 8.0272 ], [ -2.528, 8.01 ], [ -2.5329, 8.0021 ], [ -2.5426, 7.9971 ], [ -2.5386, 7.9833 ], [ -2.5502, 7.9822 ], [ -2.5556, 7.9731 ], [ -2.5585, 7.9585 ], [ -2.579, 7.9553 ], [ -2.5798, 7.9429 ], [ -2.574, 7.9327 ], [ -2.5804, 7.9215 ], [ -2.6086, 7.9129 ], [ -2.6072, 7.9035 ], [ -2.5983, 7.8983 ], [ -2.5964, 7.887 ], [ -2.593, 7.8854 ], [ -2.5964, 7.8814 ], [ -2.5928, 7.8783 ], [ -2.5947, 7.8722 ], [ -2.5871, 7.8676 ], [ -2.5831, 7.8585 ], [ -2.5807, 7.8311 ], [ -2.5709, 7.7955 ], [ -2.5727, 7.7729 ], [ -2.5875, 7.7628 ], [ -2.5761, 7.7517 ], [ -2.5844, 7.7433 ], [ -2.5876, 7.7346 ], [ -2.5793, 7.7296 ], [ -2.5774, 7.7237 ], [ -2.5887, 7.7124 ], [ -2.5918, 7.7026 ], [ -2.5881, 7.6802 ] ] ] } },
{ "type": "Feature", "properties": { "shapeName": "Asunafo South", "shapeID": "2480657B2337940648547" }, "geometry": { "type": "Polygon", "coordinates": [ [ [ -2.832, 6.6304 ], [ -2.8145, 6.6362 ], [ -2.8091, 6.6442 ], [ -2.8012, 6.6394 ], [ -2.7893, 6.6411 ], [ -2.7863, 6.6445 ], [ -2.7877, 6.6497 ], [ -2.769, 6.6417 ], [ -2.7562, 6.6459 ], [ -2.7485, 6.6445 ], [ -2.7386, 6.6503 ], [ -2.7363, 6.6443 ], [ -2.7159, 6.6597 ], [ -2.7029, 6.6655 ], [ -2.7, 6.672 ], [ -2.7028, 6.6782 ], [ -2.682, 6.6949 ], [ -2.6708, 6.6985 ], [ -2.6681, 6.7096 ], [ -2.6561, 6.7138 ], [ -2.6526, 6.7211 ], [ -2.6451, 6.7146 ], [ -2.6322, 6.7098 ], [ -2.6241, 6.6906 ], [ -2.5715, 6.6713 ], [ -2.5741, 6.6658 ], [ -2.5834, 6.6599 ], [ -2.5996, 6.6657 ], [ -2.6095, 6.6568 ], [ -2.6158, 6.6559 ], [ -2.5378, 6.6021 ], [ -2.5331, 6.6026 ], [ -2.536, 6.6056 ], [ -2.5252, 6.6209 ], [ -2.5178, 6.6168 ], [ -2.5136, 6.621 ], [ -2.5038, 6.6468 ], [ -2.5, 6.6488 ], [ -2.5061, 6.6569 ], [ -2.5035, 6.6703 ], [ -2.5111, 6.6801 ], [ -2.5065, 6.7042 ], [ -2.5138, 6.7054 ], [ -2.5093, 6.7259 ], [ -2.5158, 6.7322 ], [ -2.5125, 6.7476 ], [ -2.5034, 6.7521 ], [ -2.5068, 6.7637 ], [ -2.4921, 6.7688 ], [ -2.4681, 6.7646 ], [ -2.4609, 6.7604 ], [ -2.4476, 6.7628 ], [ -2.4418, 6.7599 ], [ -2.4363, 6.7547 ], [ -2.4387, 6.7524 ], [ -2.4359, 6.741 ], [ -2.4304, 6.7392 ], [ -2.4317, 6.7355 ], [ -2.4233, 6.7355 ], [ -2.4219, 6.7329 ], [ -2.4262, 6.7221 ], [ -2.4205, 6.7203 ], [ -2.4212, 6.7152 ], [ -2.4153, 6.7097 ], [ -2.4083, 6.7091 ], [ -2.4093, 6.6995 ], [ -2.4152, 6.692 ], [ -2.4093, 6.687 ], [ -2.4177, 6.6815 ], [ -2.4063, 6.676 ], [ -2.4146, 6.6705 ], [ -2.4125, 6.6689 ], [ -2.4176, 6.6569 ], [ -2.4128, 6.6507 ], [ -2.4077, 6.6518 ], [ -2.4066, 6.6483 ], [ -2.4, 6.6508 ], [ -2.3953, 6.6482 ], [ -2.3976, 6.6441 ], [ -2.3948, 6.6434 ], [ -2.3979, 6.6402 ], [ -2.3961, 6.6389 ], [ -2.3998, 6.6378 ], [ -2.3998, 6.64 ], [ -2.4029, 6.6349 ], [ -2.3988, 6.6256 ], [ -2.3923, 6.6243 ], [ -2.3954, 6.617 ], [ -2.392, 6.6142 ], [ -2.3947, 6.612 ], [ -2.39, 6.6093 ], [ -2.3835, 6.6107 ], [ -2.3839, 6.598 ], [ -2.3801, 6.5968 ], [ -2.3786, 6.6005 ], [ -2.3782, 6.5973 ], [ -2.3711, 6.5948 ], [ -2.3729, 6.5887 ], [ -2.381, 6.583 ], [ -2.3796, 6.572 ], [ -2.3856, 6.568 ], [ -2.3853, 6.5574 ], [ -2.3822, 6.5504 ], [ -2.3766, 6.5481 ], [ -2.378, 6.5417 ], [ -2.3748, 6.539 ], [ -2.3811, 6.5374 ], [ -2.3841, 6.5322 ], [ -2.3818, 6.5267 ], [ -2.3861, 6.5232 ], [ -2.3921, 6.5243 ], [ -2.3973, 6.5213 ], [ -2.3972, 6.503 ], [ -2.4038, 6.5081 ], [ -2.403, 6.5048 ], [ -2.4112, 6.5009 ], [ -2.41, 6.4955 ], [ -2.4129, 6.4978 ], [ -2.416, 6.4959 ], [ -2.414, 6.49 ], [ -2.4193, 6.4884 ], [ -2.4237, 6.4924 ], [ -2.4233, 6.4869 ], [ -2.4269, 6.4841 ], [ -2.4233, 6.4766 ], [ -2.4191, 6.4784 ], [ -2.4235, 6.4757 ], [ -2.4215, 6.4732 ], [ -2.4308, 6.4733 ], [ -2.4293, 6.471 ], [ -2.4339, 6.4663 ], [ -2.4314, 6.4641 ], [ -2.4347, 6.4654 ], [ -2.4366, 6.4596 ], [ -2.4424, 6.4576 ], [ -2.4436, 6.4447 ], [ -2.4461, 6.4431 ], [ -2.4386, 6.4429 ], [ -2.4387, 6.4392 ], [ -2.4472, 6.4344 ], [ -2.4466, 6.4306 ], [ -2.4514, 6.4311 ], [ -2.4391, 6.4282 ], [ -2.4406, 6.417 ], [ -2.4386, 6.4164 ], [ -2.438, 6.4209 ], [ -2.4348, 6.4168 ], [ -2.4288, 6.4171 ], [ -2.4271, 6.4113 ], [ -2.4239, 6.4107 ], [ -2.4258, 6.4074 ], [ -2.4222, 6.4079 ], [ -2.4207, 6.4046 ], [ -2.4252, 6.4049 ], [ -2.4263, 6.4015 ], [ -2.4233, 6.3954 ], [ -2.4262, 6.382 ], [ -2.424, 6.3801 ], [ -2.4293, 6.3711 ], [ -2.4265, 6.3636 ], [ -2.4283, 6.3585 ], [ -2.4348, 6.3548 ], [ -2.4476, 6.3711 ], [ -2.4593, 6.3786 ], [ -2.4686, 6.3805 ], [ -2.4688, 6.3916 ], [ -2.477, 6.4027 ], [ -2.4859, 6.4086 ], [ -2.498, 6.4101 ], [ -2.5039, 6.4152 ], [ -2.5469, 6.4005 ], [ -2.5477, 6.4097 ], [ -2.5529, 6.4197 ], [ -2.5572, 6.4212 ], [ -2.5589, 6.4297 ], [ -2.5524, 6.4322 ], [ -2.5512, 6.4376 ], [ -2.5397, 6.4483 ], [ -2.5268, 6.4549 ], [ -2.5274, 6.462 ], [ -2.533, 6.4598 ], [ -2.5434, 6.4638 ], [ -2.5622, 6.4808 ], [ -2.5852, 6.4897 ], [ -2.5989, 6.5124 ], [ -2.6061, 6.5196 ], [ -2.6196, 6.5252 ], [ -2.6459, 6.53 ], [ -2.6494, 6.5257 ], [ -2.6564, 6.5294 ], [ -2.6634, 6.5251 ], [ -2.6687, 6.5114 ], [ -2.6727, 6.5098 ], [ -2.6811, 6.572 ], [ -2.6945, 6.5777 ], [ -2.7018, 6.5853 ], [ -2.7273, 6.5888 ], [ -2.7481, 6.5807 ], [ -2.7631, 6.5844 ], [ -2.7798, 6.5758 ], [ -2.7888, 6.6014 ], [ -2.7938, 6.6013 ], [ -2.8008, 6.607 ], [ -2.8037, 6.616 ], [ -2.816, 6.6167 ], [ -2.8245, 6.626 ], [ -2.8309, 6.6268 ], [ -2.832, 6.6304 ] ] ] } },
{ "type": "Feature", "properties": { "shapeName": "Tain", "shapeID": "2480657B14065489870616" }, "geometry": { "type": "Polygon", "coordinates": [ [ [ -2.1499, 7.9952 ], [ -2.1449, 7.9841 ], [ -2.1381, 7.9778 ], [ -2.143, 7.9706 ], [ -2.1432, 7.9631 ], [ -2.1374, 7.9548 ], [ -2.14, 7.9464 ], [ -2.1479, 7.943 ], [ -2.1459, 7.9348 ], [ -2.1493, 7.9339 ], [ -2.1528, 7.9385 ], [ -2.1576, 7.9362 ], [ -2.1579, 7.9218 ], [ -2.1643, 7.9143 ], [ -2.1533, 7.9016 ], [ -2.1488, 7.8913 ], [ -2.1418, 7.8863 ], [ -2.1443, 7.8837 ], [ -2.1482, 7.8852 ], [ -2.1481, 7.8814 ], [ -2.1386, 7.8751 ], [ -2.1362, 7.8695 ], [ -2.1385, 7.8662 ], [ -2.1528, 7.869 ], [ -2.1499, 7.8594 ], [ -2.1524, 7.8549 ], [ -2.1468, 7.8439 ], [ -2.1573, 7.8433 ], [ -2.1543, 7.8364 ], [ -2.1502, 7.8368 ], [ -2.1559, 7.8313 ], [ -2.1661, 7.8349 ], [ -2.1665, 7.8155 ], [ -2.1815, 7.8034 ], [ -2.1882, 7.8027 ], [ -2.1959, 7.7968 ], [ -2.1978, 7.7775 ], [ -2.1949, 7.7611 ], [ -2.1974, 7.7581 ], [ -2.2026, 7.761 ], [ -2.2115, 7.7557 ], [ -2.205, 7.7499 ], [ -2.1981, 7.7503 ], [ -2.1963, 7.7447 ], [ -2.1998, 7.739 ], [ -2.2058, 7.7392 ], [ -2.2015, 7.7355 ], [ -2.2032, 7.7263 ], [ -2.2087, 7.7215 ], [ -2.2103, 7.7152 ], [ -2.2139, 7.7129 ], [ -2.2186, 7.7148 ], [ -2.2198, 7.7103 ], [ -2.2161, 7.6913 ], [ -2.2075, 7.6896 ], [ -2.2024, 7.683 ], [ -2.203, 7.6734 ], [ -2.2153, 7.6678 ], [ -2.2122, 7.6537 ], [ -2.2239, 7.6396 ], [ -2.2175, 7.6334 ], [ -2.2183, 7.625 ], [ -2.2149, 7.6193 ], [ -2.2196, 7.6089 ], [ -2.2637, 7.606 ], [ -2.2671, 7.604 ], [ -2.2684, 7.5945 ], [ -2.2723, 7.5934 ], [ -2.2729, 7.5855 ], [ -2.2803, 7.5845 ], [ -2.2881, 7.5898 ], [ -2.3101, 7.5765 ], [ -2.3207, 7.58 ], [ -2.3305, 7.5763 ], [ -2.336, 7.5802 ], [ -2.3379, 7.5766 ], [ -2.3507, 7.5724 ], [ -2.3605, 7.5737 ], [ -2.3682, 7.5669 ], [ -2.384, 7.5689 ], [ -2.3846, 7.5629 ], [ -2.3923, 7.5738 ], [ -2.4068, 7.5748 ], [ -2.4166, 7.5699 ], [ -2.4279, 7.5736 ], [ -2.4318, 7.5808 ], [ -2.4386, 7.5836 ], [ -2.4448, 7.5917 ], [ -2.4576, 7.5949 ], [ -2.4636, 7.6009 ], [ -2.4867, 7.5933 ], [ -2.4983, 7.605 ], [ -2.5092, 7.6088 ], [ -2.5154, 7.6215 ], [ -2.5206, 7.624 ], [ -2.5238, 7.6209 ], [ -2.531, 7.6228 ], [ -2.5322, 7.6307 ], [ -2.542, 7.6473 ], [ -2.5423, 7.6589 ], [ -2.5595, 7.6635 ], [ -2.5747, 7.6756 ], [ -2.5881, 7.6802 ], [ -2.5918, 7.7026 ], [ -2.5887, 7.7124 ], [ -2.5774, 7.7237 ], [ -2.5793, 7.7296 ], [ -2.5876, 7.7346 ], [ -2.5844, 7.7433 ], [ -2.5761, 7.7517 ], [ -2.5875, 7.7628 ], [ -2.5727, 7.7729 ], [ -2.5709, 7.7955 ], [ -2.5807, 7.8311 ], [ -2.5831, 7.8585 ], [ -2.5871, 7.8676 ], [ -2.5947, 7.8722 ], [ -2.5928, 7.8783 ], [ -2.5964, 7.8814 ], [ -2.593, 7.8854 ], [ -2.5964, 7.887 ], [ -2.5983, 7.8983 ], [ -2.6072, 7.9035 ], [ -2.6086, 7.9129 ], [ -2.5804, 7.9215 ], [ -2.574, 7.9327 ], [ -2.5798, 7.9429 ], [ -2.579, 7.9553 ], [ -2.5585, 7.9585 ], [ -2.5556, 7.9731 ], [ -2.5502, 7.9822 ], [ -2.544, 7.9844 ], [ -2.5367, 7.982 ], [ -2.5359, 7.9778 ], [ -2.5142, 7.9585 ], [ -2.5047, 7.9438 ], [ -2.4964, 7.9412 ], [ -2.4886, 7.928 ], [ -2.4892, 7.9218 ], [ -2.4797, 7.9185 ], [ -2.4712, 7.9225 ], [ -2.4448, 7.9684 ], [ -2.435, 7.9756 ], [ -2.4318, 7.9847 ], [ -2.4408, 7.9982 ], [ -2.4351, 8.0195 ], [ -2.405, 8.0085 ], [ -2.3955, 8.0119 ], [ -2.3848, 8.0062 ], [ -2.3711, 8.006 ], [ -2.3556, 7.9968 ], [ -2.355, 7.9883 ], [ -2.3512, 7.9827 ], [ -2.3417, 7.9791 ], [ -2.3405, 7.976 ], [ -2.3339, 7.9807 ], [ -2.3336, 7.9843 ], [ -2.3221, 7.9894 ], [ -2.3111, 7.9838 ], [ -2.3001, 7.987 ], [ -2.2862, 7.9791 ], [ -2.271, 7.9754 ], [ -2.2638, 7.9679 ], [ -2.2464, 7.9627 ], [ -2.2409, 7.9643 ], [ -2.2293, 7.9578 ], [ -2.221, 7.9587 ], [ -2.2085, 7.9529 ], [ -2.203, 7.9579 ], [ -2.199, 7.9564 ], [ -2.1914, 7.9603 ], [ -2.1902, 7.9652 ], [ -2.1754, 7.964 ], [ -2.171, 7.9761 ], [ -2.1653, 7.974 ], [ -2.1583, 7.9933 ], [ -2.1499, 7.9952 ] ] ] } },
{ "type": "Feature", "properties": { "shapeName": "Nkoranza South", "shapeID": "2480657B38880944597072" }, "geometry": { "type": "Polygon", "coordinates": [ [ [ -1.7739, 7.5774 ], [ -1.7676, 7.5724 ], [ -1.7445, 7.5779 ], [ -1.7429, 7.5748 ], [ -1.7359, 7.5753 ], [ -1.7278, 7.5815 ], [ -1.7246, 7.5805 ], [ -1.7234, 7.5858 ], [ -1.7115, 7.5906 ], [ -1.7106, 7.595 ], [ -1.701, 7.59 ], [ -1.6985, 7.5931 ], [ -1.6897, 7.5937 ], [ -1.6809, 7.5891 ], [ -1.6559, 7.5917 ], [ -1.6498, 7.589 ], [ -1.6471, 7.583 ], [ -1.6295, 7.5774 ], [ -1.6187, 7.5685 ], [ -1.6129, 7.5737 ], [ -1.5878, 7.5689 ], [ -1.5876, 7.5644 ], [ -1.5777, 7.5644 ], [ -1.5698, 7.5585 ], [ -1.5612, 7.5618 ], [ -1.5504, 7.558 ], [ -1.533, 7.5631 ], [ -1.5301, 7.5674 ], [ -1.5215, 7.5602 ], [ -1.5052, 7.5578 ], [ -1.4955, 7.5599 ], [ -1.4865, 7.5672 ], [ -1.4813, 7.5668 ], [ -1.4773, 7.5774 ], [ -1.4739, 7.5793 ], [ -1.4705, 7.577 ], [ -1.4702, 7.5849 ], [ -1.4658, 7.5827 ], [ -1.4534, 7.5857 ], [ -1.4464, 7.5763 ], [ -1.4355, 7.5826 ], [ -1.4248, 7.5818 ], [ -1.4251, 7.5763 ], [ -1.4336, 7.5735 ], [ -1.4357, 7.5586 ], [ -1.4625, 7.5246 ], [ -1.4724, 7.4966 ], [ -1.4912, 7.4842 ], [ -1.5202, 7.45 ], [ -1.512, 7.4412 ], [ -1.5096, 7.4291 ], [ -1.5092, 7.4221 ], [ -1.5157, 7.41 ], [ -1.5155, 7.3909 ], [ -1.521, 7.3916 ], [ -1.5218, 7.3968 ], [ -1.5261, 7.399 ], [ -1.5391, 7.3957 ], [ -1.5637, 7.4053 ], [ -1.5766, 7.4028 ], [ -1.5925, 7.3844 ], [ -1.6067, 7.3597 ], [ -1.6186, 7.3509 ], [ -1.6264, 7.3379 ], [ -1.6358, 7.3392 ], [ -1.641, 7.3361 ], [ -1.6429, 7.3289 ], [ -1.6409, 7.3251 ], [ -1.6542, 7.3135 ], [ -1.6572, 7.3199 ], [ -1.6754, 7.3197 ], [ -1.6787, 7.3248 ], [ -1.6997, 7.3213 ], [ -1.711, 7.3243 ], [ -1.7179, 7.3166 ], [ -1.7265, 7.3171 ], [ -1.7285, 7.3118 ], [ -1.7397, 7.3207 ], [ -1.7615, 7.322 ], [ -1.7729, 7.3465 ], [ -1.7793, 7.3509 ], [ -1.7926, 7.3473 ], [ -1.8072, 7.3485 ], [ -1.8292, 7.3936 ], [ -1.8399, 7.4251 ], [ -1.836, 7.471 ], [ -1.8398, 7.4718 ], [ -1.8564, 7.4612 ], [ -1.8634, 7.4677 ], [ -1.8635, 7.4769 ], [ -1.8516, 7.4799 ], [ -1.8483, 7.4924 ], [ -1.8573, 7.4995 ], [ -1.842, 7.4941 ], [ -1.815, 7.507 ], [ -1.8105, 7.5255 ], [ -1.8123, 7.5298 ], [ -1.7932, 7.544 ], [ -1.7972, 7.5476 ], [ -1.7933, 7.5536 ], [ -1.7997, 7.5643 ], [ -1.8054, 7.5683 ], [ -1.8093, 7.5667 ], [ -1.8096, 7.5722 ], [ -1.8034, 7.5768 ], [ -1.7926, 7.5689 ], [ -1.7813, 7.5774 ], [ -1.7739, 7.5774 ] ] ] } },
{ "type": "Feature", "properties": { "shapeName": "Sekyere Kumawu", "shapeID": "2480657B32008532681061" }, "geometry": { "type": "Polygon", "coordinates": [ [ [ -1.4131, 6.8988 ], [ -1.4156, 6.9102 ], [ -1.3932, 6.9258 ], [ -1.39, 6.9409 ], [ -1.3834, 6.9519 ], [ -1.3782, 6.9553 ], [ -1.3624, 6.9554 ], [ -1.3508, 6.9766 ], [ -1.3339, 6.9731 ], [ -1.3026, 6.9799 ], [ -1.299, 6.9853 ], [ -1.2642, 6.975 ], [ -1.2547, 6.9664 ], [ -1.2402, 6.9801 ], [ -1.2355, 6.9807 ], [ -1.2194, 7.0005 ], [ -1.2202, 7.0038 ], [ -1.1779, 7.0085 ], [ -1.1703, 7.0139 ], [ -1.1638, 7.025 ], [ -1.1386, 7.0415 ], [ -1.1222, 7.0174 ], [ -1.1661, 6.9849 ], [ -1.1713, 6.9762 ], [ -1.1809, 6.9709 ], [ -1.1839, 6.9633 ], [ -1.1948, 6.9664 ], [ -1.1982, 6.9622 ], [ -1.2042, 6.9638 ], [ -1.2067, 6.9585 ], [ -1.2129, 6.9576 ], [ -1.2149, 6.9486 ], [ -1.198, 6.9499 ], [ -1.1895, 6.9557 ], [ -1.1773, 6.9535 ], [ -1.1659, 6.9611 ], [ -1.1578, 6.9596 ], [ -1.1473, 6.9644 ], [ -1.1377, 6.9576 ], [ -1.1334, 6.9601 ], [ -1.1296, 6.9565 ], [ -1.1151, 6.9594 ], [ -1.0937, 6.9532 ], [ -1.0887, 6.947 ], [ -1.0673, 6.9474 ], [ -1.0493, 6.9419 ], [ -1.0527, 6.932 ], [ -1.062, 6.9221 ], [ -1.0592, 6.9168 ], [ -1.0662, 6.9024 ], [ -1.0752, 6.8971 ], [ -1.0863, 6.8989 ], [ -1.0957, 6.8866 ], [ -1.0971, 6.8822 ], [ -1.0887, 6.8754 ], [ -1.0964, 6.8655 ], [ -1.0975, 6.8506 ], [ -1.1058, 6.8433 ], [ -1.1056, 6.8225 ], [ -1.1007, 6.8176 ], [ -1.1012, 6.8139 ], [ -1.1045, 6.8111 ], [ -1.1048, 6.7998 ], [ -1.1142, 6.7901 ], [ -1.1165, 6.7802 ], [ -1.1312, 6.7788 ], [ -1.1398, 6.7835 ], [ -1.1513, 6.7774 ], [ -1.1602, 6.7837 ], [ -1.1647, 6.7832 ], [ -1.1698, 6.7869 ], [ -1.169, 6.7908 ], [ -1.1468, 6.7981 ], [ -1.1489, 6.8084 ], [ -1.156, 6.8083 ], [ -1.155, 6.804 ], [ -1.1628, 6.7963 ], [ -1.1718, 6.7962 ], [ -1.178, 6.7987 ], [ -1.1767, 6.8051 ], [ -1.1938, 6.8035 ], [ -1.2071, 6.8139 ], [ -1.2118, 6.8215 ], [ -1.2208, 6.8227 ], [ -1.2235, 6.8294 ], [ -1.2339, 6.8306 ], [ -1.2385, 6.8359 ], [ -1.2471, 6.8375 ], [ -1.2604, 6.8304 ], [ -1.2672, 6.833 ], [ -1.2763, 6.823 ], [ -1.2842, 6.8239 ], [ -1.3, 6.8397 ], [ -1.3056, 6.8409 ], [ -1.3137, 6.8525 ], [ -1.3237, 6.8552 ], [ -1.3334, 6.8648 ], [ -1.3383, 6.8665 ], [ -1.3464, 6.86 ], [ -1.3588, 6.8705 ], [ -1.3875, 6.8705 ], [ -1.3906, 6.8731 ], [ -1.3874, 6.879 ], [ -1.3905, 6.8873 ], [ -1.4028, 6.8871 ], [ -1.4131, 6.8988 ] ] ] } },
{ "type": "Feature", "properties": { "shapeName": "Bole", "shapeID": "2480657B39398526932747" }, "geometry": { "type": "Polygon", "coordinates": [ [ [ -2.7116, 9.2102 ], [ -2.694, 9.1949 ], [ -2.6833, 9.1915 ], [ -2.6702, 9.1969 ], [ -2.6572, 9.1933 ], [ -2.6448, 9.1854 ], [ -2.6349, 9.1875 ], [ -2.6289, 9.1926 ], [ -2.6193, 9.1935 ], [ -2.6074, 9.1875 ], [ -2.6036, 9.1909 ], [ -2.5935, 9.1889 ], [ -2.579, 9.1932 ], [ -2.5694, 9.1909 ], [ -2.4822, 9.2097 ], [ -2.4688, 9.2164 ], [ -2.4697, 9.2225 ], [ -2.4583, 9.226 ], [ -2.452, 9.2359 ], [ -2.4144, 9.2341 ], [ -2.4063, 9.2366 ], [ -2.4035, 9.2347 ], [ -2.4095, 9.2093 ], [ -2.3997, 9.1896 ], [ -2.4036, 9.1733 ], [ -2.3911, 9.1691 ], [ -2.3785, 9.1483 ], [ -2.3654, 9.1368 ], [ -2.3619, 9.1363 ], [ -2.3577, 9.1474 ], [ -2.3502, 9.1548 ], [ -2.3446, 9.1541 ], [ -2.332, 9.145 ], [ -2.285, 9.157 ], [ -2.2704, 9.1532 ], [ -2.2634, 9.1564 ], [ -2.2428, 9.1445 ], [ -2.2311, 9.1414 ], [ -2.225, 9.1298 ], [ -2.2231, 9.1313 ], [ -2.2172, 9.1251 ], [ -2.208, 9.1223 ], [ -2.2042, 9.1169 ], [ -2.188, 9.1115 ], [ -2.1831, 9.1053 ], [ -2.1754, 9.1022 ], [ -2.1653, 9.0772 ], [ -2.1516, 9.0671 ], [ -2.1371, 9.0643 ], [ -2.1343, 9.0572 ], [ -2.1308, 9.057 ], [ -2.1228, 9.0473 ], [ -2.1178, 9.035 ], [ -2.1094, 9.0329 ], [ -2.1053, 9.0283 ], [ -2.0699, 9.0298 ], [ -2.0506, 9.0171 ], [ -2.0424, 9.0211 ], [ -2.0342, 9.0168 ], [ -2.0348, 9.0118 ], [ -2.0398, 9.0094 ], [ -2.0467, 8.997 ], [ -2.0576, 9.0025 ], [ -2.0698, 8.9998 ], [ -2.0716, 8.9937 ], [ -2.0798, 8.991 ], [ -2.105, 8.9962 ], [ -2.111, 8.9909 ], [ -2.127, 8.9863 ], [ -2.1301, 8.9882 ], [ -2.141, 8.9848 ], [ -2.1563, 8.9884 ], [ -2.2194, 8.9623 ], [ -2.2329, 8.9666 ], [ -2.258, 8.9539 ], [ -2.2527, 8.9518 ], [ -2.229, 8.9217 ], [ -2.2113, 8.9141 ], [ -2.1922, 8.8971 ], [ -2.1828, 8.8959 ], [ -2.1822, 8.8904 ], [ -2.1712, 8.8744 ], [ -2.1463, 8.8613 ], [ -2.1441, 8.8404 ], [ -2.1288, 8.828 ], [ -2.12, 8.8331 ], [ -2.1122, 8.829 ], [ -2.1082, 8.8203 ], [ -2.0787, 8.8252 ], [ -2.0581, 8.8231 ], [ -2.0457, 8.8269 ], [ -2.0404, 8.8197 ], [ -2.0154, 8.8127 ], [ -2.0165, 8.8083 ], [ -2.0113, 8.799 ], [ -2.0124, 8.7914 ], [ -2.0075, 8.7929 ], [ -2.0111, 8.7866 ], [ -2.008, 8.7685 ], [ -1.9958, 8.7584 ], [ -1.995, 8.7526 ], [ -1.9887, 8.7513 ], [ -1.9854, 8.7553 ], [ -1.9827, 8.752 ], [ -1.9724, 8.7555 ], [ -1.9643, 8.743 ], [ -1.9627, 8.7454 ], [ -1.961, 8.7429 ], [ -1.9555, 8.7452 ], [ -1.9444, 8.7427 ], [ -1.9341, 8.747 ], [ -1.9338, 8.744 ], [ -1.9281, 8.7449 ], [ -1.9256, 8.7419 ], [ -1.9181, 8.7466 ], [ -1.9077, 8.7449 ], [ -1.893, 8.7336 ], [ -1.8937, 8.728 ], [ -1.8847, 8.7244 ], [ -1.8807, 8.7171 ], [ -1.8779, 8.7178 ], [ -1.8744, 8.7094 ], [ -1.8769, 8.7072 ], [ -1.8715, 8.7022 ], [ -1.8725, 8.6955 ], [ -1.8698, 8.6946 ], [ -1.8656, 8.6801 ], [ -1.8652, 8.6596 ], [ -1.857, 8.6516 ], [ -1.8718, 8.6347 ], [ -1.8896, 8.5856 ], [ -1.8929, 8.5561 ], [ -1.8968, 8.5528 ], [ -1.8987, 8.5403 ], [ -1.8831, 8.4802 ], [ -1.8864, 8.4645 ], [ -1.8932, 8.4548 ], [ -1.9043, 8.4478 ], [ -1.9098, 8.4385 ], [ -1.9081, 8.3976 ], [ -1.8834, 8.3476 ], [ -1.8709, 8.334 ], [ -1.8456, 8.3293 ], [ -1.8163, 8.3393 ], [ -1.8029, 8.3394 ], [ -1.7909, 8.3367 ], [ -1.7699, 8.3227 ], [ -1.7666, 8.3097 ], [ -1.748, 8.2792 ], [ -1.7466, 8.2705 ], [ -1.7474, 8.2621 ], [ -1.7566, 8.2484 ], [ -1.7728, 8.2315 ], [ -1.7856, 8.2262 ], [ -1.7997, 8.2262 ], [ -1.8371, 8.2505 ], [ -1.8684, 8.2594 ], [ -1.8951, 8.2616 ], [ -1.908, 8.2469 ], [ -1.9136, 8.2296 ], [ -1.9298, 8.2128 ], [ -1.9405, 8.1895 ], [ -1.9594, 8.1704 ], [ -2.0054, 8.1557 ], [ -2.03, 8.1552 ], [ -2.0429, 8.1477 ], [ -2.0647, 8.1461 ], [ -2.0946, 8.1559 ], [ -2.1173, 8.1571 ], [ -2.1216, 8.1497 ], [ -2.1277, 8.1476 ], [ -2.1357, 8.1518 ], [ -2.1536, 8.1714 ], [ -2.1621, 8.1736 ], [ -2.1683, 8.212 ], [ -2.1759, 8.2182 ], [ -2.1915, 8.2219 ], [ -2.2051, 8.2318 ], [ -2.213, 8.2415 ], [ -2.2091, 8.2468 ], [ -2.2118, 8.2549 ], [ -2.2189, 8.2614 ], [ -2.2297, 8.2634 ], [ -2.2397, 8.2812 ], [ -2.2525, 8.2768 ], [ -2.2755, 8.2931 ], [ -2.2885, 8.2969 ], [ -2.2856, 8.3193 ], [ -2.2953, 8.3269 ], [ -2.2973, 8.3433 ], [ -2.305, 8.3548 ], [ -2.3008, 8.3627 ], [ -2.2994, 8.3848 ], [ -2.3077, 8.3897 ], [ -2.3096, 8.4007 ], [ -2.3253, 8.4174 ], [ -2.3371, 8.4543 ], [ -2.3523, 8.4614 ], [ -2.3555, 8.4693 ], [ -2.3654, 8.4747 ], [ -2.3693, 8.4855 ], [ -2.3708, 8.5003 ], [ -2.3579, 8.5207 ], [ -2.367, 8.5399 ], [ -2.3712, 8.5393 ], [ -2.3835, 8.5541 ], [ -2.3986, 8.5571 ], [ -2.4023, 8.5643 ], [ -2.4102, 8.567 ], [ -2.4149, 8.5744 ], [ -2.4193, 8.5934 ], [ -2.4173, 8.6119 ], [ -2.4422, 8.63 ], [ -2.4551, 8.6482 ], [ -2.4646, 8.6522 ], [ -2.4883, 8.6858 ], [ -2.4903, 8.6994 ], [ -2.5007, 8.7199 ], [ -2.513, 8.73 ], [ -2.5256, 8.7325 ], [ -2.5356, 8.7393 ], [ -2.543, 8.7615 ], [ -2.5686, 8.7718 ], [ -2.5846, 8.786 ], [ -2.6174, 8.787 ], [ -2.629, 8.7945 ], [ -2.6212, 8.8077 ], [ -2.5981, 8.8222 ], [ -2.5963, 8.8307 ], [ -2.6004, 8.8429 ], [ -2.6072, 8.8477 ], [ -2.6229, 8.8779 ], [ -2.6159, 8.9115 ], [ -2.6182, 8.9221 ], [ -2.627, 8.9297 ], [ -2.6448, 8.936 ], [ -2.6513, 8.944 ], [ -2.6578, 8.9837 ], [ -2.6541, 9.0074 ], [ -2.6597, 9.0069 ], [ -2.6634, 9.0153 ], [ -2.6722, 9.0202 ], [ -2.6886, 9.016 ], [ -2.6887, 9.0188 ], [ -2.6942, 9.0191 ], [ -2.7018, 9.0153 ], [ -2.7057, 9.0209 ], [ -2.7155, 9.0174 ], [ -2.72, 9.0121 ], [ -2.7195, 9.0176 ], [ -2.7135, 9.0228 ], [ -2.7166, 9.0253 ], [ -2.7605, 9.0256 ], [ -2.7721, 9.0327 ], [ -2.7736, 9.0448 ], [ -2.7825, 9.054 ], [ -2.7819, 9.0649 ], [ -2.769, 9.0789 ], [ -2.7656, 9.0879 ], [ -2.7677, 9.1131 ], [ -2.7711, 9.1148 ], [ -2.7676, 9.1149 ], [ -2.7686, 9.1204 ], [ -2.7746, 9.1373 ], [ -2.7791, 9.1373 ], [ -2.7746, 9.1377 ], [ -2.7719, 9.1455 ], [ -2.7636, 9.151 ], [ -2.7486, 9.1552 ], [ -2.7503, 9.1579 ], [ -2.7429, 9.1561 ], [ -2.7369, 9.1595 ], [ -2.7226, 9.1865 ], [ -2.7211, 9.1932 ], [ -2.7254, 9.1956 ], [ -2.725, 9.1989 ], [ -2.7204, 9.195 ], [ -2.7185, 9.2034 ], [ -2.7116, 9.2102 ] ] ] } },
{ "type": "Feature", "properties": { "shapeName": "Sekyere Afram Plains North", "shapeID": "2480657B37542209080123" }, "geometry": { "type": "Polygon", "coordinates": [ [ [ -1.1906, 7.0088 ], [ -1.1899, 7.0317 ], [ -1.1833, 7.0304 ], [ -1.1707, 7.0374 ], [ -1.1616, 7.0457 ], [ -1.1611, 7.051 ], [ -1.1559, 7.0523 ], [ -1.165, 7.0534 ], [ -1.1679, 7.0602 ], [ -1.1816, 7.0707 ], [ -1.1819, 7.0778 ], [ -1.1715, 7.0864 ], [ -1.1579, 7.0893 ], [ -1.1483, 7.0873 ], [ -1.1388, 7.0936 ], [ -1.1247, 7.0873 ], [ -1.1063, 7.0867 ], [ -1.1041, 7.0956 ], [ -1.0959, 7.1043 ], [ -1.0947, 7.1118 ], [ -1.0891, 7.1181 ], [ -1.0902, 7.1216 ], [ -1.0705, 7.1287 ], [ -1.0623, 7.1276 ], [ -1.0553, 7.1324 ], [ -1.0514, 7.1306 ], [ -1.0168, 7.1364 ], [ -0.9975, 7.1359 ], [ -0.9896, 7.1403 ], [ -0.9808, 7.136 ], [ -0.9654, 7.1399 ], [ -0.955, 7.1309 ], [ -0.9416, 7.132 ], [ -0.95, 7.1477 ], [ -0.9589, 7.1527 ], [ -0.9635, 7.1613 ], [ -0.9624, 7.1771 ], [ -0.9457, 7.1938 ], [ -0.9494, 7.2278 ], [ -0.9435, 7.2469 ], [ -0.9328, 7.2576 ], [ -0.9295, 7.2656 ], [ -0.9213, 7.2715 ], [ -0.9081, 7.2966 ], [ -0.907, 7.3483 ], [ -0.9146, 7.4047 ], [ -0.9628, 7.4148 ], [ -0.9784, 7.4036 ], [ -1.0046, 7.4024 ], [ -1.0114, 7.4054 ], [ -1.0376, 7.4067 ], [ -1.064, 7.4156 ], [ -1.0724, 7.4271 ], [ -1.0694, 7.4331 ], [ -1.0708, 7.4445 ], [ -1.0646, 7.4588 ], [ -1.0679, 7.4639 ], [ -1.0684, 7.5016 ], [ -1.0526, 7.5086 ], [ -1.0453, 7.5155 ], [ -1.0408, 7.5275 ], [ -1.0356, 7.5269 ], [ -1.0247, 7.534 ], [ -1.018, 7.5322 ], [ -1.0148, 7.5348 ], [ -1.0023, 7.5282 ], [ -0.9921, 7.5293 ], [ -0.9835, 7.5347 ], [ -0.976, 7.5291 ], [ -0.9771, 7.5259 ], [ -0.9721, 7.5196 ], [ -0.9532, 7.5235 ], [ -0.9359, 7.514 ], [ -0.9331, 7.5056 ], [ -0.932, 7.5079 ], [ -0.9252, 7.5037 ], [ -0.9018, 7.508 ], [ -0.8932, 7.5042 ], [ -0.8899, 7.5165 ], [ -0.8845, 7.5131 ], [ -0.8758, 7.5144 ], [ -0.8671, 7.5207 ], [ -0.8621, 7.5183 ], [ -0.8639, 7.5147 ], [ -0.8558, 7.5187 ], [ -0.845, 7.5183 ], [ -0.8437, 7.5097 ], [ -0.838, 7.5086 ], [ -0.8283, 7.5122 ], [ -0.8215, 7.5085 ], [ -0.8204, 7.4995 ], [ -0.8088, 7.511 ], [ -0.8077, 7.5025 ], [ -0.8046, 7.5042 ], [ -0.7957, 7.4988 ], [ -0.7892, 7.5007 ], [ -0.785, 7.4977 ], [ -0.781, 7.5047 ], [ -0.7768, 7.506 ], [ -0.7735, 7.5038 ], [ -0.7672, 7.5085 ], [ -0.7477, 7.5093 ], [ -0.7391, 7.5205 ], [ -0.7265, 7.5233 ], [ -0.7209, 7.5198 ], [ -0.7052, 7.5299 ], [ -0.7011, 7.5287 ], [ -0.6891, 7.5414 ], [ -0.6891, 7.5339 ], [ -0.6836, 7.5249 ], [ -0.6769, 7.529 ], [ -0.6757, 7.523 ], [ -0.671, 7.5227 ], [ -0.6564, 7.5052 ], [ -0.65, 7.502 ], [ -0.6515, 7.4956 ], [ -0.6481, 7.4899 ], [ -0.6504, 7.4809 ], [ -0.6479, 7.477 ], [ -0.652, 7.4667 ], [ -0.6478, 7.4616 ], [ -0.6514, 7.456 ], [ -0.6542, 7.4307 ], [ -0.6417, 7.4204 ], [ -0.638, 7.4098 ], [ -0.639, 7.4023 ], [ -0.6248, 7.3835 ], [ -0.619, 7.3824 ], [ -0.6082, 7.3618 ], [ -0.6006, 7.356 ], [ -0.5987, 7.3486 ], [ -0.593, 7.3474 ], [ -0.5743, 7.3533 ], [ -0.556, 7.3519 ], [ -0.5518, 7.3548 ], [ -0.5409, 7.3545 ], [ -0.5339, 7.3478 ], [ -0.5053, 7.341 ], [ -0.4992, 7.3435 ], [ -0.4971, 7.3393 ], [ -0.4927, 7.3439 ], [ -0.4838, 7.3372 ], [ -0.4794, 7.3382 ], [ -0.4777, 7.3354 ], [ -0.4735, 7.3388 ], [ -0.4607, 7.3311 ], [ -0.4566, 7.3342 ], [ -0.4539, 7.3315 ], [ -0.4485, 7.3329 ], [ -0.4311, 7.3232 ], [ -0.4268, 7.3268 ], [ -0.4244, 7.3215 ], [ -0.4085, 7.3182 ], [ -0.3942, 7.3111 ], [ -0.3819, 7.3128 ], [ -0.378, 7.3091 ], [ -0.3648, 7.3121 ], [ -0.355, 7.3087 ], [ -0.3568, 7.3015 ], [ -0.3542, 7.2976 ], [ -0.3468, 7.293 ], [ -0.3299, 7.2909 ], [ -0.3315, 7.2873 ], [ -0.3254, 7.2851 ], [ -0.3256, 7.2816 ], [ -0.311, 7.2857 ], [ -0.3081, 7.2791 ], [ -0.3022, 7.2777 ], [ -0.2977, 7.283 ], [ -0.2888, 7.2843 ], [ -0.2881, 7.2805 ], [ -0.275, 7.2745 ], [ -0.2724, 7.2681 ], [ -0.2618, 7.2668 ], [ -0.2603, 7.2489 ], [ -0.2545, 7.2328 ], [ -0.2566, 7.2283 ], [ -0.2509, 7.2231 ], [ -0.2425, 7.222 ], [ -0.2437, 7.2119 ], [ -0.2387, 7.2023 ], [ -0.2485, 7.1974 ], [ -0.2505, 7.1923 ], [ -0.2575, 7.1952 ], [ -0.2601, 7.1895 ], [ -0.2674, 7.1937 ], [ -0.2791, 7.1902 ], [ -0.2872, 7.1947 ], [ -0.2891, 7.1929 ], [ -0.2855, 7.189 ], [ -0.2881, 7.1841 ], [ -0.3064, 7.1782 ], [ -0.3003, 7.172 ], [ -0.3096, 7.164 ], [ -0.309, 7.1607 ], [ -0.3218, 7.1441 ], [ -0.3314, 7.1427 ], [ -0.3408, 7.1352 ], [ -0.3439, 7.1372 ], [ -0.3521, 7.1343 ], [ -0.3709, 7.1232 ], [ -0.3878, 7.1179 ], [ -0.4203, 7.1195 ], [ -0.4263, 7.1252 ], [ -0.4416, 7.1222 ], [ -0.4614, 7.1284 ], [ -0.4657, 7.1258 ], [ -0.4947, 7.1248 ], [ -0.5418, 7.139 ], [ -0.5612, 7.1375 ], [ -0.5828, 7.1506 ], [ -0.5926, 7.1494 ], [ -0.6096, 7.1536 ], [ -0.6193, 7.1667 ], [ -0.6354, 7.1739 ], [ -0.6327, 7.16 ], [ -0.6275, 7.153 ], [ -0.6269, 7.1432 ], [ -0.6197, 7.1328 ], [ -0.6093, 7.0906 ], [ -0.591, 7.0444 ], [ -0.5798, 7.0377 ], [ -0.5761, 7.0292 ], [ -0.5647, 7.0186 ], [ -0.5666, 6.9979 ], [ -0.5742, 6.9786 ], [ -0.5741, 6.9633 ], [ -0.5853, 6.9509 ], [ -0.6008, 6.9481 ], [ -0.637, 6.953 ], [ -0.6575, 6.9472 ], [ -0.6587, 6.9418 ], [ -0.6523, 6.9295 ], [ -0.6934, 6.9394 ], [ -0.7228, 6.9523 ], [ -0.742, 6.9489 ], [ -0.7532, 6.9381 ], [ -0.7572, 6.9254 ], [ -0.7557, 6.9156 ], [ -0.7608, 6.9101 ], [ -0.7618, 6.8837 ], [ -0.7713, 6.8825 ], [ -0.773, 6.8857 ], [ -0.7757, 6.8834 ], [ -0.7823, 6.8875 ], [ -0.7824, 6.8931 ], [ -0.7903, 6.8981 ], [ -0.7934, 6.8836 ], [ -0.7994, 6.8819 ], [ -0.8037, 6.8902 ], [ -0.8097, 6.8867 ], [ -0.8109, 6.8978 ], [ -0.8075, 6.9054 ], [ -0.8191, 6.8983 ], [ -0.8224, 6.9018 ], [ -0.8238, 6.9233 ], [ -0.8283, 6.9283 ], [ -0.8296, 6.9423 ], [ -0.8338, 6.9456 ], [ -0.8323, 6.9523 ], [ -0.8384, 6.9618 ], [ -0.8366, 6.9673 ], [ -0.8415, 6.9684 ], [ -0.8447, 6.9743 ], [ -0.8416, 6.9769 ], [ -0.8461, 6.9778 ], [ -0.8497, 6.9853 ], [ -0.8607, 6.9835 ], [ -0.8664, 6.9908 ], [ -0.8802, 6.9963 ], [ -0.8804, 7.0031 ], [ -0.8847, 7.0022 ], [ -0.893, 7.0102 ], [ -0.9024, 7.0112 ], [ -0.9132, 7.0231 ], [ -0.9182, 7.0219 ], [ -0.9263, 7.0314 ], [ -0.935, 7.034 ], [ -0.9412, 7.0351 ], [ -0.9467, 7.0322 ], [ -0.9466, 7.0354 ], [ -0.9609, 7.0379 ], [ -0.9804, 7.03 ], [ -0.9953, 7.035 ], [ -1.0019, 7.0333 ], [ -1.0103, 7.0225 ], [ -1.0112, 7.0133 ], [ -1.0239, 7.0094 ], [ -1.033, 6.9984 ], [ -1.0391, 6.9966 ], [ -1.0482, 6.9842 ], [ -1.0703, 6.9761 ], [ -1.0658, 6.9564 ], [ -1.0673, 6.9474 ], [ -1.0887, 6.947 ], [ -1.0977, 6.9549 ], [ -1.1151, 6.9594 ], [ -1.1296, 6.9565 ], [ -1.1334, 6.9601 ], [ -1.1377, 6.9576 ], [ -1.1473, 6.9644 ], [ -1.1578, 6.9596 ], [ -1.1659, 6.9611 ], [ -1.1773, 6.9535 ], [ -1.1895, 6.9557 ], [ -1.198, 6.9499 ], [ -1.2149, 6.9486 ], [ -1.2129, 6.9576 ], [ -1.2067, 6.9585 ], [ -1.2042, 6.9638 ], [ -1.1982, 6.9622 ], [ -1.1948, 6.9664 ], [ -1.1839, 6.9633 ], [ -1.1809, 6.9709 ], [ -1.1713, 6.9762 ], [ -1.1661, 6.9849 ], [ -1.1222, 7.0174 ], [ -1.1386, 7.0415 ], [ -1.1638, 7.025 ], [ -1.1743, 7.0102 ], [ -1.1906, 7.0088 ] ] ] } },
{ "type": "Feature", "properties": { "shapeName": "Asante Akim North", "shapeID": "2480657B62831767110058" }, "geometry": { "type": "Polygon", "coordinates": [ [ [ -0.9725, 6.6456 ], [ -1.0204, 6.6438 ], [ -1.014, 6.6685 ], [ -0.9998, 6.6861 ], [ -0.9965, 6.6958 ], [ -1.0031, 6.7049 ], [ -1.0272, 6.7242 ], [ -1.0374, 6.7251 ], [ -1.0536, 6.7087 ], [ -1.0564, 6.7204 ], [ -1.063, 6.7181 ], [ -1.0795, 6.7235 ], [ -1.0828, 6.7221 ], [ -1.0825, 6.7181 ], [ -1.0907, 6.7154 ], [ -1.1018, 6.7189 ], [ -1.1077, 6.7107 ], [ -1.1086, 6.6992 ], [ -1.1153, 6.6944 ], [ -1.1229, 6.679 ], [ -1.1233, 6.6729 ], [ -1.1332, 6.6687 ], [ -1.1445, 6.6752 ], [ -1.1449, 6.6797 ], [ -1.1349, 6.6843 ], [ -1.1358, 6.6924 ], [ -1.1414, 6.6998 ], [ -1.1524, 6.7017 ], [ -1.1702, 6.6962 ], [ -1.1737, 6.7002 ], [ -1.1974, 6.7051 ], [ -1.2171, 6.7178 ], [ -1.24, 6.7221 ], [ -1.2374, 6.7462 ], [ -1.246, 6.7575 ], [ -1.2527, 6.7594 ], [ -1.2537, 6.779 ], [ -1.258, 6.7887 ], [ -1.2551, 6.8012 ], [ -1.2575, 6.8108 ], [ -1.2618, 6.8132 ], [ -1.2587, 6.8203 ], [ -1.2683, 6.8311 ], [ -1.2672, 6.833 ], [ -1.2604, 6.8304 ], [ -1.2471, 6.8375 ], [ -1.2385, 6.8359 ], [ -1.2339, 6.8306 ], [ -1.2235, 6.8294 ], [ -1.2208, 6.8227 ], [ -1.2118, 6.8215 ], [ -1.2071, 6.8139 ], [ -1.1938, 6.8035 ], [ -1.1767, 6.8051 ], [ -1.178, 6.7987 ], [ -1.1718, 6.7962 ], [ -1.1628, 6.7963 ], [ -1.155, 6.804 ], [ -1.156, 6.8083 ], [ -1.1489, 6.8084 ], [ -1.1468, 6.7981 ], [ -1.169, 6.7908 ], [ -1.1672, 6.7844 ], [ -1.1602, 6.7837 ], [ -1.1513, 6.7774 ], [ -1.1398, 6.7835 ], [ -1.1312, 6.7788 ], [ -1.1165, 6.7802 ], [ -1.1142, 6.7901 ], [ -1.1048, 6.7998 ], [ -1.1045, 6.8111 ], [ -1.1012, 6.8139 ], [ -1.1007, 6.8176 ], [ -1.1056, 6.8225 ], [ -1.1058, 6.8433 ], [ -1.0975, 6.8506 ], [ -1.0964, 6.8655 ], [ -1.0887, 6.8754 ], [ -1.0971, 6.8822 ], [ -1.0957, 6.8866 ], [ -1.0863, 6.8989 ], [ -1.0752, 6.8971 ], [ -1.0662, 6.9024 ], [ -1.0592, 6.9168 ], [ -1.062, 6.9221 ], [ -1.0495, 6.9379 ], [ -1.0521, 6.9438 ], [ -1.0673, 6.9474 ], [ -1.0658, 6.9564 ], [ -1.0703, 6.9761 ], [ -1.0482, 6.9842 ], [ -1.0391, 6.9966 ], [ -1.033, 6.9984 ], [ -1.0239, 7.0094 ], [ -1.0112, 7.0133 ], [ -1.0103, 7.0225 ], [ -1.0019, 7.0333 ], [ -0.9953, 7.035 ], [ -0.9804, 7.03 ], [ -0.9609, 7.0379 ], [ -0.9466, 7.0354 ], [ -0.9467, 7.0322 ], [ -0.9412, 7.0351 ], [ -0.9263, 7.0314 ], [ -0.9182, 7.0219 ], [ -0.9132, 7.0231 ], [ -0.9077, 7.0185 ], [ -0.9024, 7.0112 ], [ -0.893, 7.0102 ], [ -0.8847, 7.0022 ], [ -0.8804, 7.0031 ], [ -0.8802, 6.9963 ], [ -0.8664, 6.9908 ], [ -0.8607, 6.9835 ], [ -0.8497, 6.9853 ], [ -0.8461, 6.9778 ], [ -0.8416, 6.9769 ], [ -0.8447, 6.9743 ], [ -0.8415, 6.9684 ], [ -0.8366, 6.9673 ], [ -0.8384, 6.9618 ], [ -0.8323, 6.9523 ], [ -0.8338, 6.9456 ], [ -0.8296, 6.9423 ], [ -0.8283, 6.9283 ], [ -0.8238, 6.9233 ], [ -0.8224, 6.9018 ], [ -0.8191, 6.8983 ], [ -0.8075, 6.9054 ], [ -0.8109, 6.8978 ], [ -0.8097, 6.8867 ], [ -0.8037, 6.8902 ], [ -0.7994, 6.8819 ], [ -0.7934, 6.8836 ], [ -0.7903, 6.8981 ], [ -0.7824, 6.8931 ], [ -0.7823, 6.8875 ], [ -0.7757, 6.8834 ], [ -0.773, 6.8857 ], [ -0.7713, 6.8825 ], [ -0.7618, 6.8837 ], [ -0.7608, 6.9101 ], [ -0.7557, 6.9156 ], [ -0.7557, 6.8522 ], [ -0.7572, 6.8448 ], [ -0.767, 6.8359 ], [ -0.7873, 6.7989 ], [ -0.7869, 6.7938 ], [ -0.7928, 6.7898 ], [ -0.8234, 6.7899 ], [ -0.8337, 6.7934 ], [ -0.843, 6.7801 ], [ -0.8516, 6.7779 ], [ -0.8654, 6.7824 ], [ -0.8827, 6.7784 ], [ -0.9012, 6.7883 ], [ -0.9083, 6.7771 ], [ -0.9149, 6.7768 ], [ -0.9152, 6.7681 ], [ -0.9267, 6.7628 ], [ -0.9325, 6.7562 ], [ -0.9435, 6.7576 ], [ -0.9565, 6.7539 ], [ -0.9609, 6.7462 ], [ -0.973, 6.7505 ], [ -0.9826, 6.7484 ], [ -0.9859, 6.7433 ], [ -0.9742, 6.7374 ], [ -0.9646, 6.7415 ], [ -0.9566, 6.7396 ], [ -0.9502, 6.7352 ], [ -0.9503, 6.7286 ], [ -0.9469, 6.7248 ], [ -0.9504, 6.7074 ], [ -0.9606, 6.6914 ], [ -0.9739, 6.6811 ], [ -0.9772, 6.6551 ], [ -0.9725, 6.6456 ] ] ] } },
{ "type": "Feature", "properties": { "shapeName": "Asante Akim Central Municipal", "shapeID": "2480657B1767599566587" }, "geometry": { "type": "Polygon", "coordinates": [ [ [ -1.1332, 6.6687 ], [ -1.1331, 6.6532 ], [ -1.1434, 6.6496 ], [ -1.144, 6.6456 ], [ -1.1624, 6.6421 ], [ -1.1753, 6.6312 ], [ -1.169, 6.6244 ], [ -1.1649, 6.6249 ], [ -1.1695, 6.6156 ], [ -1.1611, 6.6123 ], [ -1.1662, 6.6075 ], [ -1.1824, 6.6019 ], [ -1.1668, 6.594 ], [ -1.1649, 6.5889 ], [ -1.2042, 6.5855 ], [ -1.2194, 6.5706 ], [ -1.2227, 6.5474 ], [ -1.217, 6.5363 ], [ -1.227, 6.5239 ], [ -1.2217, 6.5089 ], [ -1.2018, 6.49 ], [ -1.2048, 6.4834 ], [ -1.2206, 6.4609 ], [ -1.2355, 6.4461 ], [ -1.2351, 6.4414 ], [ -1.2753, 6.4327 ], [ -1.2751, 6.4291 ], [ -1.2802, 6.4275 ], [ -1.2819, 6.4179 ], [ -1.2873, 6.4167 ], [ -1.2932, 6.4074 ], [ -1.2979, 6.4071 ], [ -1.3007, 6.4108 ], [ -1.2986, 6.42 ], [ -1.3033, 6.4245 ], [ -1.295, 6.4363 ], [ -1.2935, 6.4507 ], [ -1.2853, 6.4509 ], [ -1.2904, 6.4639 ], [ -1.2902, 6.4779 ], [ -1.2845, 6.4808 ], [ -1.287, 6.4837 ], [ -1.2838, 6.4884 ], [ -1.2841, 6.4964 ], [ -1.2799, 6.4974 ], [ -1.2789, 6.5012 ], [ -1.2863, 6.5032 ], [ -1.287, 6.5094 ], [ -1.2835, 6.5141 ], [ -1.2853, 6.5194 ], [ -1.2834, 6.5183 ], [ -1.2817, 6.5212 ], [ -1.2851, 6.5294 ], [ -1.2894, 6.5306 ], [ -1.2985, 6.5538 ], [ -1.2934, 6.5542 ], [ -1.2919, 6.5599 ], [ -1.2731, 6.5789 ], [ -1.2659, 6.5791 ], [ -1.2784, 6.6005 ], [ -1.2744, 6.6092 ], [ -1.2795, 6.6193 ], [ -1.286, 6.6226 ], [ -1.2866, 6.633 ], [ -1.2796, 6.6373 ], [ -1.2782, 6.6436 ], [ -1.2728, 6.6437 ], [ -1.2724, 6.6473 ], [ -1.2658, 6.6517 ], [ -1.2683, 6.6581 ], [ -1.2598, 6.6677 ], [ -1.2595, 6.6796 ], [ -1.245, 6.6887 ], [ -1.2476, 6.7076 ], [ -1.2418, 6.7122 ], [ -1.24, 6.7221 ], [ -1.2171, 6.7178 ], [ -1.1974, 6.7051 ], [ -1.1737, 6.7002 ], [ -1.1702, 6.6962 ], [ -1.1524, 6.7017 ], [ -1.1414, 6.6998 ], [ -1.1358, 6.6924 ], [ -1.1349, 6.6843 ], [ -1.1449, 6.6797 ], [ -1.1445, 6.6752 ], [ -1.1332, 6.6687 ] ] ] } },
{ "type": "Feature", "properties": { "shapeName": "Kintampo North Municipal", "shapeID": "2480657B78031413348906" }, "geometry": { "type": "Polygon", "coordinates": [ [ [ -1.4922, 8.0057 ], [ -1.5109, 8.0103 ], [ -1.5153, 8.0148 ], [ -1.5222, 8.013 ], [ -1.535, 8.0154 ], [ -1.5404, 8.0134 ], [ -1.5447, 8.006 ], [ -1.5426, 8.0028 ], [ -1.5472, 7.9989 ], [ -1.563, 8.0093 ], [ -1.5621, 8.0154 ], [ -1.5684, 8.0176 ], [ -1.574, 8.0309 ], [ -1.6357, 8.0322 ], [ -1.6384, 8.037 ], [ -1.662, 8.048 ], [ -1.6623, 8.0441 ], [ -1.6715, 8.0398 ], [ -1.6743, 8.0463 ], [ -1.7018, 8.0505 ], [ -1.7156, 8.05 ], [ -1.7243, 8.0375 ], [ -1.7422, 8.0465 ], [ -1.7463, 8.0597 ], [ -1.8254, 8.0772 ], [ -1.8543, 8.0495 ], [ -1.8821, 8.0544 ], [ -1.9078, 8.0533 ], [ -1.9085, 8.0588 ], [ -1.9137, 8.0638 ], [ -1.9262, 8.0595 ], [ -1.9343, 8.0737 ], [ -1.9684, 8.1086 ], [ -1.9808, 8.1096 ], [ -1.9871, 8.1047 ], [ -2.0276, 8.1441 ], [ -2.0309, 8.1527 ], [ -2.0244, 8.1561 ], [ -2.0054, 8.1557 ], [ -1.9594, 8.1704 ], [ -1.9405, 8.1895 ], [ -1.9298, 8.2128 ], [ -1.9136, 8.2296 ], [ -1.908, 8.2469 ], [ -1.8951, 8.2616 ], [ -1.8684, 8.2594 ], [ -1.8371, 8.2505 ], [ -1.7997, 8.2262 ], [ -1.7856, 8.2262 ], [ -1.7728, 8.2315 ], [ -1.7474, 8.2621 ], [ -1.748, 8.2792 ], [ -1.7666, 8.3097 ], [ -1.7699, 8.3227 ], [ -1.7909, 8.3367 ], [ -1.8029, 8.3394 ], [ -1.8163, 8.3393 ], [ -1.8456, 8.3293 ], [ -1.8709, 8.334 ], [ -1.8834, 8.3476 ], [ -1.9081, 8.3976 ], [ -1.9098, 8.4385 ], [ -1.9043, 8.4478 ], [ -1.8932, 8.4548 ], [ -1.8864, 8.4645 ], [ -1.8831, 8.4802 ], [ -1.8987, 8.5403 ], [ -1.8968, 8.5528 ], [ -1.8929, 8.5561 ], [ -1.8896, 8.5856 ], [ -1.8682, 8.6413 ], [ -1.8409, 8.6612 ], [ -1.8132, 8.6615 ], [ -1.7889, 8.6524 ], [ -1.7552, 8.6301 ], [ -1.7334, 8.6264 ], [ -1.6932, 8.6438 ], [ -1.6837, 8.6565 ], [ -1.6837, 8.6735 ], [ -1.6793, 8.6839 ], [ -1.6584, 8.6954 ], [ -1.6463, 8.6929 ], [ -1.6297, 8.681 ], [ -1.6119, 8.677 ], [ -1.5529, 8.6755 ], [ -1.5315, 8.681 ], [ -1.5108, 8.6917 ], [ -1.4993, 8.7384 ], [ -1.4846, 8.7597 ], [ -1.4748, 8.7653 ], [ -1.4486, 8.7657 ], [ -1.4103, 8.7743 ], [ -1.3763, 8.7675 ], [ -1.356, 8.7591 ], [ -1.3093, 8.7218 ], [ -1.288, 8.7203 ], [ -1.2646, 8.6916 ], [ -1.2296, 8.6747 ], [ -1.2095, 8.6679 ], [ -1.1978, 8.67 ], [ -1.1859, 8.6782 ], [ -1.1445, 8.6774 ], [ -1.1473, 8.6557 ], [ -1.1449, 8.6461 ], [ -1.1505, 8.6333 ], [ -1.1466, 8.6254 ], [ -1.146, 8.5913 ], [ -1.1415, 8.5765 ], [ -1.146, 8.5585 ], [ -1.1548, 8.5425 ], [ -1.1613, 8.5356 ], [ -1.1651, 8.5378 ], [ -1.1721, 8.5353 ], [ -1.1723, 8.5286 ], [ -1.1653, 8.5238 ], [ -1.165, 8.5116 ], [ -1.1737, 8.5076 ], [ -1.1744, 8.5169 ], [ -1.1793, 8.5178 ], [ -1.1825, 8.5106 ], [ -1.1959, 8.5115 ], [ -1.1919, 8.5021 ], [ -1.1946, 8.494 ], [ -1.2037, 8.4951 ], [ -1.2183, 8.4912 ], [ -1.2211, 8.4888 ], [ -1.2214, 8.4774 ], [ -1.2294, 8.477 ], [ -1.2318, 8.4705 ], [ -1.2447, 8.4701 ], [ -1.2428, 8.4673 ], [ -1.2454, 8.464 ], [ -1.2585, 8.4548 ], [ -1.2574, 8.4492 ], [ -1.263, 8.4345 ], [ -1.2609, 8.4291 ], [ -1.2544, 8.4272 ], [ -1.2537, 8.424 ], [ -1.256, 8.421 ], [ -1.2539, 8.4182 ], [ -1.2581, 8.4138 ], [ -1.2563, 8.41 ], [ -1.26, 8.4074 ], [ -1.2558, 8.4029 ], [ -1.2576, 8.392 ], [ -1.2527, 8.3792 ], [ -1.2554, 8.3727 ], [ -1.2602, 8.3723 ], [ -1.262, 8.3683 ], [ -1.2569, 8.3595 ], [ -1.2587, 8.3523 ], [ -1.2678, 8.3377 ], [ -1.2733, 8.3348 ], [ -1.2777, 8.3234 ], [ -1.2749, 8.3114 ], [ -1.2798, 8.3095 ], [ -1.2759, 8.3043 ], [ -1.2778, 8.3001 ], [ -1.2745, 8.2896 ], [ -1.2904, 8.2779 ], [ -1.2981, 8.2768 ], [ -1.3301, 8.2332 ], [ -1.3458, 8.2365 ], [ -1.3708, 8.2327 ], [ -1.3937, 8.2127 ], [ -1.4041, 8.2074 ], [ -1.3998, 8.1795 ], [ -1.4158, 8.1591 ], [ -1.419, 8.1433 ], [ -1.4165, 8.1254 ], [ -1.4392, 8.0825 ], [ -1.4388, 8.0509 ], [ -1.4347, 8.0429 ], [ -1.4568, 8.0412 ], [ -1.4733, 8.0321 ], [ -1.486, 8.0306 ], [ -1.4913, 8.0245 ], [ -1.4922, 8.0057 ] ] ] } },
{ "type": "Feature", "properties": { "shapeName": "Asokore Mampong Municipal", "shapeID": "2480657B67032672358324" }, "geometry": { "type": "Polygon", "coordinates": [ [ [ -1.5668, 6.7346 ], [ -1.5615, 6.7257 ], [ -1.5595, 6.7301 ], [ -1.5484, 6.7238 ], [ -1.5392, 6.7233 ], [ -1.5397, 6.7126 ], [ -1.5317, 6.7088 ], [ -1.535, 6.7067 ], [ -1.5336, 6.703 ], [ -1.5454, 6.701 ], [ -1.5556, 6.706 ], [ -1.5658, 6.6911 ], [ -1.5746, 6.7 ], [ -1.5863, 6.6966 ], [ -1.5931, 6.6901 ], [ -1.6007, 6.6965 ], [ -1.6162, 6.6988 ], [ -1.6098, 6.7066 ], [ -1.5988, 6.7095 ], [ -1.5963, 6.7206 ], [ -1.5891, 6.7282 ], [ -1.5668, 6.7346 ] ] ] } },
{ "type": "Feature", "properties": { "shapeName": "Atebubu Amantin", "shapeID": "2480657B7685147466351" }, "geometry": { "type": "Polygon", "coordinates": [ [ [ -1.3172, 7.6106 ], [ -1.3033, 7.6209 ], [ -1.2942, 7.6152 ], [ -1.2853, 7.6152 ], [ -1.2792, 7.6186 ], [ -1.2853, 7.6275 ], [ -1.2957, 7.6303 ], [ -1.3116, 7.647 ], [ -1.3237, 7.6512 ], [ -1.3282, 7.6575 ], [ -1.3358, 7.66 ], [ -1.3682, 7.6535 ], [ -1.3692, 7.6454 ], [ -1.3882, 7.6443 ], [ -1.3927, 7.6393 ], [ -1.3965, 7.6448 ], [ -1.4008, 7.6449 ], [ -1.406, 7.6351 ], [ -1.4119, 7.6344 ], [ -1.408, 7.6386 ], [ -1.4073, 7.6465 ], [ -1.3894, 7.671 ], [ -1.3823, 7.676 ], [ -1.3789, 7.6878 ], [ -1.3677, 7.7023 ], [ -1.3734, 7.7089 ], [ -1.3825, 7.7317 ], [ -1.3817, 7.7607 ], [ -1.3755, 7.7674 ], [ -1.3697, 7.7688 ], [ -1.3688, 7.7726 ], [ -1.354, 7.7789 ], [ -1.3597, 7.7868 ], [ -1.3734, 7.7891 ], [ -1.3846, 7.7949 ], [ -1.3747, 7.7999 ], [ -1.3486, 7.7902 ], [ -1.3327, 7.7916 ], [ -1.3325, 7.7875 ], [ -1.3223, 7.7871 ], [ -1.3244, 7.7935 ], [ -1.3139, 7.7848 ], [ -1.3042, 7.79 ], [ -1.2994, 7.7866 ], [ -1.288, 7.7896 ], [ -1.2769, 7.7885 ], [ -1.2593, 7.7998 ], [ -1.252, 7.7995 ], [ -1.2442, 7.8059 ], [ -1.2459, 7.8118 ], [ -1.2507, 7.815 ], [ -1.241, 7.8364 ], [ -1.2309, 7.8429 ], [ -1.2047, 7.8435 ], [ -1.1931, 7.8503 ], [ -1.1922, 7.8546 ], [ -1.2014, 7.8598 ], [ -1.1976, 7.866 ], [ -1.2003, 7.8711 ], [ -1.1956, 7.8742 ], [ -1.1869, 7.8703 ], [ -1.1837, 7.8766 ], [ -1.1872, 7.8784 ], [ -1.1823, 7.8795 ], [ -1.1785, 7.887 ], [ -1.1821, 7.8943 ], [ -1.1941, 7.8989 ], [ -1.1906, 7.9008 ], [ -1.184, 7.8965 ], [ -1.1754, 7.9036 ], [ -1.1581, 7.9051 ], [ -1.1489, 7.9121 ], [ -1.139, 7.9087 ], [ -1.1386, 7.9138 ], [ -1.1321, 7.9162 ], [ -1.1205, 7.9087 ], [ -1.1186, 7.9002 ], [ -1.1021, 7.9069 ], [ -1.0993, 7.9179 ], [ -1.103, 7.9216 ], [ -1.1012, 7.9331 ], [ -1.1029, 7.9352 ], [ -1.1119, 7.934 ], [ -1.118, 7.9476 ], [ -1.1114, 7.954 ], [ -1.1035, 7.9554 ], [ -1.1016, 7.9593 ], [ -1.0902, 7.9617 ], [ -1.0815, 7.9833 ], [ -1.0578, 7.9815 ], [ -1.0526, 7.9652 ], [ -1.0357, 7.9916 ], [ -1.0217, 7.9912 ], [ -1.0134, 7.9854 ], [ -1.0129, 7.9786 ], [ -1.0046, 7.975 ], [ -1.0045, 7.9628 ], [ -0.9594, 7.9506 ], [ -0.9493, 7.9402 ], [ -0.9344, 7.9383 ], [ -0.9352, 7.9347 ], [ -0.929, 7.9293 ], [ -0.9194, 7.9274 ], [ -0.9074, 7.9288 ], [ -0.901, 7.9333 ], [ -0.8917, 7.931 ], [ -0.8846, 7.9396 ], [ -0.8707, 7.9358 ], [ -0.8591, 7.939 ], [ -0.8531, 7.9527 ], [ -0.8502, 7.9536 ], [ -0.8431, 7.9464 ], [ -0.825, 7.9563 ], [ -0.8216, 7.9652 ], [ -0.8185, 7.9297 ], [ -0.8379, 7.9026 ], [ -0.8401, 7.8728 ], [ -0.8366, 7.8605 ], [ -0.8263, 7.844 ], [ -0.8245, 7.815 ], [ -0.8127, 7.7965 ], [ -0.8167, 7.7846 ], [ -0.8084, 7.7693 ], [ -0.8108, 7.7261 ], [ -0.8022, 7.7157 ], [ -0.8027, 7.6787 ], [ -0.7955, 7.6697 ], [ -0.7955, 7.6488 ], [ -0.8017, 7.6327 ], [ -0.7789, 7.602 ], [ -0.7871, 7.5707 ], [ -0.7731, 7.5571 ], [ -0.7759, 7.5444 ], [ -0.7712, 7.5426 ], [ -0.7622, 7.5271 ], [ -0.7622, 7.522 ], [ -0.7689, 7.5193 ], [ -0.7674, 7.5144 ], [ -0.7757, 7.512 ], [ -0.7833, 7.4983 ], [ -0.7892, 7.5007 ], [ -0.7957, 7.4988 ], [ -0.8046, 7.5042 ], [ -0.8077, 7.5025 ], [ -0.8088, 7.511 ], [ -0.8204, 7.4995 ], [ -0.8215, 7.5085 ], [ -0.8283, 7.5122 ], [ -0.838, 7.5086 ], [ -0.8437, 7.5097 ], [ -0.845, 7.5183 ], [ -0.8558, 7.5187 ], [ -0.8639, 7.5147 ], [ -0.8621, 7.5183 ], [ -0.8671, 7.5207 ], [ -0.8758, 7.5144 ], [ -0.8845, 7.5131 ], [ -0.8899, 7.5165 ], [ -0.8932, 7.5042 ], [ -0.9018, 7.508 ], [ -0.9252, 7.5037 ], [ -0.932, 7.5079 ], [ -0.9331, 7.5056 ], [ -0.9359, 7.514 ], [ -0.9532, 7.5235 ], [ -0.9721, 7.5196 ], [ -0.9771, 7.5259 ], [ -0.976, 7.5291 ], [ -0.9835, 7.5347 ], [ -0.9921, 7.5293 ], [ -1.0023, 7.5282 ], [ -1.0148, 7.5348 ], [ -1.0408, 7.5275 ], [ -1.0453, 7.5155 ], [ -1.0526, 7.5086 ], [ -1.0684, 7.5016 ], [ -1.0671, 7.4963 ], [ -1.0724, 7.4883 ], [ -1.0838, 7.4877 ], [ -1.1048, 7.4648 ], [ -1.1128, 7.4731 ], [ -1.1203, 7.472 ], [ -1.126, 7.477 ], [ -1.133, 7.471 ], [ -1.1406, 7.473 ], [ -1.147, 7.4685 ], [ -1.1555, 7.469 ], [ -1.1571, 7.4797 ], [ -1.1813, 7.4814 ], [ -1.1835, 7.4852 ], [ -1.1912, 7.4859 ], [ -1.2029, 7.4954 ], [ -1.2067, 7.4925 ], [ -1.2254, 7.4949 ], [ -1.2394, 7.4893 ], [ -1.2499, 7.4962 ], [ -1.2664, 7.5215 ], [ -1.2904, 7.5351 ], [ -1.2951, 7.5463 ], [ -1.2938, 7.5598 ], [ -1.2995, 7.5712 ], [ -1.311, 7.5765 ], [ -1.3136, 7.5806 ], [ -1.3128, 7.6027 ], [ -1.3172, 7.6106 ] ] ] } },
{ "type": "Feature", "properties": { "shapeName": "Kwadaso Municipal", "shapeID": "2480657B94630675221037" }, "geometry": { "type": "Polygon", "coordinates": [ [ [ -1.5986, 6.6137 ], [ -1.6109, 6.6113 ], [ -1.6228, 6.6171 ], [ -1.6357, 6.6186 ], [ -1.6443, 6.6332 ], [ -1.653, 6.6367 ], [ -1.6552, 6.651 ], [ -1.6635, 6.6577 ], [ -1.6695, 6.6683 ], [ -1.692, 6.6535 ], [ -1.698, 6.667 ], [ -1.708, 6.6677 ], [ -1.7012, 6.6727 ], [ -1.7053, 6.681 ], [ -1.7025, 6.6906 ], [ -1.6967, 6.6965 ], [ -1.6973, 6.7062 ], [ -1.6837, 6.7197 ], [ -1.6899, 6.7211 ], [ -1.6872, 6.7235 ], [ -1.6769, 6.7234 ], [ -1.6769, 6.7181 ], [ -1.663, 6.7171 ], [ -1.6558, 6.7062 ], [ -1.6432, 6.7029 ], [ -1.6459, 6.6839 ], [ -1.6337, 6.669 ], [ -1.6112, 6.6649 ], [ -1.6098, 6.6463 ], [ -1.6033, 6.6304 ], [ -1.605, 6.6263 ], [ -1.5986, 6.6137 ] ] ] } },
{ "type": "Feature", "properties": { "shapeName": "Kpandai", "shapeID": "2480657B93484130612637" }, "geometry": { "type": "Polygon", "coordinates": [ [ [ -0.1975, 8.5469 ], [ -0.1886, 8.5402 ], [ -0.1865, 8.5473 ], [ -0.1786, 8.5487 ], [ -0.1746, 8.5532 ], [ -0.1686, 8.55 ], [ -0.1623, 8.5591 ], [ -0.1564, 8.5447 ], [ -0.121, 8.5476 ], [ -0.1186, 8.5468 ], [ -0.1227, 8.5427 ], [ -0.1186, 8.5396 ], [ -0.1097, 8.5436 ], [ -0.0914, 8.5443 ], [ -0.0693, 8.5541 ], [ -0.0547, 8.5542 ], [ -0.036, 8.5486 ], [ -0.0076, 8.5474 ], [ 0.0038, 8.5337 ], [ 0.0435, 8.5298 ], [ 0.0498, 8.5318 ], [ 0.0625, 8.5261 ], [ 0.0779, 8.5287 ], [ 0.0828, 8.5258 ], [ 0.0894, 8.5172 ], [ 0.0939, 8.5017 ], [ 0.1208, 8.4854 ], [ 0.0949, 8.4716 ], [ 0.0816, 8.4608 ], [ 0.0907, 8.4454 ], [ 0.0929, 8.4275 ], [ 0.0865, 8.4032 ], [ 0.1047, 8.3901 ], [ 0.1248, 8.3828 ], [ 0.1653, 8.3911 ], [ 0.2075, 8.4101 ], [ 0.223, 8.4071 ], [ 0.2443, 8.3865 ], [ 0.2428, 8.3541 ], [ 0.2353, 8.3438 ], [ 0.2035, 8.3413 ], [ 0.1903, 8.3334 ], [ 0.1858, 8.3264 ], [ 0.1884, 8.3152 ], [ 0.1966, 8.3017 ], [ 0.198, 8.2915 ], [ 0.1939, 8.2533 ], [ 0.1892, 8.2493 ], [ 0.1629, 8.2415 ], [ 0.1449, 8.2409 ], [ 0.1232, 8.2324 ], [ 0.1299, 8.2146 ], [ 0.1167, 8.2177 ], [ 0.1152, 8.2291 ], [ 0.1079, 8.2239 ], [ 0.0959, 8.2303 ], [ 0.0795, 8.2225 ], [ 0.0858, 8.233 ], [ 0.0943, 8.2328 ], [ 0.1044, 8.239 ], [ 0.0912, 8.2665 ], [ 0.082, 8.273 ], [ 0.0806, 8.28 ], [ 0.0732, 8.2833 ], [ 0.0601, 8.282 ], [ 0.0527, 8.2906 ], [ 0.0428, 8.2911 ], [ 0.0334, 8.296 ], [ 0.0106, 8.2976 ], [ -0.0026, 8.3205 ], [ -0.0163, 8.3248 ], [ -0.0224, 8.3304 ], [ -0.0306, 8.3297 ], [ -0.0367, 8.3332 ], [ -0.0408, 8.3398 ], [ -0.0386, 8.3431 ], [ -0.0403, 8.3496 ], [ -0.0482, 8.3522 ], [ -0.0643, 8.3512 ], [ -0.0676, 8.3484 ], [ -0.0677, 8.3398 ], [ -0.0843, 8.3373 ], [ -0.0874, 8.3324 ], [ -0.1103, 8.3359 ], [ -0.1141, 8.2973 ], [ -0.1242, 8.273 ], [ -0.1427, 8.2721 ], [ -0.1426, 8.2817 ], [ -0.1469, 8.2898 ], [ -0.1582, 8.2977 ], [ -0.1636, 8.3128 ], [ -0.1841, 8.3378 ], [ -0.1871, 8.358 ], [ -0.1961, 8.3477 ], [ -0.2102, 8.3506 ], [ -0.2179, 8.3385 ], [ -0.2317, 8.3394 ], [ -0.238, 8.3429 ], [ -0.2479, 8.3337 ], [ -0.2632, 8.3358 ], [ -0.2675, 8.3261 ], [ -0.2783, 8.3197 ], [ -0.308, 8.3206 ], [ -0.3265, 8.339 ], [ -0.3252, 8.3424 ], [ -0.3179, 8.3444 ], [ -0.3066, 8.3581 ], [ -0.299, 8.3529 ], [ -0.2756, 8.3533 ], [ -0.2591, 8.3494 ], [ -0.253, 8.3517 ], [ -0.2493, 8.3803 ], [ -0.2381, 8.3989 ], [ -0.2347, 8.4144 ], [ -0.2208, 8.44 ], [ -0.2188, 8.4555 ], [ -0.2335, 8.4574 ], [ -0.2428, 8.4727 ], [ -0.2193, 8.475 ], [ -0.2175, 8.47 ], [ -0.2129, 8.468 ], [ -0.2101, 8.4868 ], [ -0.2006, 8.4816 ], [ -0.1951, 8.4833 ], [ -0.2082, 8.4946 ], [ -0.2045, 8.4972 ], [ -0.1994, 8.522 ], [ -0.2065, 8.5268 ], [ -0.2062, 8.5387 ], [ -0.1975, 8.5469 ] ] ] } },
{ "type": "Feature", "properties": { "shapeName": "Ejisu Municipal", "shapeID": "2480657B74771824828795" }, "geometry": { "type": "Polygon", "coordinates": [ [ [ -1.5556, 6.728 ], [ -1.5416, 6.7376 ], [ -1.5386, 6.7466 ], [ -1.5301, 6.7481 ], [ -1.5254, 6.7567 ], [ -1.5121, 6.7497 ], [ -1.493, 6.7544 ], [ -1.4906, 6.7578 ], [ -1.4945, 6.7619 ], [ -1.4935, 6.775 ], [ -1.4753, 6.7906 ], [ -1.4745, 6.795 ], [ -1.4617, 6.7905 ], [ -1.4381, 6.7717 ], [ -1.4335, 6.7624 ], [ -1.4194, 6.7578 ], [ -1.4176, 6.7429 ], [ -1.4091, 6.7327 ], [ -1.3988, 6.7299 ], [ -1.3792, 6.7169 ], [ -1.3745, 6.6992 ], [ -1.3623, 6.6945 ], [ -1.3492, 6.6815 ], [ -1.3296, 6.6787 ], [ -1.324, 6.6629 ], [ -1.2921, 6.6574 ], [ -1.2865, 6.6518 ], [ -1.2796, 6.6373 ], [ -1.2866, 6.633 ], [ -1.286, 6.6226 ], [ -1.2795, 6.6193 ], [ -1.2756, 6.6119 ], [ -1.2784, 6.6005 ], [ -1.2659, 6.5791 ], [ -1.2731, 6.5789 ], [ -1.2919, 6.5599 ], [ -1.2934, 6.5542 ], [ -1.2985, 6.5538 ], [ -1.2894, 6.5306 ], [ -1.2851, 6.5294 ], [ -1.2817, 6.5212 ], [ -1.2853, 6.5194 ], [ -1.2835, 6.5141 ], [ -1.287, 6.5094 ], [ -1.2863, 6.5032 ], [ -1.2789, 6.5012 ], [ -1.2799, 6.4974 ], [ -1.2841, 6.4964 ], [ -1.2838, 6.4884 ], [ -1.287, 6.4837 ], [ -1.2845, 6.4808 ], [ -1.2902, 6.4779 ], [ -1.2904, 6.4639 ], [ -1.2853, 6.4509 ], [ -1.2935, 6.4507 ], [ -1.2962, 6.4332 ], [ -1.3033, 6.4411 ], [ -1.3124, 6.4402 ], [ -1.329, 6.4601 ], [ -1.3428, 6.4636 ], [ -1.35, 6.4711 ], [ -1.3703, 6.4746 ], [ -1.3494, 6.4897 ], [ -1.3413, 6.4894 ], [ -1.3378, 6.5013 ], [ -1.3441, 6.5131 ], [ -1.3392, 6.5174 ], [ -1.3149, 6.5242 ], [ -1.3104, 6.5386 ], [ -1.3122, 6.5482 ], [ -1.3087, 6.5519 ], [ -1.3097, 6.556 ], [ -1.3167, 6.5616 ], [ -1.3214, 6.5724 ], [ -1.3377, 6.5792 ], [ -1.3424, 6.5871 ], [ -1.3495, 6.6061 ], [ -1.3433, 6.6149 ], [ -1.3455, 6.6195 ], [ -1.3575, 6.6212 ], [ -1.3793, 6.6369 ], [ -1.3825, 6.6333 ], [ -1.4058, 6.6407 ], [ -1.4138, 6.6357 ], [ -1.4107, 6.6201 ], [ -1.4231, 6.6091 ], [ -1.4319, 6.6087 ], [ -1.4352, 6.6153 ], [ -1.4426, 6.6182 ], [ -1.4541, 6.6072 ], [ -1.4683, 6.6066 ], [ -1.4769, 6.614 ], [ -1.4873, 6.6157 ], [ -1.496, 6.6323 ], [ -1.5077, 6.6322 ], [ -1.5161, 6.6438 ], [ -1.5103, 6.6479 ], [ -1.5047, 6.6641 ], [ -1.5122, 6.6714 ], [ -1.5111, 6.6793 ], [ -1.5152, 6.6878 ], [ -1.5277, 6.6952 ], [ -1.522, 6.7067 ], [ -1.5315, 6.7069 ], [ -1.5364, 6.7129 ], [ -1.5397, 6.7126 ], [ -1.5392, 6.7233 ], [ -1.5484, 6.7238 ], [ -1.5556, 6.728 ] ] ] } },
{ "type": "Feature", "properties": { "shapeName": "Nkwanta North", "shapeID": "2480657B6503151283934" }, "geometry": { "type": "Polygon", "coordinates": [ [ [ 0.0828, 8.5258 ], [ 0.112, 8.5968 ], [ 0.1281, 8.605 ], [ 0.148, 8.5885 ], [ 0.1709, 8.596 ], [ 0.1726, 8.609 ], [ 0.1699, 8.6158 ], [ 0.1469, 8.6296 ], [ 0.1377, 8.6414 ], [ 0.1359, 8.6535 ], [ 0.1389, 8.6692 ], [ 0.1813, 8.7128 ], [ 0.1819, 8.722 ], [ 0.1654, 8.7561 ], [ 0.1684, 8.7745 ], [ 0.1747, 8.7706 ], [ 0.17, 8.7678 ], [ 0.1709, 8.7647 ], [ 0.1809, 8.7618 ], [ 0.1805, 8.7459 ], [ 0.1856, 8.7408 ], [ 0.188, 8.7418 ], [ 0.187, 8.7471 ], [ 0.1907, 8.744 ], [ 0.1996, 8.7443 ], [ 0.2043, 8.7505 ], [ 0.2143, 8.755 ], [ 0.2209, 8.7497 ], [ 0.2316, 8.7534 ], [ 0.2392, 8.7511 ], [ 0.244, 8.7408 ], [ 0.254, 8.7472 ], [ 0.2587, 8.7469 ], [ 0.2628, 8.741 ], [ 0.2698, 8.74 ], [ 0.2697, 8.7312 ], [ 0.2818, 8.724 ], [ 0.2869, 8.7333 ], [ 0.2922, 8.7329 ], [ 0.2927, 8.7412 ], [ 0.2979, 8.7425 ], [ 0.3007, 8.7262 ], [ 0.3146, 8.7345 ], [ 0.3212, 8.7326 ], [ 0.3241, 8.7283 ], [ 0.3414, 8.7293 ], [ 0.3435, 8.7186 ], [ 0.3582, 8.7186 ], [ 0.3595, 8.7257 ], [ 0.3547, 8.7279 ], [ 0.3463, 8.7409 ], [ 0.3529, 8.742 ], [ 0.3743, 8.7357 ], [ 0.3835, 8.7406 ], [ 0.4717, 8.5997 ], [ 0.4576, 8.5988 ], [ 0.4477, 8.5871 ], [ 0.4223, 8.5829 ], [ 0.4022, 8.5606 ], [ 0.386, 8.5521 ], [ 0.3707, 8.5507 ], [ 0.3665, 8.5361 ], [ 0.358, 8.5351 ], [ 0.3629, 8.5259 ], [ 0.3428, 8.5202 ], [ 0.3412, 8.5142 ], [ 0.334, 8.5128 ], [ 0.3307, 8.5081 ], [ 0.3159, 8.5066 ], [ 0.3205, 8.4994 ], [ 0.3188, 8.4946 ], [ 0.3248, 8.4895 ], [ 0.3166, 8.49 ], [ 0.3139, 8.4813 ], [ 0.3015, 8.4806 ], [ 0.3001, 8.4746 ], [ 0.307, 8.4693 ], [ 0.3019, 8.4645 ], [ 0.3062, 8.4609 ], [ 0.2945, 8.4576 ], [ 0.2975, 8.4487 ], [ 0.2885, 8.4501 ], [ 0.2896, 8.4401 ], [ 0.2834, 8.4378 ], [ 0.2872, 8.4327 ], [ 0.281, 8.43 ], [ 0.3007, 8.4179 ], [ 0.2951, 8.4138 ], [ 0.2862, 8.4156 ], [ 0.2827, 8.4086 ], [ 0.2844, 8.4037 ], [ 0.2774, 8.3938 ], [ 0.2907, 8.3897 ], [ 0.2845, 8.373 ], [ 0.2906, 8.3656 ], [ 0.2846, 8.3611 ], [ 0.2779, 8.3633 ], [ 0.2774, 8.3588 ], [ 0.2828, 8.3509 ], [ 0.2911, 8.3492 ], [ 0.2911, 8.3456 ], [ 0.2852, 8.3417 ], [ 0.2884, 8.334 ], [ 0.2822, 8.3283 ], [ 0.2739, 8.3327 ], [ 0.2407, 8.3338 ], [ 0.2275, 8.3422 ], [ 0.2353, 8.3438 ], [ 0.2428, 8.3541 ], [ 0.2443, 8.3865 ], [ 0.223, 8.4071 ], [ 0.2075, 8.4101 ], [ 0.1653, 8.3911 ], [ 0.1248, 8.3828 ], [ 0.1047, 8.3901 ], [ 0.0865, 8.4032 ], [ 0.0929, 8.4275 ], [ 0.0907, 8.4454 ], [ 0.0816, 8.4608 ], [ 0.0949, 8.4716 ], [ 0.1208, 8.4854 ], [ 0.0939, 8.5017 ], [ 0.0894, 8.5172 ], [ 0.0828, 8.5258 ] ] ] } },
{ "type": "Feature", "properties": { "shapeName": "Biakoye", "shapeID": "2480657B27736636353654" }, "geometry": { "type": "Polygon", "coordinates": [ [ [ 0.4218, 7.6884 ], [ 0.4239, 7.6141 ], [ 0.4198, 7.5305 ], [ 0.4072, 7.5166 ], [ 0.3901, 7.5091 ], [ 0.3883, 7.4892 ], [ 0.392, 7.4754 ], [ 0.3871, 7.4726 ], [ 0.3877, 7.4651 ], [ 0.3835, 7.4642 ], [ 0.3713, 7.4332 ], [ 0.3545, 7.4289 ], [ 0.3457, 7.4223 ], [ 0.347, 7.396 ], [ 0.335, 7.3853 ], [ 0.3331, 7.3784 ], [ 0.3265, 7.3776 ], [ 0.3253, 7.3701 ], [ 0.329, 7.363 ], [ 0.3506, 7.3629 ], [ 0.3546, 7.3584 ], [ 0.3649, 7.3645 ], [ 0.3702, 7.3619 ], [ 0.3717, 7.3677 ], [ 0.3763, 7.3654 ], [ 0.3833, 7.3699 ], [ 0.3864, 7.366 ], [ 0.3911, 7.3682 ], [ 0.3947, 7.3626 ], [ 0.4088, 7.3563 ], [ 0.4444, 7.3617 ], [ 0.4429, 7.3766 ], [ 0.4565, 7.3976 ], [ 0.4709, 7.4061 ], [ 0.4732, 7.3455 ], [ 0.4702, 7.33 ], [ 0.4664, 7.3282 ], [ 0.4794, 7.2923 ], [ 0.4652, 7.2897 ], [ 0.4486, 7.2977 ], [ 0.452, 7.2848 ], [ 0.4454, 7.2816 ], [ 0.4484, 7.2771 ], [ 0.441, 7.2774 ], [ 0.4353, 7.2846 ], [ 0.4271, 7.2809 ], [ 0.4155, 7.2661 ], [ 0.3916, 7.2266 ], [ 0.3712, 7.1542 ], [ 0.3575, 7.1316 ], [ 0.3502, 7.1265 ], [ 0.3416, 7.1273 ], [ 0.3386, 7.1306 ], [ 0.3369, 7.1255 ], [ 0.3398, 7.1158 ], [ 0.3281, 7.0973 ], [ 0.3285, 7.0892 ], [ 0.3158, 7.0959 ], [ 0.2245, 7.0994 ], [ 0.2427, 7.127 ], [ 0.2425, 7.1485 ], [ 0.2352, 7.1671 ], [ 0.2162, 7.174 ], [ 0.1823, 7.1797 ], [ 0.1826, 7.1932 ], [ 0.192, 7.219 ], [ 0.204, 7.2754 ], [ 0.215, 7.31 ], [ 0.2084, 7.3509 ], [ 0.1986, 7.368 ], [ 0.1789, 7.381 ], [ 0.1727, 7.3805 ], [ 0.1505, 7.3909 ], [ 0.1365, 7.4023 ], [ 0.1241, 7.4064 ], [ 0.1346, 7.4159 ], [ 0.1451, 7.4135 ], [ 0.1703, 7.4157 ], [ 0.1789, 7.4221 ], [ 0.1826, 7.4322 ], [ 0.2286, 7.456 ], [ 0.2436, 7.4671 ], [ 0.2576, 7.4656 ], [ 0.2804, 7.483 ], [ 0.3029, 7.4877 ], [ 0.2996, 7.4937 ], [ 0.3035, 7.4969 ], [ 0.2997, 7.4984 ], [ 0.3004, 7.5061 ], [ 0.3065, 7.5045 ], [ 0.3051, 7.5111 ], [ 0.3096, 7.5135 ], [ 0.3101, 7.5185 ], [ 0.3053, 7.5208 ], [ 0.3067, 7.5253 ], [ 0.312, 7.5257 ], [ 0.3119, 7.5306 ], [ 0.3081, 7.5329 ], [ 0.3103, 7.5338 ], [ 0.3039, 7.5398 ], [ 0.3142, 7.5391 ], [ 0.315, 7.5356 ], [ 0.3184, 7.5399 ], [ 0.3231, 7.5402 ], [ 0.3271, 7.5466 ], [ 0.3245, 7.5532 ], [ 0.3285, 7.5606 ], [ 0.3222, 7.5666 ], [ 0.3303, 7.5737 ], [ 0.3269, 7.5782 ], [ 0.3207, 7.5786 ], [ 0.3251, 7.5839 ], [ 0.32, 7.5892 ], [ 0.3367, 7.5968 ], [ 0.3287, 7.6065 ], [ 0.3308, 7.6056 ], [ 0.3333, 7.6118 ], [ 0.3318, 7.6194 ], [ 0.3359, 7.6198 ], [ 0.345, 7.6296 ], [ 0.3439, 7.6394 ], [ 0.3503, 7.6498 ], [ 0.3471, 7.6544 ], [ 0.3537, 7.6598 ], [ 0.3523, 7.6674 ], [ 0.3618, 7.6756 ], [ 0.3708, 7.6781 ], [ 0.3705, 7.6847 ], [ 0.3778, 7.6916 ], [ 0.3777, 7.6852 ], [ 0.4021, 7.6948 ], [ 0.4126, 7.6913 ], [ 0.4191, 7.6929 ], [ 0.4218, 7.6884 ] ] ] } },
{ "type": "Feature", "properties": { "shapeName": "Wassa Amenfi East", "shapeID": "2480657B15365927336493" }, "geometry": { "type": "Polygon", "coordinates": [ [ [ -2.162, 5.622 ], [ -2.166, 5.6306 ], [ -2.1637, 5.6384 ], [ -2.1587, 5.6406 ], [ -2.1645, 5.6573 ], [ -2.1561, 5.6572 ], [ -2.157, 5.6659 ], [ -2.146, 5.6695 ], [ -2.147, 5.6739 ], [ -2.1424, 5.6766 ], [ -2.1453, 5.6851 ], [ -2.1418, 5.6915 ], [ -2.1494, 5.7068 ], [ -2.1413, 5.7215 ], [ -2.1356, 5.7261 ], [ -2.1348, 5.7311 ], [ -2.1406, 5.7339 ], [ -2.1354, 5.7393 ], [ -2.135, 5.7499 ], [ -2.1475, 5.7564 ], [ -2.1464, 5.7618 ], [ -2.1551, 5.7598 ], [ -2.1584, 5.7648 ], [ -2.155, 5.7722 ], [ -2.1631, 5.7743 ], [ -2.1713, 5.7936 ], [ -2.1642, 5.802 ], [ -2.1605, 5.7993 ], [ -2.157, 5.8055 ], [ -2.1558, 5.8024 ], [ -2.1505, 5.8036 ], [ -2.1486, 5.8083 ], [ -2.1573, 5.8135 ], [ -2.1602, 5.8206 ], [ -2.1583, 5.8251 ], [ -2.1618, 5.8256 ], [ -2.1673, 5.8341 ], [ -2.1644, 5.8366 ], [ -2.1682, 5.8533 ], [ -2.1636, 5.8537 ], [ -2.166, 5.8616 ], [ -2.1596, 5.8641 ], [ -2.1658, 5.8818 ], [ -2.1694, 5.8841 ], [ -2.1628, 5.8908 ], [ -2.1673, 5.8962 ], [ -2.1658, 5.9037 ], [ -2.1601, 5.9054 ], [ -2.161, 5.9168 ], [ -2.1646, 5.9187 ], [ -2.1604, 5.9242 ], [ -2.1634, 5.9266 ], [ -2.1602, 5.9308 ], [ -2.165, 5.9307 ], [ -2.1658, 5.936 ], [ -2.1616, 5.9485 ], [ -2.1626, 5.9597 ], [ -2.1579, 5.9599 ], [ -2.1617, 5.9638 ], [ -2.1638, 5.978 ], [ -2.1681, 5.9777 ], [ -2.1671, 5.9843 ], [ -2.1736, 5.9846 ], [ -2.1766, 5.9937 ], [ -2.1827, 5.9952 ], [ -2.1789, 6.0012 ], [ -2.1822, 6.0013 ], [ -2.1849, 6.0081 ], [ -2.1906, 6.0091 ], [ -2.1881, 6.0195 ], [ -2.1928, 6.0238 ], [ -2.1952, 6.0313 ], [ -2.1932, 6.0342 ], [ -2.1993, 6.0452 ], [ -2.1969, 6.0497 ], [ -2.1993, 6.055 ], [ -2.1965, 6.0566 ], [ -2.199, 6.0671 ], [ -2.1934, 6.0735 ], [ -2.199, 6.0799 ], [ -2.1975, 6.0902 ], [ -2.2066, 6.1055 ], [ -2.2072, 6.1142 ], [ -2.2146, 6.1179 ], [ -2.2087, 6.1272 ], [ -2.2126, 6.1315 ], [ -2.2146, 6.1418 ], [ -2.189, 6.1472 ], [ -2.1817, 6.121 ], [ -2.1778, 6.1198 ], [ -2.1711, 6.1237 ], [ -2.1624, 6.1198 ], [ -2.1544, 6.1063 ], [ -2.1411, 6.0997 ], [ -2.1403, 6.0912 ], [ -2.1299, 6.0929 ], [ -2.0587, 6.0715 ], [ -2.0476, 6.0592 ], [ -2.0515, 6.05 ], [ -2.0277, 6.0426 ], [ -2.0182, 6.0277 ], [ -1.9922, 6.0216 ], [ -1.9853, 6.0165 ], [ -1.984, 6.01 ], [ -1.9685, 6.0011 ], [ -1.9538, 5.9843 ], [ -1.9444, 5.9835 ], [ -1.9392, 5.9697 ], [ -1.9407, 5.9582 ], [ -1.9281, 5.9426 ], [ -1.909, 5.9372 ], [ -1.9119, 5.9327 ], [ -1.9102, 5.9282 ], [ -1.9031, 5.9174 ], [ -1.892, 5.9158 ], [ -1.8879, 5.9087 ], [ -1.8879, 5.8973 ], [ -1.8797, 5.8894 ], [ -1.8696, 5.8839 ], [ -1.8591, 5.8861 ], [ -1.8539, 5.8954 ], [ -1.8418, 5.9017 ], [ -1.8367, 5.8954 ], [ -1.8306, 5.896 ], [ -1.8307, 5.9001 ], [ -1.8186, 5.8932 ], [ -1.8149, 5.8892 ], [ -1.8137, 5.8678 ], [ -1.8228, 5.8538 ], [ -1.8239, 5.845 ], [ -1.8327, 5.8274 ], [ -1.8319, 5.8208 ], [ -1.8401, 5.8108 ], [ -1.8407, 5.8045 ], [ -1.8447, 5.805 ], [ -1.8373, 5.7966 ], [ -1.8365, 5.7907 ], [ -1.8341, 5.794 ], [ -1.8298, 5.792 ], [ -1.8288, 5.7865 ], [ -1.84, 5.7818 ], [ -1.8507, 5.7676 ], [ -1.8111, 5.7595 ], [ -1.801, 5.7509 ], [ -1.8006, 5.7446 ], [ -1.8038, 5.7417 ], [ -1.8071, 5.7431 ], [ -1.8102, 5.7364 ], [ -1.8136, 5.7367 ], [ -1.8166, 5.7248 ], [ -1.7865, 5.7326 ], [ -1.7838, 5.7255 ], [ -1.791, 5.7098 ], [ -1.7918, 5.6956 ], [ -1.804, 5.6866 ], [ -1.8099, 5.6777 ], [ -1.8212, 5.6725 ], [ -1.8266, 5.6745 ], [ -1.8296, 5.6852 ], [ -1.8387, 5.6939 ], [ -1.8562, 5.6917 ], [ -1.8931, 5.6647 ], [ -1.9056, 5.6711 ], [ -1.911, 5.6706 ], [ -1.919, 5.6596 ], [ -1.9243, 5.6624 ], [ -1.9247, 5.6581 ], [ -1.9313, 5.6551 ], [ -1.9313, 5.6514 ], [ -1.9423, 5.6488 ], [ -1.941, 5.6431 ], [ -1.9472, 5.6312 ], [ -1.9615, 5.6286 ], [ -1.9652, 5.6306 ], [ -1.9664, 5.6241 ], [ -1.9725, 5.628 ], [ -1.976, 5.6241 ], [ -1.9761, 5.6275 ], [ -1.9807, 5.6255 ], [ -1.9869, 5.6347 ], [ -2.0007, 5.6287 ], [ -2.0091, 5.6362 ], [ -2.0156, 5.6368 ], [ -2.0233, 5.6315 ], [ -2.0247, 5.6217 ], [ -2.0276, 5.631 ], [ -2.033, 5.6347 ], [ -2.0412, 5.6344 ], [ -2.0547, 5.6243 ], [ -2.0616, 5.6061 ], [ -2.0658, 5.6163 ], [ -2.0718, 5.619 ], [ -2.0834, 5.6204 ], [ -2.0933, 5.6086 ], [ -2.1015, 5.6168 ], [ -2.114, 5.6152 ], [ -2.1526, 5.6262 ], [ -2.1572, 5.6191 ], [ -2.16, 5.6234 ], [ -2.162, 5.622 ] ] ] } },
{ "type": "Feature", "properties": { "shapeName": "Central Gonja", "shapeID": "2480657B60919857809422" }, "geometry": { "type": "Polygon", "coordinates": [ [ [ -2.0336, 9.0138 ], [ -2.0315, 9.0208 ], [ -2.0219, 9.0305 ], [ -2.0163, 9.0314 ], [ -2.0097, 9.0432 ], [ -1.9983, 9.0443 ], [ -1.9956, 9.0408 ], [ -1.9929, 9.0439 ], [ -1.9885, 9.0388 ], [ -1.984, 9.0419 ], [ -1.9768, 9.0413 ], [ -1.974, 9.0508 ], [ -1.9523, 9.0465 ], [ -1.9449, 9.0487 ], [ -1.9409, 9.0536 ], [ -1.9348, 9.0471 ], [ -1.9299, 9.0479 ], [ -1.9317, 9.0454 ], [ -1.9282, 9.0429 ], [ -1.9161, 9.0416 ], [ -1.9096, 9.0431 ], [ -1.9041, 9.0505 ], [ -1.8875, 9.0468 ], [ -1.8798, 9.0498 ], [ -1.8589, 9.0368 ], [ -1.8541, 9.0391 ], [ -1.8418, 9.0345 ], [ -1.8402, 9.0301 ], [ -1.8427, 9.027 ], [ -1.8367, 9.0208 ], [ -1.8341, 9.0137 ], [ -1.8364, 9.0134 ], [ -1.8321, 9.0091 ], [ -1.8411, 9.0011 ], [ -1.8487, 8.9785 ], [ -1.857, 8.9682 ], [ -1.8515, 8.9608 ], [ -1.8603, 8.9506 ], [ -1.8615, 8.9324 ], [ -1.856, 8.9036 ], [ -1.8565, 8.8795 ], [ -1.7005, 8.8544 ], [ -1.6993, 8.8717 ], [ -1.6931, 8.8941 ], [ -1.6612, 8.9189 ], [ -1.6333, 8.9185 ], [ -1.6272, 8.9152 ], [ -1.6082, 8.9196 ], [ -1.6034, 8.9277 ], [ -1.5889, 8.9286 ], [ -1.5773, 8.9351 ], [ -1.5735, 8.9442 ], [ -1.5628, 8.9498 ], [ -1.5814, 8.9843 ], [ -1.5892, 8.9878 ], [ -1.5866, 8.9946 ], [ -1.5654, 9.009 ], [ -1.5653, 9.0148 ], [ -1.5551, 9.0273 ], [ -1.5514, 9.0392 ], [ -1.5167, 9.0581 ], [ -1.51, 9.0717 ], [ -1.4952, 9.0792 ], [ -1.4917, 9.0861 ], [ -1.4818, 9.0932 ], [ -1.4753, 9.1059 ], [ -1.4454, 9.1158 ], [ -1.4286, 9.1132 ], [ -1.4198, 9.1166 ], [ -1.4155, 9.1258 ], [ -1.4034, 9.1301 ], [ -1.3954, 9.1277 ], [ -1.3843, 9.1295 ], [ -1.381, 9.1257 ], [ -1.3793, 9.1294 ], [ -1.3742, 9.129 ], [ -1.3787, 9.1482 ], [ -1.365, 9.1686 ], [ -1.3191, 9.1556 ], [ -1.2869, 9.1744 ], [ -1.2791, 9.1849 ], [ -1.264, 9.184 ], [ -1.2613, 9.1914 ], [ -1.2573, 9.1847 ], [ -1.2528, 9.1874 ], [ -1.2441, 9.2083 ], [ -1.2379, 9.2133 ], [ -1.2366, 9.2286 ], [ -1.2404, 9.2447 ], [ -1.2371, 9.2634 ], [ -1.2399, 9.2659 ], [ -1.25, 9.2656 ], [ -1.2532, 9.273 ], [ -1.2427, 9.278 ], [ -1.2425, 9.2848 ], [ -1.2305, 9.2906 ], [ -1.2278, 9.2962 ], [ -1.2127, 9.2983 ], [ -1.2126, 9.3028 ], [ -1.2041, 9.3052 ], [ -1.2033, 9.3085 ], [ -1.1968, 9.3038 ], [ -1.1962, 9.3086 ], [ -1.1874, 9.3121 ], [ -1.1838, 9.3102 ], [ -1.1721, 9.3212 ], [ -1.1652, 9.3212 ], [ -1.166, 9.3177 ], [ -1.1572, 9.3184 ], [ -1.1563, 9.3212 ], [ -1.1489, 9.3185 ], [ -1.1454, 9.3204 ], [ -1.1431, 9.3175 ], [ -1.1204, 9.3184 ], [ -1.1092, 9.3144 ], [ -1.1063, 9.3082 ], [ -1.0995, 9.3092 ], [ -1.0955, 9.3154 ], [ -1.0797, 9.3215 ], [ -1.077, 9.3263 ], [ -1.0578, 9.3279 ], [ -1.051, 9.3397 ], [ -1.0407, 9.3448 ], [ -1.0136, 9.3297 ], [ -1.0196, 9.3133 ], [ -1.009, 9.3172 ], [ -0.996, 9.3289 ], [ -0.9887, 9.3289 ], [ -0.9765, 9.3366 ], [ -0.9626, 9.3343 ], [ -0.9598, 9.3036 ], [ -0.9491, 9.298 ], [ -0.9362, 9.2963 ], [ -0.9352, 9.283 ], [ -0.9257, 9.2788 ], [ -0.9147, 9.2802 ], [ -0.9032, 9.2743 ], [ -0.9008, 9.2659 ], [ -0.894, 9.2645 ], [ -0.893, 9.2592 ], [ -0.8853, 9.2539 ], [ -0.8833, 9.2432 ], [ -0.8788, 9.2405 ], [ -0.8799, 9.2341 ], [ -0.8744, 9.2274 ], [ -0.8698, 9.2277 ], [ -0.8693, 9.2237 ], [ -0.8575, 9.2241 ], [ -0.8581, 9.2209 ], [ -0.8541, 9.2185 ], [ -0.8456, 9.2215 ], [ -0.8381, 9.2191 ], [ -0.8456, 9.2077 ], [ -0.8478, 9.1977 ], [ -0.8552, 9.1932 ], [ -0.8435, 9.1896 ], [ -0.8399, 9.1836 ], [ -0.8437, 9.1758 ], [ -0.8404, 9.1452 ], [ -0.8242, 9.1549 ], [ -0.8137, 9.1525 ], [ -0.7997, 9.1577 ], [ -0.7796, 9.1572 ], [ -0.7746, 9.1561 ], [ -0.7751, 9.1523 ], [ -0.7714, 9.1535 ], [ -0.7685, 9.1507 ], [ -0.7702, 9.1492 ], [ -0.7602, 9.1432 ], [ -0.7594, 9.1337 ], [ -0.7518, 9.1326 ], [ -0.7515, 9.128 ], [ -0.7479, 9.1264 ], [ -0.7449, 9.1314 ], [ -0.7369, 9.1257 ], [ -0.74, 9.1229 ], [ -0.7371, 9.1154 ], [ -0.7409, 9.1074 ], [ -0.7359, 9.1014 ], [ -0.7366, 9.0965 ], [ -0.7337, 9.0934 ], [ -0.731, 9.0947 ], [ -0.722, 9.0839 ], [ -0.7294, 9.0626 ], [ -0.7291, 9.0591 ], [ -0.7223, 9.0571 ], [ -0.7216, 9.0431 ], [ -0.7254, 9.0396 ], [ -0.7217, 9.0269 ], [ -0.7154, 9.0217 ], [ -0.7275, 9.0093 ], [ -0.7246, 9.0072 ], [ -0.722, 8.9953 ], [ -0.7161, 8.9976 ], [ -0.7199, 9.0014 ], [ -0.7061, 9.009 ], [ -0.6969, 9.01 ], [ -0.6968, 9.0139 ], [ -0.683, 9.0233 ], [ -0.6763, 9.0172 ], [ -0.6611, 9.0136 ], [ -0.6548, 9.016 ], [ -0.6218, 9.0124 ], [ -0.6107, 8.9982 ], [ -0.6077, 8.9762 ], [ -0.6002, 8.9593 ], [ -0.6222, 8.9464 ], [ -0.6325, 8.9477 ], [ -0.6378, 8.9382 ], [ -0.6431, 8.9382 ], [ -0.6427, 8.9349 ], [ -0.6582, 8.9311 ], [ -0.6589, 8.9282 ], [ -0.6635, 8.9292 ], [ -0.6707, 8.9221 ], [ -0.6618, 8.9073 ], [ -0.6556, 8.904 ], [ -0.655, 8.8963 ], [ -0.6454, 8.8851 ], [ -0.6471, 8.8764 ], [ -0.6419, 8.8624 ], [ -0.6473, 8.8447 ], [ -0.639, 8.8174 ], [ -0.6655, 8.7698 ], [ -0.6788, 8.759 ], [ -0.685, 8.7387 ], [ -0.6992, 8.7247 ], [ -0.7008, 8.7153 ], [ -0.6966, 8.6976 ], [ -0.7095, 8.6865 ], [ -0.7186, 8.6651 ], [ -0.727, 8.66 ], [ -0.7323, 8.6403 ], [ -0.7458, 8.631 ], [ -0.7401, 8.6191 ], [ -0.7475, 8.6013 ], [ -0.7572, 8.6028 ], [ -0.7692, 8.6141 ], [ -0.7737, 8.624 ], [ -0.7862, 8.602 ], [ -0.7995, 8.5942 ], [ -0.8186, 8.5568 ], [ -0.8291, 8.5431 ], [ -0.8587, 8.537 ], [ -0.8768, 8.5441 ], [ -0.9063, 8.5909 ], [ -0.9265, 8.6302 ], [ -0.9409, 8.6476 ], [ -0.9502, 8.6524 ], [ -0.9832, 8.6598 ], [ -1.0295, 8.6948 ], [ -1.0536, 8.7018 ], [ -1.0755, 8.7022 ], [ -1.1255, 8.6785 ], [ -1.1859, 8.6782 ], [ -1.1978, 8.67 ], [ -1.2095, 8.6679 ], [ -1.2646, 8.6916 ], [ -1.288, 8.7203 ], [ -1.3093, 8.7218 ], [ -1.356, 8.7591 ], [ -1.3763, 8.7675 ], [ -1.4103, 8.7743 ], [ -1.4486, 8.7657 ], [ -1.4748, 8.7653 ], [ -1.4846, 8.7597 ], [ -1.4993, 8.7384 ], [ -1.5108, 8.6917 ], [ -1.5315, 8.681 ], [ -1.5529, 8.6755 ], [ -1.6119, 8.677 ], [ -1.6297, 8.681 ], [ -1.6463, 8.6929 ], [ -1.6584, 8.6954 ], [ -1.6793, 8.6839 ], [ -1.6837, 8.6735 ], [ -1.6837, 8.6565 ], [ -1.6932, 8.6438 ], [ -1.7334, 8.6264 ], [ -1.7552, 8.6301 ], [ -1.7889, 8.6524 ], [ -1.8132, 8.6615 ], [ -1.8409, 8.6612 ], [ -1.857, 8.6516 ], [ -1.8652, 8.6596 ], [ -1.8656, 8.6801 ], [ -1.8698, 8.6946 ], [ -1.8725, 8.6955 ], [ -1.8715, 8.7022 ], [ -1.8769, 8.7072 ], [ -1.8744, 8.7094 ], [ -1.8758, 8.7139 ], [ -1.8847, 8.7244 ], [ -1.8937, 8.728 ], [ -1.893, 8.7336 ], [ -1.8961, 8.7371 ], [ -1.9077, 8.7449 ], [ -1.9181, 8.7466 ], [ -1.9256, 8.7419 ], [ -1.9281, 8.7449 ], [ -1.9338, 8.744 ], [ -1.9341, 8.747 ], [ -1.9444, 8.7427 ], [ -1.9555, 8.7452 ], [ -1.961, 8.7429 ], [ -1.9627, 8.7454 ], [ -1.9643, 8.743 ], [ -1.9724, 8.7555 ], [ -1.9827, 8.752 ], [ -1.9854, 8.7553 ], [ -1.9887, 8.7513 ], [ -1.995, 8.7526 ], [ -1.9958, 8.7584 ], [ -2.008, 8.7685 ], [ -2.0111, 8.7866 ], [ -2.0075, 8.7929 ], [ -2.0124, 8.7914 ], [ -2.0113, 8.799 ], [ -2.0165, 8.8083 ], [ -2.0154, 8.8127 ], [ -2.0404, 8.8197 ], [ -2.0457, 8.8269 ], [ -2.0581, 8.8231 ], [ -2.0787, 8.8252 ], [ -2.1082, 8.8203 ], [ -2.1122, 8.829 ], [ -2.12, 8.8331 ], [ -2.1288, 8.828 ], [ -2.1441, 8.8404 ], [ -2.1463, 8.8613 ], [ -2.1712, 8.8744 ], [ -2.1822, 8.8904 ], [ -2.1828, 8.8959 ], [ -2.1922, 8.8971 ], [ -2.2113, 8.9141 ], [ -2.229, 8.9217 ], [ -2.2527, 8.9518 ], [ -2.258, 8.9539 ], [ -2.2329, 8.9666 ], [ -2.2194, 8.9623 ], [ -2.1563, 8.9884 ], [ -2.141, 8.9848 ], [ -2.1301, 8.9882 ], [ -2.127, 8.9863 ], [ -2.111, 8.9909 ], [ -2.105, 8.9962 ], [ -2.0798, 8.991 ], [ -2.0716, 8.9937 ], [ -2.0698, 8.9998 ], [ -2.0576, 9.0025 ], [ -2.0467, 8.997 ], [ -2.0398, 9.0094 ], [ -2.0336, 9.0138 ] ] ] } },
{ "type": "Feature", "properties": { "shapeName": "Tema West Municipal", "shapeID": "2480657B69717792501029" }, "geometry": { "type": "Polygon", "coordinates": [ [ [ -0.1175, 5.6451 ], [ -0.0646, 5.6651 ], [ -0.0779, 5.6747 ], [ -0.0791, 5.6896 ], [ -0.067, 5.6965 ], [ -0.055, 5.6973 ], [ -0.0419, 5.6758 ], [ -0.0324, 5.6795 ], [ -0.0327, 5.6537 ], [ -0.0451, 5.6386 ], [ -0.0453, 5.6109 ], [ -0.0538, 5.6077 ], [ -0.0567, 5.6111 ], [ -0.0642, 5.6107 ], [ -0.0653, 5.6158 ], [ -0.0729, 5.6143 ], [ -0.0705, 5.6213 ], [ -0.0747, 5.6245 ], [ -0.0912, 5.6294 ], [ -0.1175, 5.6451 ] ] ] } },
{ "type": "Feature", "properties": { "shapeName": "Ashaiman Municipal", "shapeID": "2480657B85535261310615" }, "geometry": { "type": "Polygon", "coordinates": [ [ [ -0.0419, 5.6758 ], [ -0.0593, 5.7004 ], [ -0.0533, 5.7006 ], [ -0.0508, 5.7039 ], [ -0.0568, 5.7102 ], [ -0.0503, 5.7222 ], [ -0.0138, 5.719 ], [ -0.013, 5.6913 ], [ -0.0159, 5.6855 ], [ -0.0419, 5.6758 ] ] ] } },
{ "type": "Feature", "properties": { "shapeName": "Pru East", "shapeID": "2480657B24672710685383" }, "geometry": { "type": "Polygon", "coordinates": [ [ [ -0.5425, 8.1876 ], [ -0.5658, 8.1577 ], [ -0.571, 8.1463 ], [ -0.5545, 8.1256 ], [ -0.5627, 8.1153 ], [ -0.5878, 8.1068 ], [ -0.5909, 8.1092 ], [ -0.6022, 8.1057 ], [ -0.6125, 8.1109 ], [ -0.6174, 8.1101 ], [ -0.6184, 8.0975 ], [ -0.6317, 8.0896 ], [ -0.6359, 8.0824 ], [ -0.6442, 8.0828 ], [ -0.6446, 8.0775 ], [ -0.6569, 8.0656 ], [ -0.665, 8.0627 ], [ -0.6704, 8.0514 ], [ -0.6791, 8.0583 ], [ -0.6754, 8.0653 ], [ -0.6779, 8.0665 ], [ -0.7032, 8.059 ], [ -0.7262, 8.0463 ], [ -0.7329, 8.0345 ], [ -0.7336, 8.0265 ], [ -0.7479, 8.0102 ], [ -0.7552, 7.9865 ], [ -0.7665, 7.9726 ], [ -0.7691, 7.9471 ], [ -0.7978, 7.9547 ], [ -0.8149, 7.9691 ], [ -0.8186, 7.9688 ], [ -0.8253, 7.9602 ], [ -0.825, 7.9563 ], [ -0.8431, 7.9464 ], [ -0.8502, 7.9536 ], [ -0.8531, 7.9527 ], [ -0.8591, 7.939 ], [ -0.8707, 7.9358 ], [ -0.8846, 7.9396 ], [ -0.8917, 7.931 ], [ -0.901, 7.9333 ], [ -0.9074, 7.9288 ], [ -0.9194, 7.9274 ], [ -0.929, 7.9293 ], [ -0.9352, 7.9347 ], [ -0.9344, 7.9383 ], [ -0.9493, 7.9402 ], [ -0.9594, 7.9506 ], [ -1.0045, 7.9628 ], [ -1.0046, 7.975 ], [ -1.0129, 7.9786 ], [ -1.0134, 7.9854 ], [ -1.0217, 7.9912 ], [ -1.0357, 7.9916 ], [ -1.0526, 7.9652 ], [ -1.0541, 8.0073 ], [ -1.0658, 8.0234 ], [ -1.0459, 8.0302 ], [ -1.0347, 8.0252 ], [ -1.0298, 8.017 ], [ -1.0202, 8.0154 ], [ -1.0163, 8.0185 ], [ -1.0194, 8.0321 ], [ -1.028, 8.043 ], [ -1.0346, 8.0463 ], [ -1.0337, 8.0547 ], [ -1.0481, 8.0625 ], [ -1.0487, 8.0669 ], [ -1.041, 8.0794 ], [ -1.0433, 8.0939 ], [ -1.0687, 8.1292 ], [ -1.0405, 8.166 ], [ -1.0432, 8.1741 ], [ -1.0432, 8.2044 ], [ -1.0397, 8.2431 ], [ -1.0337, 8.2453 ], [ -1.0219, 8.2608 ], [ -1.0192, 8.2611 ], [ -1.0102, 8.2479 ], [ -0.9899, 8.2456 ], [ -0.9875, 8.2354 ], [ -0.979, 8.2272 ], [ -0.9677, 8.2331 ], [ -0.9657, 8.2467 ], [ -0.9591, 8.2511 ], [ -0.9487, 8.2465 ], [ -0.9394, 8.2513 ], [ -0.9236, 8.2519 ], [ -0.9067, 8.2575 ], [ -0.9048, 8.2551 ], [ -0.8913, 8.2584 ], [ -0.862, 8.2724 ], [ -0.8526, 8.3156 ], [ -0.8596, 8.3224 ], [ -0.8578, 8.3285 ], [ -0.8014, 8.3396 ], [ -0.7798, 8.3355 ], [ -0.7408, 8.3355 ], [ -0.6395, 8.2695 ], [ -0.5425, 8.1876 ] ] ] } },
{ "type": "Feature", "properties": { "shapeName": "Kpone Katamanso", "shapeID": "2480657B63581433334614" }, "geometry": { "type": "Polygon", "coordinates": [ [ [ -0.0779, 5.6747 ], [ -0.1153, 5.6942 ], [ -0.1245, 5.7101 ], [ -0.1287, 5.7264 ], [ -0.1221, 5.7426 ], [ -0.1239, 5.7506 ], [ -0.1179, 5.7763 ], [ -0.1183, 5.7854 ], [ -0.1286, 5.7948 ], [ -0.1226, 5.8118 ], [ -0.1249, 5.8197 ], [ -0.1309, 5.823 ], [ -0.1325, 5.8166 ], [ -0.1397, 5.8102 ], [ -0.1435, 5.8128 ], [ -0.1505, 5.8099 ], [ -0.155, 5.8147 ], [ -0.1528, 5.8269 ], [ -0.1493, 5.8304 ], [ -0.1509, 5.8383 ], [ -0.1647, 5.8394 ], [ -0.1439, 5.8549 ], [ -0.1377, 5.8511 ], [ -0.1299, 5.8528 ], [ -0.1269, 5.8754 ], [ -0.1222, 5.8802 ], [ -0.1119, 5.8721 ], [ -0.1021, 5.8717 ], [ -0.0911, 5.8648 ], [ -0.0831, 5.8587 ], [ -0.0757, 5.8466 ], [ -0.0606, 5.8453 ], [ -0.0656, 5.8342 ], [ -0.0698, 5.8336 ], [ -0.0714, 5.8211 ], [ -0.0614, 5.7992 ], [ -0.0012, 5.7413 ], [ 0.0213, 5.734 ], [ 0.0404, 5.7319 ], [ 0.0659, 5.7201 ], [ 0.0733, 5.7105 ], [ 0.0716, 5.706 ], [ 0.0672, 5.7057 ], [ 0.0698, 5.7042 ], [ 0.0673, 5.6931 ], [ 0.0611, 5.6852 ], [ 0.0452, 5.6751 ], [ 0.0435, 5.6635 ], [ 0.0325, 5.6564 ], [ 0.0295, 5.6662 ], [ 0.0229, 5.6723 ], [ 0.0038, 5.6643 ], [ -0.0017, 5.6787 ], [ -0.0082, 5.6862 ], [ -0.0159, 5.6855 ], [ -0.013, 5.6913 ], [ -0.0138, 5.719 ], [ -0.0503, 5.7222 ], [ -0.0568, 5.7102 ], [ -0.0508, 5.7039 ], [ -0.0533, 5.7006 ], [ -0.0593, 5.7004 ], [ -0.0589, 5.6969 ], [ -0.067, 5.6965 ], [ -0.0788, 5.69 ], [ -0.0779, 5.6747 ] ] ] } },
{ "type": "Feature", "properties": { "shapeName": "Savelugu", "shapeID": "2480657B27215926841583" }, "geometry": { "type": "Polygon", "coordinates": [ [ [ -0.8818, 9.5685 ], [ -0.8974, 9.5735 ], [ -0.9085, 9.5738 ], [ -0.9041, 9.5825 ], [ -0.9091, 9.6008 ], [ -0.9133, 9.605 ], [ -0.9097, 9.6088 ], [ -0.91, 9.6212 ], [ -0.9209, 9.633 ], [ -0.9277, 9.6537 ], [ -0.9312, 9.6565 ], [ -0.9305, 9.6618 ], [ -0.9364, 9.663 ], [ -0.9491, 9.659 ], [ -0.9555, 9.6616 ], [ -0.9642, 9.6586 ], [ -1.0012, 9.6774 ], [ -0.9889, 9.6934 ], [ -0.9813, 9.6938 ], [ -0.9748, 9.6893 ], [ -0.9638, 9.6979 ], [ -0.9639, 9.7034 ], [ -0.9778, 9.7102 ], [ -0.9806, 9.7154 ], [ -0.9766, 9.72 ], [ -0.9644, 9.7224 ], [ -0.9572, 9.7369 ], [ -0.9441, 9.7373 ], [ -0.9425, 9.7466 ], [ -0.9449, 9.7578 ], [ -0.939, 9.7662 ], [ -0.9471, 9.7785 ], [ -0.9503, 9.8025 ], [ -0.9538, 9.804 ], [ -0.9638, 9.798 ], [ -0.9722, 9.8063 ], [ -0.9764, 9.8177 ], [ -0.9703, 9.8299 ], [ -0.9748, 9.8482 ], [ -0.9826, 9.856 ], [ -0.9961, 9.852 ], [ -0.9993, 9.8592 ], [ -1.0078, 9.8598 ], [ -1.0095, 9.8615 ], [ -1.0066, 9.8599 ], [ -1.0034, 9.8599 ], [ -1.0082, 9.8609 ], [ -1.0137, 9.8698 ], [ -1.0209, 9.8731 ], [ -1.0252, 9.8827 ], [ -1.0262, 9.8983 ], [ -1.0165, 9.8901 ], [ -1.009, 9.8911 ], [ -1.0044, 9.8954 ], [ -1.018, 9.9187 ], [ -0.9813, 9.9386 ], [ -0.9795, 9.9415 ], [ -0.9848, 9.9496 ], [ -0.9848, 9.9607 ], [ -0.9807, 9.9629 ], [ -0.9704, 9.9563 ], [ -0.9726, 9.9647 ], [ -0.9623, 9.9906 ], [ -0.9534, 9.9929 ], [ -0.9403, 9.99 ], [ -0.943, 9.998 ], [ -0.9391, 10.0015 ], [ -0.9404, 10.0083 ], [ -0.9378, 10.0115 ], [ -0.9316, 10.0106 ], [ -0.9215, 10.0002 ], [ -0.9194, 10.0131 ], [ -0.9125, 10.0095 ], [ -0.9061, 10.0129 ], [ -0.9121, 10.0124 ], [ -0.9101, 10.0235 ], [ -0.9049, 10.0251 ], [ -0.8954, 10.0195 ], [ -0.895, 10.0339 ], [ -0.8861, 10.0354 ], [ -0.891, 10.0444 ], [ -0.8904, 10.0493 ], [ -0.8881, 10.0522 ], [ -0.8814, 10.0486 ], [ -0.8818, 10.0597 ], [ -0.8716, 10.0549 ], [ -0.8647, 10.0557 ], [ -0.8636, 10.0615 ], [ -0.8676, 10.0625 ], [ -0.8697, 10.0761 ], [ -0.8579, 10.0854 ], [ -0.8685, 10.0957 ], [ -0.8579, 10.1039 ], [ -0.8597, 10.1072 ], [ -0.8565, 10.1117 ], [ -0.8491, 10.1149 ], [ -0.8559, 10.1244 ], [ -0.8544, 10.1281 ], [ -0.8372, 10.132 ], [ -0.8374, 10.1222 ], [ -0.8222, 10.1179 ], [ -0.8199, 10.1195 ], [ -0.8219, 10.1249 ], [ -0.8178, 10.1253 ], [ -0.8052, 10.1543 ], [ -0.8012, 10.1566 ], [ -0.7955, 10.1458 ], [ -0.7888, 10.152 ], [ -0.7855, 10.1507 ], [ -0.7868, 10.1463 ], [ -0.7829, 10.1419 ], [ -0.7803, 10.1562 ], [ -0.7748, 10.1537 ], [ -0.7669, 10.159 ], [ -0.764, 10.1651 ], [ -0.7581, 10.1605 ], [ -0.7501, 10.1593 ], [ -0.7446, 10.1673 ], [ -0.7334, 10.1599 ], [ -0.7317, 10.1622 ], [ -0.7372, 10.1672 ], [ -0.7326, 10.1707 ], [ -0.7209, 10.1687 ], [ -0.7116, 10.1629 ], [ -0.7154, 10.1714 ], [ -0.7123, 10.1749 ], [ -0.7188, 10.1772 ], [ -0.7142, 10.1828 ], [ -0.7111, 10.1844 ], [ -0.711, 10.1779 ], [ -0.7082, 10.1772 ], [ -0.6983, 10.1804 ], [ -0.6945, 10.1884 ], [ -0.6912, 10.1829 ], [ -0.6874, 10.1828 ], [ -0.6829, 10.1897 ], [ -0.6814, 10.1809 ], [ -0.6753, 10.1825 ], [ -0.6667, 10.1796 ], [ -0.6682, 10.1669 ], [ -0.6615, 10.1559 ], [ -0.6631, 10.1422 ], [ -0.6574, 10.1386 ], [ -0.6535, 10.1267 ], [ -0.6484, 10.1219 ], [ -0.651, 10.1205 ], [ -0.6495, 10.1128 ], [ -0.6531, 10.1066 ], [ -0.6565, 10.1033 ], [ -0.6671, 10.1029 ], [ -0.672, 10.0962 ], [ -0.6761, 10.0961 ], [ -0.6791, 10.0814 ], [ -0.6889, 10.0739 ], [ -0.686, 10.0658 ], [ -0.6891, 10.0544 ], [ -0.6783, 10.0468 ], [ -0.6782, 10.0328 ], [ -0.6825, 10.0402 ], [ -0.7062, 10.0409 ], [ -0.7091, 10.0027 ], [ -0.7204, 10.0027 ], [ -0.7277, 9.9932 ], [ -0.7267, 9.9891 ], [ -0.7339, 9.9767 ], [ -0.7488, 9.9714 ], [ -0.7565, 9.9539 ], [ -0.7669, 9.9412 ], [ -0.7701, 9.9308 ], [ -0.7686, 9.9141 ], [ -0.7763, 9.9129 ], [ -0.7768, 9.9088 ], [ -0.7804, 9.9098 ], [ -0.7811, 9.9066 ], [ -0.7901, 9.9037 ], [ -0.7929, 9.8991 ], [ -0.7895, 9.8982 ], [ -0.7935, 9.8961 ], [ -0.7929, 9.8916 ], [ -0.7961, 9.891 ], [ -0.7974, 9.8846 ], [ -0.8059, 9.8814 ], [ -0.8072, 9.8781 ], [ -0.814, 9.8809 ], [ -0.8177, 9.877 ], [ -0.7979, 9.8676 ], [ -0.772, 9.8642 ], [ -0.7387, 9.8538 ], [ -0.7365, 9.8477 ], [ -0.7505, 9.8377 ], [ -0.7458, 9.8285 ], [ -0.7476, 9.8181 ], [ -0.7383, 9.8173 ], [ -0.7331, 9.8213 ], [ -0.7286, 9.8165 ], [ -0.7226, 9.8207 ], [ -0.7168, 9.8149 ], [ -0.7099, 9.8193 ], [ -0.7054, 9.8165 ], [ -0.6994, 9.8202 ], [ -0.6919, 9.8192 ], [ -0.6901, 9.8059 ], [ -0.6836, 9.7935 ], [ -0.7016, 9.7805 ], [ -0.7042, 9.7679 ], [ -0.6975, 9.742 ], [ -0.692, 9.7372 ], [ -0.6912, 9.7293 ], [ -0.6962, 9.7205 ], [ -0.689, 9.7037 ], [ -0.7174, 9.6848 ], [ -0.7293, 9.6696 ], [ -0.7293, 9.6532 ], [ -0.7661, 9.6298 ], [ -0.7804, 9.6251 ], [ -0.7881, 9.5865 ], [ -0.8113, 9.5642 ], [ -0.8148, 9.5447 ], [ -0.8332, 9.5486 ], [ -0.8377, 9.5505 ], [ -0.8375, 9.5533 ], [ -0.8536, 9.5556 ], [ -0.8592, 9.5615 ], [ -0.8661, 9.5563 ], [ -0.8818, 9.5685 ] ] ] } },
{ "type": "Feature", "properties": { "shapeName": "Tamale Metropolitan", "shapeID": "2480657B1027184338147" }, "geometry": { "type": "Polygon", "coordinates": [ [ [ -0.5757, 9.4152 ], [ -0.578, 9.3969 ], [ -0.5728, 9.3972 ], [ -0.5655, 9.3923 ], [ -0.5491, 9.3944 ], [ -0.5443, 9.3857 ], [ -0.533, 9.3885 ], [ -0.5357, 9.3848 ], [ -0.5347, 9.3767 ], [ -0.5251, 9.3629 ], [ -0.5302, 9.3586 ], [ -0.5356, 9.3266 ], [ -0.5459, 9.3239 ], [ -0.5511, 9.3192 ], [ -0.5493, 9.3132 ], [ -0.5603, 9.3011 ], [ -0.5589, 9.2958 ], [ -0.5631, 9.2915 ], [ -0.5623, 9.2863 ], [ -0.5692, 9.292 ], [ -0.5801, 9.3164 ], [ -0.5944, 9.3287 ], [ -0.5986, 9.3239 ], [ -0.6046, 9.323 ], [ -0.6101, 9.3113 ], [ -0.6172, 9.3125 ], [ -0.627, 9.307 ], [ -0.6364, 9.3104 ], [ -0.6327, 9.3157 ], [ -0.6351, 9.3188 ], [ -0.6542, 9.3152 ], [ -0.6841, 9.3255 ], [ -0.689, 9.3101 ], [ -0.7145, 9.3262 ], [ -0.7178, 9.3136 ], [ -0.7116, 9.306 ], [ -0.7143, 9.2959 ], [ -0.7105, 9.2901 ], [ -0.6973, 9.285 ], [ -0.6984, 9.2825 ], [ -0.694, 9.2782 ], [ -0.7084, 9.2871 ], [ -0.7644, 9.296 ], [ -0.7749, 9.3029 ], [ -0.7955, 9.3089 ], [ -0.8059, 9.3189 ], [ -0.8146, 9.3129 ], [ -0.8228, 9.3116 ], [ -0.8328, 9.2973 ], [ -0.8424, 9.2996 ], [ -0.8484, 9.2967 ], [ -0.8491, 9.3043 ], [ -0.8597, 9.3064 ], [ -0.8699, 9.3063 ], [ -0.8797, 9.2999 ], [ -0.8851, 9.3104 ], [ -0.9264, 9.2963 ], [ -0.9311, 9.2988 ], [ -0.9362, 9.2963 ], [ -0.9491, 9.298 ], [ -0.9608, 9.3062 ], [ -0.9626, 9.3343 ], [ -0.9563, 9.3355 ], [ -0.9451, 9.3458 ], [ -0.9605, 9.3682 ], [ -0.9595, 9.3803 ], [ -0.9533, 9.3824 ], [ -0.9464, 9.4007 ], [ -0.9494, 9.4044 ], [ -0.8739, 9.4035 ], [ -0.8763, 9.4093 ], [ -0.8634, 9.4099 ], [ -0.8542, 9.4217 ], [ -0.8424, 9.4273 ], [ -0.842, 9.4221 ], [ -0.8388, 9.4221 ], [ -0.8412, 9.4164 ], [ -0.8344, 9.4179 ], [ -0.8368, 9.4071 ], [ -0.8339, 9.4072 ], [ -0.8178, 9.419 ], [ -0.7805, 9.4364 ], [ -0.7792, 9.4751 ], [ -0.7759, 9.4786 ], [ -0.762, 9.4773 ], [ -0.7547, 9.4865 ], [ -0.7514, 9.4873 ], [ -0.7473, 9.4814 ], [ -0.7376, 9.4789 ], [ -0.7323, 9.4726 ], [ -0.7142, 9.4665 ], [ -0.7149, 9.4614 ], [ -0.6923, 9.4758 ], [ -0.689, 9.47 ], [ -0.6723, 9.4787 ], [ -0.5827, 9.4134 ], [ -0.5757, 9.4152 ] ] ] } },
{ "type": "Feature", "properties": { "shapeName": "Sagnerigu", "shapeID": "2480657B87566941811639" }, "geometry": { "type": "Polygon", "coordinates": [ [ [ -0.9494, 9.4044 ], [ -0.9657, 9.4199 ], [ -0.9456, 9.4541 ], [ -0.9398, 9.4595 ], [ -0.9392, 9.4568 ], [ -0.934, 9.4573 ], [ -0.9339, 9.4638 ], [ -0.9237, 9.4692 ], [ -0.9126, 9.4667 ], [ -0.9117, 9.4757 ], [ -0.898, 9.4795 ], [ -0.8903, 9.4866 ], [ -0.8972, 9.4952 ], [ -0.8882, 9.5079 ], [ -0.8907, 9.5136 ], [ -0.8978, 9.5183 ], [ -0.8906, 9.5323 ], [ -0.8917, 9.5439 ], [ -0.8881, 9.5454 ], [ -0.8837, 9.5554 ], [ -0.8842, 9.5675 ], [ -0.8818, 9.5685 ], [ -0.8661, 9.5563 ], [ -0.8592, 9.5615 ], [ -0.8536, 9.5556 ], [ -0.8375, 9.5533 ], [ -0.8377, 9.5505 ], [ -0.8332, 9.5486 ], [ -0.8148, 9.5447 ], [ -0.8275, 9.5255 ], [ -0.8124, 9.5147 ], [ -0.8208, 9.4783 ], [ -0.817, 9.4746 ], [ -0.8087, 9.4779 ], [ -0.8055, 9.4751 ], [ -0.7904, 9.4821 ], [ -0.7792, 9.4751 ], [ -0.7805, 9.4364 ], [ -0.8178, 9.419 ], [ -0.8339, 9.4072 ], [ -0.8368, 9.4071 ], [ -0.8344, 9.4179 ], [ -0.8412, 9.4164 ], [ -0.8388, 9.4221 ], [ -0.842, 9.4221 ], [ -0.8424, 9.4273 ], [ -0.8542, 9.4217 ], [ -0.8634, 9.4099 ], [ -0.8763, 9.4093 ], [ -0.8739, 9.4035 ], [ -0.9494, 9.4044 ] ] ] } },
{ "type": "Feature", "properties": { "shapeName": "Karaga", "shapeID": "2480657B76285553918092" }, "geometry": { "type": "Polygon", "coordinates": [ [ [ -0.5069, 9.5096 ], [ -0.5156, 9.5149 ], [ -0.5235, 9.5305 ], [ -0.5409, 9.5196 ], [ -0.6124, 9.5277 ], [ -0.6145, 9.5359 ], [ -0.612, 9.5531 ], [ -0.6023, 9.567 ], [ -0.6022, 9.5742 ], [ -0.5954, 9.5761 ], [ -0.5923, 9.5836 ], [ -0.6204, 9.6147 ], [ -0.6322, 9.6192 ], [ -0.6316, 9.6325 ], [ -0.6255, 9.6341 ], [ -0.6247, 9.6395 ], [ -0.6339, 9.6422 ], [ -0.6406, 9.6496 ], [ -0.6385, 9.6564 ], [ -0.6449, 9.6583 ], [ -0.6464, 9.6685 ], [ -0.6603, 9.6865 ], [ -0.6596, 9.6932 ], [ -0.6633, 9.694 ], [ -0.6689, 9.688 ], [ -0.6804, 9.6919 ], [ -0.6962, 9.7205 ], [ -0.6912, 9.7293 ], [ -0.692, 9.7372 ], [ -0.6975, 9.742 ], [ -0.704, 9.7733 ], [ -0.7016, 9.7805 ], [ -0.6836, 9.7935 ], [ -0.6901, 9.8059 ], [ -0.6919, 9.8192 ], [ -0.6994, 9.8202 ], [ -0.7054, 9.8165 ], [ -0.7099, 9.8193 ], [ -0.7168, 9.8149 ], [ -0.7226, 9.8207 ], [ -0.7286, 9.8165 ], [ -0.7331, 9.8213 ], [ -0.7383, 9.8173 ], [ -0.7476, 9.8181 ], [ -0.7458, 9.8285 ], [ -0.7505, 9.8377 ], [ -0.7365, 9.8477 ], [ -0.7387, 9.8538 ], [ -0.772, 9.8642 ], [ -0.7979, 9.8676 ], [ -0.8177, 9.877 ], [ -0.814, 9.8809 ], [ -0.8072, 9.8781 ], [ -0.8059, 9.8814 ], [ -0.7974, 9.8846 ], [ -0.7961, 9.891 ], [ -0.7929, 9.8916 ], [ -0.7935, 9.8961 ], [ -0.7895, 9.8982 ], [ -0.7929, 9.8991 ], [ -0.7901, 9.9037 ], [ -0.7811, 9.9066 ], [ -0.7804, 9.9098 ], [ -0.7768, 9.9088 ], [ -0.7763, 9.9129 ], [ -0.7686, 9.9141 ], [ -0.7701, 9.9308 ], [ -0.7669, 9.9412 ], [ -0.7565, 9.9539 ], [ -0.7488, 9.9714 ], [ -0.7339, 9.9767 ], [ -0.7267, 9.9891 ], [ -0.7277, 9.9932 ], [ -0.7204, 10.0027 ], [ -0.7091, 10.0027 ], [ -0.7062, 10.0409 ], [ -0.6825, 10.0402 ], [ -0.6782, 10.0328 ], [ -0.6783, 10.0468 ], [ -0.6891, 10.0544 ], [ -0.686, 10.0658 ], [ -0.6889, 10.0739 ], [ -0.6791, 10.0814 ], [ -0.6761, 10.0961 ], [ -0.672, 10.0962 ], [ -0.6671, 10.1029 ], [ -0.6565, 10.1033 ], [ -0.6531, 10.1066 ], [ -0.6495, 10.1128 ], [ -0.651, 10.1205 ], [ -0.6484, 10.1219 ], [ -0.6535, 10.1267 ], [ -0.6574, 10.1386 ], [ -0.6631, 10.1422 ], [ -0.6615, 10.1559 ], [ -0.6682, 10.1669 ], [ -0.6667, 10.1796 ], [ -0.6627, 10.1859 ], [ -0.6541, 10.1928 ], [ -0.6527, 10.1807 ], [ -0.6435, 10.1901 ], [ -0.6418, 10.1864 ], [ -0.6337, 10.1838 ], [ -0.632, 10.1759 ], [ -0.6245, 10.1729 ], [ -0.6256, 10.1655 ], [ -0.5991, 10.1602 ], [ -0.59, 10.1734 ], [ -0.5808, 10.1767 ], [ -0.5788, 10.182 ], [ -0.5582, 10.1967 ], [ -0.5476, 10.2105 ], [ -0.5411, 10.2257 ], [ -0.5416, 10.2326 ], [ -0.5469, 10.2356 ], [ -0.5467, 10.248 ], [ -0.5408, 10.2566 ], [ -0.5411, 10.2614 ], [ -0.5343, 10.2671 ], [ -0.5325, 10.2538 ], [ -0.5219, 10.234 ], [ -0.5194, 10.2459 ], [ -0.514, 10.2482 ], [ -0.5152, 10.2417 ], [ -0.5123, 10.243 ], [ -0.5133, 10.2401 ], [ -0.5096, 10.2367 ], [ -0.5029, 10.2406 ], [ -0.499, 10.2374 ], [ -0.4989, 10.2407 ], [ -0.5068, 10.2455 ], [ -0.5107, 10.2527 ], [ -0.5013, 10.259 ], [ -0.5052, 10.2707 ], [ -0.4977, 10.2714 ], [ -0.5003, 10.276 ], [ -0.497, 10.2815 ], [ -0.5015, 10.2847 ], [ -0.5009, 10.2902 ], [ -0.5056, 10.2924 ], [ -0.5031, 10.2954 ], [ -0.5061, 10.3126 ], [ -0.5044, 10.3179 ], [ -0.4943, 10.326 ], [ -0.4888, 10.3226 ], [ -0.484, 10.3275 ], [ -0.4553, 10.3017 ], [ -0.3859, 10.2979 ], [ -0.3717, 10.2751 ], [ -0.3595, 10.2617 ], [ -0.3538, 10.268 ], [ -0.3546, 10.2739 ], [ -0.3324, 10.2811 ], [ -0.3302, 10.2847 ], [ -0.3233, 10.2842 ], [ -0.3157, 10.2908 ], [ -0.2955, 10.2914 ], [ -0.2694, 10.2762 ], [ -0.2611, 10.2781 ], [ -0.2557, 10.2853 ], [ -0.2383, 10.2878 ], [ -0.203, 10.2658 ], [ -0.1953, 10.2767 ], [ -0.1661, 10.2811 ], [ -0.152, 10.2947 ], [ -0.1311, 10.292 ], [ -0.1285, 10.2871 ], [ -0.1281, 10.2638 ], [ -0.1142, 10.2415 ], [ -0.1397, 10.2276 ], [ -0.1423, 10.2183 ], [ -0.138, 10.209 ], [ -0.1454, 10.2054 ], [ -0.145, 10.2007 ], [ -0.1585, 10.1887 ], [ -0.1689, 10.1715 ], [ -0.1837, 10.1633 ], [ -0.1721, 10.158 ], [ -0.1728, 10.1547 ], [ -0.1675, 10.1518 ], [ -0.1663, 10.1461 ], [ -0.161, 10.144 ], [ -0.1603, 10.1396 ], [ -0.1506, 10.141 ], [ -0.145, 10.1257 ], [ -0.1419, 10.1243 ], [ -0.1401, 10.1096 ], [ -0.1358, 10.1049 ], [ -0.1361, 10.0861 ], [ -0.1469, 10.0772 ], [ -0.1627, 10.0776 ], [ -0.1648, 10.0736 ], [ -0.1744, 10.0707 ], [ -0.1825, 10.0831 ], [ -0.1921, 10.0848 ], [ -0.196, 10.0936 ], [ -0.2024, 10.0952 ], [ -0.2024, 10.1005 ], [ -0.2079, 10.1062 ], [ -0.2292, 10.107 ], [ -0.2326, 10.1141 ], [ -0.2378, 10.1126 ], [ -0.2494, 10.1181 ], [ -0.2404, 10.1097 ], [ -0.2386, 10.093 ], [ -0.233, 10.0806 ], [ -0.2386, 10.0765 ], [ -0.2469, 10.0764 ], [ -0.2678, 10.0581 ], [ -0.291, 10.0597 ], [ -0.302, 10.0522 ], [ -0.2995, 10.0464 ], [ -0.2952, 10.0467 ], [ -0.2974, 10.0424 ], [ -0.29, 10.0406 ], [ -0.2921, 10.0379 ], [ -0.288, 10.0162 ], [ -0.2892, 10.0027 ], [ -0.2868, 10.003 ], [ -0.2806, 9.9869 ], [ -0.2751, 9.9879 ], [ -0.2723, 9.981 ], [ -0.2761, 9.9798 ], [ -0.2775, 9.971 ], [ -0.275, 9.968 ], [ -0.281, 9.9599 ], [ -0.2809, 9.9549 ], [ -0.3028, 9.9451 ], [ -0.3128, 9.9336 ], [ -0.3021, 9.9201 ], [ -0.2998, 9.8831 ], [ -0.3448, 9.8577 ], [ -0.3533, 9.8451 ], [ -0.3686, 9.8426 ], [ -0.3766, 9.8289 ], [ -0.3864, 9.8299 ], [ -0.3982, 9.8241 ], [ -0.4044, 9.814 ], [ -0.4094, 9.8151 ], [ -0.4119, 9.8125 ], [ -0.4139, 9.8149 ], [ -0.4162, 9.8125 ], [ -0.4178, 9.8148 ], [ -0.4231, 9.8121 ], [ -0.4283, 9.8205 ], [ -0.4369, 9.8187 ], [ -0.4392, 9.8221 ], [ -0.4459, 9.8227 ], [ -0.4455, 9.8254 ], [ -0.456, 9.821 ], [ -0.4659, 9.8255 ], [ -0.4734, 9.8207 ], [ -0.4798, 9.8232 ], [ -0.4952, 9.8023 ], [ -0.4915, 9.7835 ], [ -0.4782, 9.7843 ], [ -0.474, 9.7795 ], [ -0.4581, 9.7769 ], [ -0.4716, 9.7474 ], [ -0.4687, 9.7428 ], [ -0.4756, 9.7394 ], [ -0.4839, 9.7221 ], [ -0.4729, 9.6934 ], [ -0.4774, 9.6845 ], [ -0.4769, 9.6655 ], [ -0.4879, 9.6508 ], [ -0.4933, 9.6339 ], [ -0.5022, 9.6266 ], [ -0.4904, 9.6092 ], [ -0.4856, 9.5948 ], [ -0.5084, 9.565 ], [ -0.5068, 9.5526 ], [ -0.5, 9.5452 ], [ -0.5024, 9.5399 ], [ -0.4986, 9.5214 ], [ -0.5, 9.5138 ], [ -0.5069, 9.5096 ] ] ] } },
{ "type": "Feature", "properties": { "shapeName": "North East Gonja", "shapeID": "2480657B30922977157044" }, "geometry": { "type": "Polygon", "coordinates": [ [ [ -0.2026, 9.1089 ], [ -0.2078, 9.1029 ], [ -0.206, 9.0956 ], [ -0.2093, 9.0941 ], [ -0.2103, 9.0861 ], [ -0.2081, 9.0824 ], [ -0.213, 9.0789 ], [ -0.204, 9.0628 ], [ -0.2131, 9.0515 ], [ -0.2119, 9.0456 ], [ -0.2184, 9.0328 ], [ -0.2173, 9.0295 ], [ -0.2088, 9.0272 ], [ -0.2094, 9.0124 ], [ -0.2124, 9.012 ], [ -0.204, 9.0047 ], [ -0.206, 8.9986 ], [ -0.2028, 8.9984 ], [ -0.1955, 8.9752 ], [ -0.2005, 8.9475 ], [ -0.2132, 8.946 ], [ -0.222, 8.9358 ], [ -0.2279, 8.9381 ], [ -0.2336, 8.9363 ], [ -0.2339, 8.9407 ], [ -0.2365, 8.9401 ], [ -0.2421, 8.9308 ], [ -0.2406, 8.9219 ], [ -0.2375, 8.9203 ], [ -0.2486, 8.9174 ], [ -0.2439, 8.9086 ], [ -0.2559, 8.9009 ], [ -0.2728, 8.9034 ], [ -0.2744, 8.8997 ], [ -0.281, 8.9013 ], [ -0.2795, 8.896 ], [ -0.2879, 8.8924 ], [ -0.291, 8.8855 ], [ -0.2952, 8.8887 ], [ -0.302, 8.8857 ], [ -0.3027, 8.8789 ], [ -0.2951, 8.8657 ], [ -0.3001, 8.8649 ], [ -0.2997, 8.8608 ], [ -0.3104, 8.8583 ], [ -0.3269, 8.8631 ], [ -0.3305, 8.8589 ], [ -0.3331, 8.8664 ], [ -0.3388, 8.8673 ], [ -0.344, 8.8625 ], [ -0.3389, 8.861 ], [ -0.3411, 8.856 ], [ -0.3446, 8.8555 ], [ -0.3429, 8.8464 ], [ -0.3384, 8.8453 ], [ -0.3343, 8.837 ], [ -0.3227, 8.8341 ], [ -0.3211, 8.8193 ], [ -0.3166, 8.8162 ], [ -0.308, 8.8205 ], [ -0.2994, 8.8193 ], [ -0.2953, 8.8107 ], [ -0.2995, 8.8091 ], [ -0.2971, 8.8059 ], [ -0.3032, 8.7948 ], [ -0.3065, 8.7956 ], [ -0.3046, 8.7871 ], [ -0.3058, 8.7841 ], [ -0.3094, 8.7856 ], [ -0.3077, 8.7699 ], [ -0.3144, 8.765 ], [ -0.3145, 8.7507 ], [ -0.3294, 8.7421 ], [ -0.3397, 8.7559 ], [ -0.3438, 8.7549 ], [ -0.3458, 8.7584 ], [ -0.3537, 8.7544 ], [ -0.3586, 8.7481 ], [ -0.3728, 8.7432 ], [ -0.3734, 8.7402 ], [ -0.3659, 8.7348 ], [ -0.3688, 8.7225 ], [ -0.3838, 8.724 ], [ -0.381, 8.7114 ], [ -0.3874, 8.7088 ], [ -0.3868, 8.7114 ], [ -0.3966, 8.713 ], [ -0.4057, 8.7071 ], [ -0.4076, 8.7155 ], [ -0.4124, 8.7081 ], [ -0.4142, 8.7186 ], [ -0.4084, 8.7318 ], [ -0.4122, 8.7339 ], [ -0.4316, 8.7284 ], [ -0.4307, 8.7165 ], [ -0.4481, 8.7295 ], [ -0.4577, 8.7214 ], [ -0.4724, 8.7344 ], [ -0.4813, 8.7309 ], [ -0.4875, 8.7237 ], [ -0.4902, 8.7043 ], [ -0.4849, 8.7015 ], [ -0.4851, 8.6825 ], [ -0.4759, 8.6831 ], [ -0.4699, 8.6718 ], [ -0.4598, 8.675 ], [ -0.4596, 8.6785 ], [ -0.4537, 8.6756 ], [ -0.4471, 8.6624 ], [ -0.4405, 8.6641 ], [ -0.4394, 8.6594 ], [ -0.4327, 8.6588 ], [ -0.4363, 8.6499 ], [ -0.4348, 8.6442 ], [ -0.4304, 8.6432 ], [ -0.4233, 8.65 ], [ -0.4178, 8.646 ], [ -0.4192, 8.639 ], [ -0.4125, 8.6259 ], [ -0.4136, 8.6166 ], [ -0.4172, 8.6138 ], [ -0.4151, 8.6078 ], [ -0.4124, 8.6101 ], [ -0.4092, 8.6072 ], [ -0.4111, 8.599 ], [ -0.4075, 8.5978 ], [ -0.4024, 8.6044 ], [ -0.3985, 8.5964 ], [ -0.3962, 8.5979 ], [ -0.3963, 8.593 ], [ -0.391, 8.5953 ], [ -0.383, 8.5923 ], [ -0.3794, 8.5928 ], [ -0.378, 8.598 ], [ -0.3734, 8.598 ], [ -0.3715, 8.587 ], [ -0.3623, 8.5988 ], [ -0.3582, 8.5994 ], [ -0.3578, 8.5902 ], [ -0.3637, 8.5815 ], [ -0.356, 8.5712 ], [ -0.3436, 8.5685 ], [ -0.3498, 8.56 ], [ -0.3367, 8.5386 ], [ -0.3355, 8.5306 ], [ -0.333, 8.5336 ], [ -0.3225, 8.5315 ], [ -0.3184, 8.5357 ], [ -0.3138, 8.5329 ], [ -0.3122, 8.5275 ], [ -0.3104, 8.539 ], [ -0.3056, 8.5386 ], [ -0.3044, 8.5349 ], [ -0.2984, 8.5468 ], [ -0.2937, 8.5479 ], [ -0.2983, 8.544 ], [ -0.2973, 8.5415 ], [ -0.2895, 8.5438 ], [ -0.2777, 8.5575 ], [ -0.2691, 8.5507 ], [ -0.2696, 8.5421 ], [ -0.2657, 8.5469 ], [ -0.2601, 8.5466 ], [ -0.2579, 8.5553 ], [ -0.239, 8.5592 ], [ -0.2347, 8.5721 ], [ -0.2292, 8.5674 ], [ -0.2227, 8.5705 ], [ -0.2212, 8.5613 ], [ -0.2152, 8.5531 ], [ -0.1987, 8.5539 ], [ -0.1975, 8.5469 ], [ -0.2062, 8.5387 ], [ -0.2065, 8.5268 ], [ -0.1994, 8.522 ], [ -0.2045, 8.4972 ], [ -0.2082, 8.4946 ], [ -0.1951, 8.4833 ], [ -0.2006, 8.4816 ], [ -0.2101, 8.4868 ], [ -0.2129, 8.468 ], [ -0.2175, 8.47 ], [ -0.2193, 8.475 ], [ -0.2428, 8.4727 ], [ -0.2335, 8.4574 ], [ -0.2188, 8.4555 ], [ -0.2208, 8.44 ], [ -0.2347, 8.4144 ], [ -0.2381, 8.3989 ], [ -0.2493, 8.3803 ], [ -0.253, 8.3517 ], [ -0.2591, 8.3494 ], [ -0.2756, 8.3533 ], [ -0.299, 8.3529 ], [ -0.3066, 8.3581 ], [ -0.3179, 8.3444 ], [ -0.3252, 8.3424 ], [ -0.3265, 8.339 ], [ -0.308, 8.3206 ], [ -0.2783, 8.3197 ], [ -0.2675, 8.3261 ], [ -0.2632, 8.3358 ], [ -0.2479, 8.3337 ], [ -0.238, 8.3429 ], [ -0.2317, 8.3394 ], [ -0.2179, 8.3385 ], [ -0.2102, 8.3506 ], [ -0.1961, 8.3477 ], [ -0.1871, 8.358 ], [ -0.1841, 8.3378 ], [ -0.1636, 8.3128 ], [ -0.1582, 8.2977 ], [ -0.1469, 8.2898 ], [ -0.1426, 8.2817 ], [ -0.1427, 8.2721 ], [ -0.1696, 8.2532 ], [ -0.1655, 8.2384 ], [ -0.1686, 8.2314 ], [ -0.1772, 8.2278 ], [ -0.182, 8.2323 ], [ -0.1885, 8.2317 ], [ -0.1976, 8.2245 ], [ -0.1986, 8.2193 ], [ -0.2189, 8.2179 ], [ -0.2243, 8.2128 ], [ -0.2326, 8.213 ], [ -0.2378, 8.2179 ], [ -0.2594, 8.2163 ], [ -0.2748, 8.2295 ], [ -0.2807, 8.2455 ], [ -0.2919, 8.2427 ], [ -0.3193, 8.2268 ], [ -0.3695, 8.2309 ], [ -0.3875, 8.2241 ], [ -0.3908, 8.2109 ], [ -0.3897, 8.1987 ], [ -0.3849, 8.195 ], [ -0.3685, 8.201 ], [ -0.3486, 8.2017 ], [ -0.3519, 8.1927 ], [ -0.3586, 8.1857 ], [ -0.3516, 8.1725 ], [ -0.3541, 8.1662 ], [ -0.3847, 8.1528 ], [ -0.419, 8.1528 ], [ -0.4472, 8.1585 ], [ -0.4874, 8.1721 ], [ -0.503, 8.1809 ], [ -0.5425, 8.1876 ], [ -0.6395, 8.2695 ], [ -0.7408, 8.3355 ], [ -0.7798, 8.3355 ], [ -0.8074, 8.3783 ], [ -0.8252, 8.3995 ], [ -0.8502, 8.4419 ], [ -0.861, 8.4914 ], [ -0.8768, 8.5441 ], [ -0.8587, 8.537 ], [ -0.8291, 8.5431 ], [ -0.8186, 8.5568 ], [ -0.7995, 8.5942 ], [ -0.7862, 8.602 ], [ -0.7737, 8.624 ], [ -0.7692, 8.6141 ], [ -0.7572, 8.6028 ], [ -0.7475, 8.6013 ], [ -0.7422, 8.6101 ], [ -0.7401, 8.6191 ], [ -0.7458, 8.631 ], [ -0.7323, 8.6403 ], [ -0.727, 8.66 ], [ -0.7186, 8.6651 ], [ -0.7095, 8.6865 ], [ -0.6966, 8.6976 ], [ -0.7008, 8.7153 ], [ -0.6992, 8.7247 ], [ -0.685, 8.7387 ], [ -0.6788, 8.759 ], [ -0.6655, 8.7698 ], [ -0.639, 8.8174 ], [ -0.6473, 8.8447 ], [ -0.6419, 8.8624 ], [ -0.6471, 8.8764 ], [ -0.6454, 8.8851 ], [ -0.655, 8.8963 ], [ -0.6556, 8.904 ], [ -0.6618, 8.9073 ], [ -0.6707, 8.9221 ], [ -0.6635, 8.9292 ], [ -0.6589, 8.9282 ], [ -0.6582, 8.9311 ], [ -0.6427, 8.9349 ], [ -0.6431, 8.9382 ], [ -0.6378, 8.9382 ], [ -0.6325, 8.9477 ], [ -0.6222, 8.9464 ], [ -0.6028, 8.9557 ], [ -0.6002, 8.9593 ], [ -0.6077, 8.9762 ], [ -0.6088, 8.9935 ], [ -0.6218, 9.0124 ], [ -0.6548, 9.016 ], [ -0.6611, 9.0136 ], [ -0.6763, 9.0172 ], [ -0.683, 9.0233 ], [ -0.6968, 9.0139 ], [ -0.6969, 9.01 ], [ -0.7061, 9.009 ], [ -0.7199, 9.0014 ], [ -0.7161, 8.9976 ], [ -0.722, 8.9953 ], [ -0.7246, 9.0072 ], [ -0.7275, 9.0093 ], [ -0.7154, 9.0217 ], [ -0.7217, 9.0269 ], [ -0.7254, 9.0396 ], [ -0.7216, 9.0431 ], [ -0.7223, 9.0571 ], [ -0.7291, 9.0591 ], [ -0.7294, 9.0626 ], [ -0.722, 9.0839 ], [ -0.731, 9.0947 ], [ -0.7337, 9.0934 ], [ -0.7366, 9.0965 ], [ -0.7359, 9.1014 ], [ -0.7409, 9.1074 ], [ -0.7371, 9.1154 ], [ -0.74, 9.1229 ], [ -0.7369, 9.1257 ], [ -0.7449, 9.1314 ], [ -0.7479, 9.1264 ], [ -0.7515, 9.128 ], [ -0.7518, 9.1326 ], [ -0.7594, 9.1337 ], [ -0.7602, 9.1432 ], [ -0.7702, 9.1492 ], [ -0.7685, 9.1507 ], [ -0.7714, 9.1535 ], [ -0.7751, 9.1523 ], [ -0.7746, 9.1561 ], [ -0.7796, 9.1572 ], [ -0.7997, 9.1577 ], [ -0.8137, 9.1525 ], [ -0.8242, 9.1549 ], [ -0.8404, 9.1452 ], [ -0.8437, 9.1758 ], [ -0.8399, 9.1836 ], [ -0.8435, 9.1896 ], [ -0.8552, 9.1932 ], [ -0.8478, 9.1977 ], [ -0.8456, 9.2077 ], [ -0.8381, 9.2191 ], [ -0.8456, 9.2215 ], [ -0.8541, 9.2185 ], [ -0.8581, 9.2209 ], [ -0.8575, 9.2241 ], [ -0.8655, 9.2227 ], [ -0.8693, 9.2237 ], [ -0.8698, 9.2277 ], [ -0.8744, 9.2274 ], [ -0.8799, 9.2341 ], [ -0.8788, 9.2405 ], [ -0.8833, 9.2432 ], [ -0.8833, 9.2503 ], [ -0.893, 9.2592 ], [ -0.894, 9.2645 ], [ -0.8988, 9.2642 ], [ -0.9032, 9.2743 ], [ -0.9147, 9.2802 ], [ -0.9257, 9.2788 ], [ -0.9352, 9.283 ], [ -0.9362, 9.2963 ], [ -0.9311, 9.2988 ], [ -0.9264, 9.2963 ], [ -0.8851, 9.3104 ], [ -0.8797, 9.2999 ], [ -0.8699, 9.3063 ], [ -0.8597, 9.3064 ], [ -0.8491, 9.3043 ], [ -0.8484, 9.2967 ], [ -0.8424, 9.2996 ], [ -0.8328, 9.2973 ], [ -0.8228, 9.3116 ], [ -0.8146, 9.3129 ], [ -0.8059, 9.3189 ], [ -0.7955, 9.3089 ], [ -0.7749, 9.3029 ], [ -0.7644, 9.296 ], [ -0.7084, 9.2871 ], [ -0.694, 9.2782 ], [ -0.6984, 9.2825 ], [ -0.6973, 9.285 ], [ -0.7105, 9.2901 ], [ -0.7143, 9.2959 ], [ -0.7116, 9.306 ], [ -0.7178, 9.3136 ], [ -0.7145, 9.3262 ], [ -0.689, 9.3101 ], [ -0.6841, 9.3255 ], [ -0.6542, 9.3152 ], [ -0.6351, 9.3188 ], [ -0.6327, 9.3157 ], [ -0.6364, 9.3104 ], [ -0.627, 9.307 ], [ -0.6172, 9.3125 ], [ -0.6101, 9.3113 ], [ -0.6046, 9.323 ], [ -0.5986, 9.3239 ], [ -0.5944, 9.3287 ], [ -0.5801, 9.3164 ], [ -0.5663, 9.2882 ], [ -0.5531, 9.2845 ], [ -0.5437, 9.2751 ], [ -0.5412, 9.2771 ], [ -0.5351, 9.2746 ], [ -0.5195, 9.2822 ], [ -0.511, 9.274 ], [ -0.5119, 9.2651 ], [ -0.5071, 9.2586 ], [ -0.4896, 9.2495 ], [ -0.4837, 9.2505 ], [ -0.4693, 9.2425 ], [ -0.4631, 9.2429 ], [ -0.4524, 9.2357 ], [ -0.4359, 9.231 ], [ -0.4263, 9.2227 ], [ -0.4196, 9.2225 ], [ -0.3908, 9.2354 ], [ -0.3781, 9.228 ], [ -0.3586, 9.2234 ], [ -0.3404, 9.2112 ], [ -0.3243, 9.2094 ], [ -0.3173, 9.1972 ], [ -0.3093, 9.1934 ], [ -0.3081, 9.1811 ], [ -0.2943, 9.1766 ], [ -0.2903, 9.1549 ], [ -0.2866, 9.1549 ], [ -0.2848, 9.1502 ], [ -0.2871, 9.1483 ], [ -0.2819, 9.1453 ], [ -0.282, 9.1378 ], [ -0.27, 9.1296 ], [ -0.261, 9.13 ], [ -0.2585, 9.1264 ], [ -0.2501, 9.1293 ], [ -0.2473, 9.123 ], [ -0.2415, 9.1225 ], [ -0.2372, 9.1179 ], [ -0.231, 9.1234 ], [ -0.2236, 9.1212 ], [ -0.2223, 9.1127 ], [ -0.2182, 9.1085 ], [ -0.2104, 9.1109 ], [ -0.2026, 9.1089 ] ] ] } },
{ "type": "Feature", "properties": { "shapeName": "South Dayi", "shapeID": "2480657B27395942809935" }, "geometry": { "type": "Polygon", "coordinates": [ [ [ 0.2007, 6.4396 ], [ 0.212, 6.4126 ], [ 0.2095, 6.4012 ], [ 0.178, 6.4242 ], [ 0.1862, 6.4403 ], [ 0.1838, 6.466 ], [ 0.1892, 6.4753 ], [ 0.1872, 6.4826 ], [ 0.1789, 6.4867 ], [ 0.1821, 6.4953 ], [ 0.1778, 6.5115 ], [ 0.1997, 6.5485 ], [ 0.195, 6.5556 ], [ 0.1946, 6.5639 ], [ 0.188, 6.5682 ], [ 0.1819, 6.5664 ], [ 0.1632, 6.57 ], [ 0.1518, 6.5778 ], [ 0.1286, 6.5755 ], [ 0.1044, 6.5669 ], [ 0.1104, 6.6166 ], [ 0.1232, 6.666 ], [ 0.1301, 6.6715 ], [ 0.1615, 6.6832 ], [ 0.236, 6.6721 ], [ 0.2389, 6.665 ], [ 0.2534, 6.6624 ], [ 0.2667, 6.668 ], [ 0.3014, 6.672 ], [ 0.3174, 6.6859 ], [ 0.3297, 6.6898 ], [ 0.3443, 6.6833 ], [ 0.3455, 6.6866 ], [ 0.3477, 6.6857 ], [ 0.3494, 6.6791 ], [ 0.353, 6.6792 ], [ 0.343, 6.6584 ], [ 0.3458, 6.6542 ], [ 0.3397, 6.6374 ], [ 0.3118, 6.6066 ], [ 0.2903, 6.5948 ], [ 0.2732, 6.59 ], [ 0.2766, 6.5782 ], [ 0.2853, 6.5778 ], [ 0.2876, 6.5742 ], [ 0.2832, 6.5549 ], [ 0.284, 6.5413 ], [ 0.2484, 6.5121 ], [ 0.2207, 6.4969 ], [ 0.2057, 6.4757 ], [ 0.1984, 6.4558 ], [ 0.2081, 6.4474 ], [ 0.2065, 6.4416 ], [ 0.2007, 6.4396 ] ] ] } },
{ "type": "Feature", "properties": { "shapeName": "Tempane", "shapeID": "2480657B5704764806917" }, "geometry": { "type": "Polygon", "coordinates": [ [ [ -0.0718, 10.7676 ], [ -0.0929, 10.7662 ], [ -0.0991, 10.7762 ], [ -0.096, 10.7877 ], [ -0.1085, 10.8 ], [ -0.1218, 10.8046 ], [ -0.1297, 10.8162 ], [ -0.1359, 10.8346 ], [ -0.1344, 10.8469 ], [ -0.143, 10.8661 ], [ -0.1594, 10.8684 ], [ -0.1665, 10.9069 ], [ -0.1801, 10.921 ], [ -0.1656, 10.9323 ], [ -0.158, 10.9479 ], [ -0.1521, 10.9511 ], [ -0.1426, 10.9678 ], [ -0.147, 10.9747 ], [ -0.1556, 10.976 ], [ -0.1562, 10.9917 ], [ -0.1506, 10.9974 ], [ -0.144, 10.992 ], [ -0.1344, 10.9915 ], [ -0.1118, 11.004 ], [ -0.089, 11.0085 ], [ -0.0831, 11.0194 ], [ -0.0539, 11.0233 ], [ -0.05, 11.0266 ], [ -0.0437, 11.0198 ], [ -0.0385, 11.0272 ], [ -0.0359, 11.0157 ], [ -0.0278, 11.0179 ], [ -0.0162, 11.0074 ], [ 0.0011, 11.033 ], [ 0.0261, 11.0355 ], [ 0.0328, 10.9877 ], [ 0.0248, 10.9725 ], [ -0.0061, 10.9626 ], [ -0.0074, 10.9457 ], [ -0.0118, 10.9439 ], [ -0.0124, 10.938 ], [ -0.0101, 10.9278 ], [ -0.0122, 10.924 ], [ -0.0078, 10.9206 ], [ -0.0076, 10.9146 ], [ -0.0149, 10.9062 ], [ -0.0131, 10.9021 ], [ -0.0179, 10.8897 ], [ -0.0253, 10.8814 ], [ -0.0251, 10.8659 ], [ -0.0299, 10.8559 ], [ -0.0222, 10.8197 ], [ -0.0295, 10.8151 ], [ -0.0314, 10.8074 ], [ -0.044, 10.799 ], [ -0.0455, 10.7924 ], [ -0.0568, 10.7863 ], [ -0.0646, 10.7727 ], [ -0.073, 10.77 ], [ -0.0718, 10.7676 ] ] ] } },
{ "type": "Feature", "properties": { "shapeName": "Bolga  East", "shapeID": "2480657B19171272300465" }, "geometry": { "type": "Polygon", "coordinates": [ [ [ -0.8486, 10.7425 ], [ -0.8547, 10.7511 ], [ -0.8574, 10.7655 ], [ -0.8523, 10.7679 ], [ -0.8275, 10.8044 ], [ -0.8131, 10.8115 ], [ -0.807, 10.8285 ], [ -0.7954, 10.8356 ], [ -0.7846, 10.8371 ], [ -0.7821, 10.8443 ], [ -0.7644, 10.8595 ], [ -0.7485, 10.8625 ], [ -0.7418, 10.8516 ], [ -0.7395, 10.836 ], [ -0.7514, 10.8264 ], [ -0.7603, 10.8302 ], [ -0.7581, 10.8252 ], [ -0.7656, 10.8113 ], [ -0.7621, 10.8094 ], [ -0.7622, 10.805 ], [ -0.7714, 10.8002 ], [ -0.7648, 10.7961 ], [ -0.7764, 10.7839 ], [ -0.7791, 10.7738 ], [ -0.7856, 10.7664 ], [ -0.8101, 10.7601 ], [ -0.8182, 10.7493 ], [ -0.83, 10.7498 ], [ -0.8401, 10.7425 ], [ -0.8486, 10.7425 ] ] ] } },
{ "type": "Feature", "properties": { "shapeName": "Yunyoo-nasuan", "shapeID": "2480657B16330149254954" }, "geometry": { "type": "Polygon", "coordinates": [ [ [ 0.0484, 10.3398 ], [ 0.049, 10.3427 ], [ 0.0325, 10.3359 ], [ 0.0292, 10.3387 ], [ 0.0243, 10.3323 ], [ -0.0068, 10.3305 ], [ -0.0036, 10.3349 ], [ -0.0093, 10.3491 ], [ -0.0204, 10.3475 ], [ -0.0219, 10.3514 ], [ -0.0266, 10.3491 ], [ -0.0355, 10.3574 ], [ -0.0434, 10.3542 ], [ -0.0514, 10.3631 ], [ -0.0564, 10.3634 ], [ -0.0703, 10.3539 ], [ -0.076, 10.3544 ], [ -0.0872, 10.3408 ], [ -0.0988, 10.34 ], [ -0.1006, 10.3429 ], [ -0.1163, 10.3448 ], [ -0.1433, 10.3548 ], [ -0.153, 10.3626 ], [ -0.1552, 10.3604 ], [ -0.1585, 10.3649 ], [ -0.167, 10.3664 ], [ -0.1757, 10.3779 ], [ -0.1803, 10.3743 ], [ -0.1844, 10.3831 ], [ -0.1795, 10.3907 ], [ -0.1858, 10.4084 ], [ -0.1959, 10.4135 ], [ -0.2017, 10.4257 ], [ -0.2124, 10.4363 ], [ -0.2114, 10.4518 ], [ -0.2167, 10.4634 ], [ -0.2124, 10.4707 ], [ -0.2149, 10.4739 ], [ -0.2117, 10.4817 ], [ -0.2152, 10.4846 ], [ -0.2127, 10.49 ], [ -0.2151, 10.5027 ], [ -0.2211, 10.5066 ], [ -0.2191, 10.5252 ], [ -0.1676, 10.5378 ], [ -0.144, 10.5259 ], [ -0.0758, 10.5135 ], [ -0.0555, 10.5066 ], [ -0.0193, 10.5018 ], [ 0.0139, 10.4876 ], [ 0.0246, 10.4703 ], [ 0.0334, 10.4636 ], [ 0.0431, 10.4282 ], [ 0.0405, 10.406 ], [ 0.0456, 10.4053 ], [ 0.0695, 10.3831 ], [ 0.0646, 10.361 ], [ 0.0484, 10.3398 ] ] ] } },
{ "type": "Feature", "properties": { "shapeName": "Nanton", "shapeID": "2480657B96271436146347" }, "geometry": { "type": "Polygon", "coordinates": [ [ [ -0.6124, 9.5277 ], [ -0.6031, 9.5179 ], [ -0.6012, 9.5088 ], [ -0.6041, 9.5064 ], [ -0.5999, 9.496 ], [ -0.5986, 9.4774 ], [ -0.5788, 9.4658 ], [ -0.5782, 9.4533 ], [ -0.5699, 9.4446 ], [ -0.5719, 9.442 ], [ -0.5654, 9.4329 ], [ -0.5647, 9.4216 ], [ -0.5757, 9.4152 ], [ -0.5827, 9.4134 ], [ -0.6723, 9.4787 ], [ -0.689, 9.47 ], [ -0.6923, 9.4758 ], [ -0.7149, 9.4614 ], [ -0.7142, 9.4665 ], [ -0.7323, 9.4726 ], [ -0.7376, 9.4789 ], [ -0.7473, 9.4814 ], [ -0.7514, 9.4873 ], [ -0.762, 9.4773 ], [ -0.7759, 9.4786 ], [ -0.7825, 9.4754 ], [ -0.7904, 9.4821 ], [ -0.8055, 9.4751 ], [ -0.8087, 9.4779 ], [ -0.817, 9.4746 ], [ -0.8208, 9.4783 ], [ -0.8124, 9.5147 ], [ -0.8275, 9.5255 ], [ -0.8147, 9.5441 ], [ -0.8113, 9.5642 ], [ -0.7881, 9.5865 ], [ -0.7804, 9.6251 ], [ -0.7661, 9.6298 ], [ -0.7293, 9.6532 ], [ -0.7293, 9.6696 ], [ -0.7174, 9.6848 ], [ -0.689, 9.7037 ], [ -0.6753, 9.6888 ], [ -0.6689, 9.688 ], [ -0.6633, 9.694 ], [ -0.6596, 9.6932 ], [ -0.6603, 9.6865 ], [ -0.6464, 9.6685 ], [ -0.6449, 9.6583 ], [ -0.6385, 9.6564 ], [ -0.6406, 9.6496 ], [ -0.6339, 9.6422 ], [ -0.6247, 9.6395 ], [ -0.6255, 9.6341 ], [ -0.6316, 9.6325 ], [ -0.6322, 9.6192 ], [ -0.6204, 9.6147 ], [ -0.5923, 9.5836 ], [ -0.5954, 9.5761 ], [ -0.6022, 9.5742 ], [ -0.6023, 9.567 ], [ -0.612, 9.5531 ], [ -0.6145, 9.5359 ], [ -0.6124, 9.5277 ] ] ] } },
{ "type": "Feature", "properties": { "shapeName": "Assin Fosu", "shapeID": "2480657B24956698199939" }, "geometry": { "type": "Polygon", "coordinates": [ [ [ -1.4232, 5.703 ], [ -1.4268, 5.7166 ], [ -1.4401, 5.715 ], [ -1.4604, 5.7472 ], [ -1.442, 5.747 ], [ -1.4277, 5.7506 ], [ -1.4206, 5.7647 ], [ -1.3933, 5.7884 ], [ -1.3671, 5.7813 ], [ -1.36, 5.7718 ], [ -1.3445, 5.7695 ], [ -1.3243, 5.7825 ], [ -1.2969, 5.7932 ], [ -1.2804, 5.7943 ], [ -1.2396, 5.7853 ], [ -1.2293, 5.7671 ], [ -1.1948, 5.747 ], [ -1.1652, 5.7112 ], [ -1.1705, 5.7038 ], [ -1.1727, 5.6737 ], [ -1.167, 5.6599 ], [ -1.1702, 5.6506 ], [ -1.1876, 5.6526 ], [ -1.1851, 5.6731 ], [ -1.2069, 5.6974 ], [ -1.2141, 5.6911 ], [ -1.2221, 5.6904 ], [ -1.2223, 5.6818 ], [ -1.228, 5.6772 ], [ -1.2363, 5.6753 ], [ -1.2399, 5.6806 ], [ -1.2477, 5.6821 ], [ -1.2621, 5.6717 ], [ -1.2647, 5.6728 ], [ -1.2677, 5.6653 ], [ -1.2727, 5.6714 ], [ -1.286, 5.669 ], [ -1.2926, 5.6742 ], [ -1.2962, 5.6777 ], [ -1.2962, 5.692 ], [ -1.3035, 5.6947 ], [ -1.3352, 5.6966 ], [ -1.353, 5.6939 ], [ -1.3647, 5.6972 ], [ -1.3737, 5.693 ], [ -1.392, 5.7189 ], [ -1.4232, 5.703 ] ] ] } },
{ "type": "Feature", "properties": { "shapeName": "Gomoa Central", "shapeID": "2480657B15531990631346" }, "geometry": { "type": "Polygon", "coordinates": [ [ [ -0.7497, 5.2711 ], [ -0.7441, 5.2868 ], [ -0.7484, 5.3079 ], [ -0.7591, 5.3221 ], [ -0.7821, 5.3427 ], [ -0.7809, 5.3569 ], [ -0.7702, 5.3664 ], [ -0.7643, 5.3782 ], [ -0.7761, 5.4042 ], [ -0.7632, 5.4343 ], [ -0.7554, 5.4241 ], [ -0.7565, 5.4115 ], [ -0.7525, 5.4124 ], [ -0.7358, 5.3965 ], [ -0.7291, 5.3953 ], [ -0.7212, 5.3825 ], [ -0.6862, 5.396 ], [ -0.6792, 5.3899 ], [ -0.6801, 5.3792 ], [ -0.6773, 5.3728 ], [ -0.672, 5.3701 ], [ -0.6729, 5.3567 ], [ -0.6422, 5.3368 ], [ -0.6399, 5.3278 ], [ -0.6737, 5.3194 ], [ -0.7245, 5.3 ], [ -0.731, 5.2922 ], [ -0.7269, 5.2852 ], [ -0.7497, 5.2711 ] ] ] } },
{ "type": "Feature", "properties": { "shapeName": "Pru West", "shapeID": "2480657B32965552352903" }, "geometry": { "type": "Polygon", "coordinates": [ [ [ -1.3486, 7.7902 ], [ -1.3911, 7.8055 ], [ -1.3943, 7.8096 ], [ -1.3997, 7.8077 ], [ -1.4037, 7.8102 ], [ -1.4105, 7.8053 ], [ -1.4318, 7.7988 ], [ -1.4436, 7.8111 ], [ -1.4565, 7.811 ], [ -1.4746, 7.8052 ], [ -1.4806, 7.8157 ], [ -1.4854, 7.8379 ], [ -1.4957, 7.8482 ], [ -1.5044, 7.8456 ], [ -1.51, 7.8697 ], [ -1.5171, 7.881 ], [ -1.4989, 7.9239 ], [ -1.4987, 7.939 ], [ -1.5079, 7.9567 ], [ -1.5063, 7.9719 ], [ -1.503, 7.9795 ], [ -1.4919, 7.9893 ], [ -1.4913, 8.0245 ], [ -1.486, 8.0306 ], [ -1.4733, 8.0321 ], [ -1.4568, 8.0412 ], [ -1.4347, 8.0429 ], [ -1.4388, 8.0509 ], [ -1.4392, 8.0825 ], [ -1.4165, 8.1254 ], [ -1.419, 8.1433 ], [ -1.4158, 8.1591 ], [ -1.3998, 8.1795 ], [ -1.4041, 8.2074 ], [ -1.3937, 8.2127 ], [ -1.3708, 8.2327 ], [ -1.3458, 8.2365 ], [ -1.3301, 8.2332 ], [ -1.2981, 8.2768 ], [ -1.2904, 8.2779 ], [ -1.2745, 8.2896 ], [ -1.2752, 8.2852 ], [ -1.2687, 8.2769 ], [ -1.2665, 8.2573 ], [ -1.2513, 8.2431 ], [ -1.2371, 8.2237 ], [ -1.2295, 8.2048 ], [ -1.1565, 8.0886 ], [ -1.1566, 8.0837 ], [ -1.1654, 8.0698 ], [ -1.166, 8.0603 ], [ -1.1593, 8.0344 ], [ -1.1589, 8.023 ], [ -1.1627, 8.015 ], [ -1.1579, 7.9993 ], [ -1.136, 7.9983 ], [ -1.1314, 7.9952 ], [ -1.1258, 7.9977 ], [ -1.1204, 7.9932 ], [ -1.1125, 7.9953 ], [ -1.107, 7.9924 ], [ -1.0904, 8.0027 ], [ -1.0814, 8.0172 ], [ -1.0671, 8.0239 ], [ -1.0541, 8.0073 ], [ -1.0526, 7.9652 ], [ -1.0578, 7.9815 ], [ -1.0815, 7.9833 ], [ -1.0902, 7.9617 ], [ -1.1016, 7.9593 ], [ -1.1035, 7.9554 ], [ -1.1114, 7.954 ], [ -1.118, 7.9476 ], [ -1.1119, 7.934 ], [ -1.1029, 7.9352 ], [ -1.1012, 7.9331 ], [ -1.103, 7.9216 ], [ -1.0993, 7.9179 ], [ -1.1044, 7.9046 ], [ -1.1186, 7.9002 ], [ -1.1205, 7.9087 ], [ -1.1321, 7.9162 ], [ -1.1386, 7.9138 ], [ -1.139, 7.9087 ], [ -1.1489, 7.9121 ], [ -1.1581, 7.9051 ], [ -1.1754, 7.9036 ], [ -1.184, 7.8965 ], [ -1.1906, 7.9008 ], [ -1.1941, 7.8989 ], [ -1.1821, 7.8943 ], [ -1.1785, 7.887 ], [ -1.1823, 7.8795 ], [ -1.1872, 7.8784 ], [ -1.1837, 7.8766 ], [ -1.1869, 7.8703 ], [ -1.1956, 7.8742 ], [ -1.2003, 7.8711 ], [ -1.1976, 7.866 ], [ -1.2014, 7.8598 ], [ -1.1922, 7.8546 ], [ -1.1931, 7.8503 ], [ -1.2047, 7.8435 ], [ -1.2309, 7.8429 ], [ -1.241, 7.8364 ], [ -1.2507, 7.815 ], [ -1.2459, 7.8118 ], [ -1.2442, 7.8059 ], [ -1.252, 7.7995 ], [ -1.2593, 7.7998 ], [ -1.2769, 7.7885 ], [ -1.288, 7.7896 ], [ -1.2994, 7.7866 ], [ -1.3042, 7.79 ], [ -1.3139, 7.7848 ], [ -1.3244, 7.7935 ], [ -1.3223, 7.7871 ], [ -1.3325, 7.7875 ], [ -1.3327, 7.7916 ], [ -1.3486, 7.7902 ] ] ] } },
{ "type": "Feature", "properties": { "shapeName": "Berekum West", "shapeID": "2480657B54527757245703" }, "geometry": { "type": "Polygon", "coordinates": [ [ [ -2.5363, 7.3024 ], [ -2.5551, 7.3122 ], [ -2.5767, 7.3163 ], [ -2.6209, 7.334 ], [ -2.6666, 7.3713 ], [ -2.6962, 7.3802 ], [ -2.7168, 7.407 ], [ -2.7258, 7.4107 ], [ -2.7316, 7.4272 ], [ -2.7444, 7.4242 ], [ -2.758, 7.4461 ], [ -2.7801, 7.4707 ], [ -2.7879, 7.4598 ], [ -2.7967, 7.462 ], [ -2.798, 7.4739 ], [ -2.7952, 7.4827 ], [ -2.7671, 7.5009 ], [ -2.7684, 7.5093 ], [ -2.7785, 7.5232 ], [ -2.781, 7.5475 ], [ -2.7346, 7.5466 ], [ -2.718, 7.5399 ], [ -2.7316, 7.5692 ], [ -2.6945, 7.5624 ], [ -2.6865, 7.584 ], [ -2.6858, 7.609 ], [ -2.6778, 7.6148 ], [ -2.6759, 7.6266 ], [ -2.6663, 7.6423 ], [ -2.6607, 7.6277 ], [ -2.633, 7.5825 ], [ -2.6376, 7.5455 ], [ -2.6443, 7.5358 ], [ -2.6508, 7.5167 ], [ -2.6445, 7.4905 ], [ -2.6064, 7.4535 ], [ -2.5965, 7.4398 ], [ -2.5802, 7.3757 ], [ -2.5721, 7.3696 ], [ -2.5714, 7.3588 ], [ -2.5614, 7.3437 ], [ -2.5445, 7.3295 ], [ -2.5363, 7.3024 ] ] ] } },
{ "type": "Feature", "properties": { "shapeName": "Ahafo Ano South West", "shapeID": "2480657B58897854519282" }, "geometry": { "type": "Polygon", "coordinates": [ [ [ -2.0813, 7.0276 ], [ -2.0619, 7.0391 ], [ -2.0531, 7.041 ], [ -2.0488, 7.0373 ], [ -2.0383, 7.0402 ], [ -2.0233, 7.0512 ], [ -2.0201, 7.0599 ], [ -2.0117, 7.0691 ], [ -1.995, 7.0792 ], [ -1.9903, 7.0784 ], [ -1.967, 7.0899 ], [ -1.9536, 7.0852 ], [ -1.9582, 7.0356 ], [ -1.9666, 7.0127 ], [ -1.9645, 6.9937 ], [ -1.9677, 6.9643 ], [ -1.9761, 6.9307 ], [ -1.973, 6.9118 ], [ -1.9875, 6.8893 ], [ -1.9871, 6.8667 ], [ -2.0261, 6.8355 ], [ -2.0185, 6.808 ], [ -2.0181, 6.7931 ], [ -2.0228, 6.7814 ], [ -2.0402, 6.7711 ], [ -2.053, 6.7801 ], [ -2.1072, 6.7858 ], [ -2.1184, 6.7917 ], [ -2.1215, 6.7863 ], [ -2.1406, 6.7872 ], [ -2.1782, 6.7617 ], [ -2.1783, 6.7492 ], [ -2.1965, 6.7282 ], [ -2.1972, 6.7225 ], [ -2.2018, 6.7208 ], [ -2.2038, 6.7252 ], [ -2.2073, 6.7215 ], [ -2.206, 6.7187 ], [ -2.214, 6.7123 ], [ -2.2174, 6.7161 ], [ -2.2286, 6.7124 ], [ -2.2284, 6.7151 ], [ -2.2345, 6.7148 ], [ -2.2376, 6.7199 ], [ -2.2403, 6.7121 ], [ -2.2458, 6.7084 ], [ -2.2449, 6.7042 ], [ -2.2505, 6.6995 ], [ -2.2632, 6.7053 ], [ -2.2644, 6.7103 ], [ -2.274, 6.7041 ], [ -2.2741, 6.707 ], [ -2.2777, 6.7041 ], [ -2.281, 6.7056 ], [ -2.2865, 6.6985 ], [ -2.2903, 6.7046 ], [ -2.2931, 6.7042 ], [ -2.286, 6.7069 ], [ -2.2893, 6.7158 ], [ -2.2854, 6.7171 ], [ -2.2782, 6.7295 ], [ -2.2738, 6.7559 ], [ -2.2679, 6.7629 ], [ -2.267, 6.7779 ], [ -2.2534, 6.7788 ], [ -2.2342, 6.7867 ], [ -2.2161, 6.7831 ], [ -2.2108, 6.791 ], [ -2.1969, 6.7921 ], [ -2.1884, 6.7875 ], [ -2.179, 6.7919 ], [ -2.1791, 6.795 ], [ -2.1848, 6.7979 ], [ -2.1888, 6.8126 ], [ -2.1827, 6.8144 ], [ -2.1819, 6.8236 ], [ -2.1784, 6.8275 ], [ -2.1492, 6.8312 ], [ -2.1444, 6.8354 ], [ -2.1386, 6.8326 ], [ -2.1239, 6.8385 ], [ -2.1204, 6.8455 ], [ -2.127, 6.8537 ], [ -2.1254, 6.8645 ], [ -2.1283, 6.876 ], [ -2.1345, 6.8858 ], [ -2.1397, 6.8869 ], [ -2.1327, 6.8943 ], [ -2.1326, 6.8997 ], [ -2.1295, 6.9019 ], [ -2.1264, 6.8986 ], [ -2.1031, 6.933 ], [ -2.0875, 6.9214 ], [ -2.0751, 6.9242 ], [ -2.0736, 6.9287 ], [ -2.0645, 6.9337 ], [ -2.0667, 6.9422 ], [ -2.0599, 6.9464 ], [ -2.0538, 6.9456 ], [ -2.0485, 6.9596 ], [ -2.0813, 7.0276 ] ] ] } },
{ "type": "Feature", "properties": { "shapeName": "Amansie South", "shapeID": "2480657B37143689168174" }, "geometry": { "type": "Polygon", "coordinates": [ [ [ -2.1727, 6.3649 ], [ -2.1603, 6.3722 ], [ -2.1595, 6.391 ], [ -2.1444, 6.3909 ], [ -2.1413, 6.396 ], [ -2.1432, 6.4032 ], [ -2.1404, 6.4143 ], [ -2.097, 6.411 ], [ -2.0797, 6.4036 ], [ -2.0706, 6.3946 ], [ -2.0576, 6.3972 ], [ -2.0449, 6.3887 ], [ -2.042, 6.3953 ], [ -2.0501, 6.3989 ], [ -2.0412, 6.4139 ], [ -2.047, 6.424 ], [ -2.0458, 6.4276 ], [ -2.0403, 6.4306 ], [ -2.0374, 6.4281 ], [ -2.034, 6.4312 ], [ -2.0286, 6.4301 ], [ -2.0289, 6.4335 ], [ -2.0194, 6.4371 ], [ -2.0222, 6.4418 ], [ -2.0334, 6.4427 ], [ -2.0135, 6.4556 ], [ -2.0063, 6.4646 ], [ -2.0084, 6.473 ], [ -2.0037, 6.4784 ], [ -2.0048, 6.489 ], [ -1.9995, 6.5 ], [ -2.0103, 6.5237 ], [ -2.0075, 6.5265 ], [ -2.005, 6.5195 ], [ -2.001, 6.52 ], [ -1.9938, 6.5143 ], [ -1.9902, 6.5154 ], [ -1.9918, 6.5189 ], [ -1.9846, 6.519 ], [ -1.9595, 6.5143 ], [ -1.9544, 6.5054 ], [ -1.952, 6.4789 ], [ -1.9544, 6.4671 ], [ -1.9514, 6.4552 ], [ -1.9544, 6.4476 ], [ -1.9538, 6.421 ], [ -1.9568, 6.4062 ], [ -1.9496, 6.3761 ], [ -1.9485, 6.3475 ], [ -1.9517, 6.3192 ], [ -1.9122, 6.301 ], [ -1.9057, 6.2902 ], [ -1.8968, 6.2853 ], [ -1.9084, 6.2727 ], [ -1.9027, 6.2665 ], [ -1.9106, 6.2523 ], [ -1.9056, 6.2529 ], [ -1.9044, 6.2438 ], [ -1.8978, 6.2336 ], [ -1.9015, 6.2283 ], [ -1.8955, 6.2253 ], [ -1.8907, 6.2179 ], [ -1.8916, 6.214 ], [ -1.8834, 6.2091 ], [ -1.8894, 6.2048 ], [ -1.9024, 6.1834 ], [ -1.9096, 6.1791 ], [ -1.9097, 6.1845 ], [ -1.9163, 6.1789 ], [ -1.9214, 6.1805 ], [ -1.9235, 6.1779 ], [ -1.9205, 6.1745 ], [ -1.9246, 6.1737 ], [ -1.9409, 6.1578 ], [ -1.9504, 6.1601 ], [ -1.9509, 6.1546 ], [ -1.947, 6.1544 ], [ -1.9444, 6.1474 ], [ -1.9496, 6.1425 ], [ -1.9465, 6.1389 ], [ -1.9512, 6.1309 ], [ -1.9491, 6.1209 ], [ -1.9573, 6.1104 ], [ -1.9634, 6.1094 ], [ -1.9638, 6.105 ], [ -1.9598, 6.1052 ], [ -1.9678, 6.0975 ], [ -1.9681, 6.0928 ], [ -1.9755, 6.0918 ], [ -1.986, 6.0992 ], [ -1.9864, 6.1143 ], [ -1.9787, 6.1119 ], [ -1.979, 6.1161 ], [ -1.9904, 6.1248 ], [ -1.9974, 6.1161 ], [ -2.0072, 6.1175 ], [ -2.0069, 6.1109 ], [ -2.0143, 6.1132 ], [ -2.0147, 6.1255 ], [ -2.0233, 6.1323 ], [ -2.0234, 6.1422 ], [ -2.0259, 6.1409 ], [ -2.0194, 6.1524 ], [ -2.024, 6.1549 ], [ -2.0226, 6.1732 ], [ -2.0242, 6.1762 ], [ -2.0278, 6.1755 ], [ -2.0306, 6.1855 ], [ -2.0404, 6.1979 ], [ -2.0384, 6.2069 ], [ -2.0317, 6.2101 ], [ -2.0215, 6.2238 ], [ -2.02, 6.2365 ], [ -2.0234, 6.2553 ], [ -2.0192, 6.2653 ], [ -2.0136, 6.2677 ], [ -2.0095, 6.2916 ], [ -2.019, 6.2921 ], [ -2.027, 6.2876 ], [ -2.0452, 6.2844 ], [ -2.0673, 6.2947 ], [ -2.0836, 6.2982 ], [ -2.0994, 6.3093 ], [ -2.1195, 6.3077 ], [ -2.1241, 6.3012 ], [ -2.1241, 6.3136 ], [ -2.1276, 6.3188 ], [ -2.1212, 6.3291 ], [ -2.1246, 6.3368 ], [ -2.1365, 6.348 ], [ -2.1491, 6.3485 ], [ -2.1526, 6.3544 ], [ -2.1727, 6.3649 ] ] ] } },
{ "type": "Feature", "properties": { "shapeName": "Atwima Nwabiagya North", "shapeID": "2480657B14484334363928" }, "geometry": { "type": "Polygon", "coordinates": [ [ [ -1.6865, 6.8789 ], [ -1.6868, 6.8651 ], [ -1.6897, 6.8606 ], [ -1.6936, 6.8632 ], [ -1.6952, 6.8583 ], [ -1.7008, 6.861 ], [ -1.6952, 6.8565 ], [ -1.6875, 6.8581 ], [ -1.685, 6.8555 ], [ -1.6942, 6.855 ], [ -1.6935, 6.8478 ], [ -1.6888, 6.8393 ], [ -1.6747, 6.8313 ], [ -1.6806, 6.8263 ], [ -1.6786, 6.8191 ], [ -1.6884, 6.8121 ], [ -1.6698, 6.81 ], [ -1.6685, 6.7857 ], [ -1.6623, 6.7802 ], [ -1.6637, 6.7768 ], [ -1.6753, 6.7845 ], [ -1.6731, 6.7748 ], [ -1.6765, 6.7669 ], [ -1.6834, 6.7655 ], [ -1.751, 6.7976 ], [ -1.7738, 6.8005 ], [ -1.7887, 6.7978 ], [ -1.7898, 6.804 ], [ -1.78, 6.8137 ], [ -1.7821, 6.8206 ], [ -1.7794, 6.8263 ], [ -1.7872, 6.8253 ], [ -1.7914, 6.8298 ], [ -1.7955, 6.84 ], [ -1.7936, 6.852 ], [ -1.8028, 6.8642 ], [ -1.8009, 6.8748 ], [ -1.8041, 6.8795 ], [ -1.8031, 6.8826 ], [ -1.7962, 6.8849 ], [ -1.7971, 6.9082 ], [ -1.7868, 6.9165 ], [ -1.788, 6.9273 ], [ -1.798, 6.9361 ], [ -1.8014, 6.9469 ], [ -1.8103, 6.9453 ], [ -1.811, 6.9504 ], [ -1.8203, 6.9559 ], [ -1.8215, 6.9669 ], [ -1.828, 6.9683 ], [ -1.8231, 6.9796 ], [ -1.8268, 6.9841 ], [ -1.8248, 6.9921 ], [ -1.8034, 6.9813 ], [ -1.7949, 6.9699 ], [ -1.7847, 6.9707 ], [ -1.7811, 6.9745 ], [ -1.7742, 6.9717 ], [ -1.7515, 6.9512 ], [ -1.7513, 6.9459 ], [ -1.7426, 6.9374 ], [ -1.7207, 6.9371 ], [ -1.7159, 6.9273 ], [ -1.7207, 6.9124 ], [ -1.7108, 6.9007 ], [ -1.714, 6.8991 ], [ -1.7135, 6.8912 ], [ -1.698, 6.8898 ], [ -1.69, 6.8836 ], [ -1.6865, 6.8789 ] ] ] } },
{ "type": "Feature", "properties": { "shapeName": "Adansi Akrofuom", "shapeID": "2480657B88279606337785" }, "geometry": { "type": "Polygon", "coordinates": [ [ [ -1.7337, 6.1205 ], [ -1.706, 6.1456 ], [ -1.6955, 6.1377 ], [ -1.6828, 6.1397 ], [ -1.6746, 6.1361 ], [ -1.6665, 6.1227 ], [ -1.6612, 6.1192 ], [ -1.6543, 6.128 ], [ -1.6425, 6.1212 ], [ -1.6356, 6.123 ], [ -1.6316, 6.1195 ], [ -1.6199, 6.1241 ], [ -1.6168, 6.1192 ], [ -1.604, 6.1187 ], [ -1.5942, 6.1355 ], [ -1.5776, 6.1465 ], [ -1.5746, 6.1441 ], [ -1.5731, 6.128 ], [ -1.5675, 6.1217 ], [ -1.5585, 6.121 ], [ -1.5571, 6.1082 ], [ -1.5488, 6.1105 ], [ -1.5436, 6.1064 ], [ -1.5444, 6.0973 ], [ -1.5515, 6.0945 ], [ -1.5556, 6.0835 ], [ -1.5526, 6.0583 ], [ -1.5463, 6.0546 ], [ -1.5426, 6.0476 ], [ -1.5375, 6.0461 ], [ -1.5402, 6.0302 ], [ -1.5385, 6.0314 ], [ -1.5512, 6.0212 ], [ -1.5431, 6.0076 ], [ -1.5423, 5.9839 ], [ -1.5523, 5.9515 ], [ -1.5429, 5.9444 ], [ -1.5466, 5.9347 ], [ -1.5396, 5.9311 ], [ -1.5466, 5.9268 ], [ -1.5553, 5.929 ], [ -1.5586, 5.9238 ], [ -1.563, 5.9272 ], [ -1.5678, 5.9258 ], [ -1.5673, 5.931 ], [ -1.5719, 5.9331 ], [ -1.5741, 5.9314 ], [ -1.5719, 5.9255 ], [ -1.581, 5.9176 ], [ -1.5842, 5.9225 ], [ -1.582, 5.9274 ], [ -1.59, 5.9349 ], [ -1.5899, 5.9277 ], [ -1.5957, 5.9239 ], [ -1.6007, 5.9293 ], [ -1.6089, 5.925 ], [ -1.613, 5.9287 ], [ -1.6195, 5.9264 ], [ -1.6197, 5.932 ], [ -1.6242, 5.9269 ], [ -1.6352, 5.9279 ], [ -1.6389, 5.9337 ], [ -1.6456, 5.9308 ], [ -1.6474, 5.9244 ], [ -1.6546, 5.9222 ], [ -1.6619, 5.9241 ], [ -1.6641, 5.9183 ], [ -1.666, 5.9168 ], [ -1.6682, 5.921 ], [ -1.669, 5.9161 ], [ -1.6725, 5.9153 ], [ -1.676, 5.9201 ], [ -1.6732, 5.9225 ], [ -1.6803, 5.9243 ], [ -1.6886, 5.9333 ], [ -1.6934, 5.9336 ], [ -1.6901, 5.941 ], [ -1.6927, 5.9434 ], [ -1.7038, 5.9277 ], [ -1.7072, 5.9293 ], [ -1.714, 5.9386 ], [ -1.7122, 5.9436 ], [ -1.7149, 5.9444 ], [ -1.7096, 5.9549 ], [ -1.7132, 5.9572 ], [ -1.7248, 5.9529 ], [ -1.7334, 5.968 ], [ -1.7392, 5.9705 ], [ -1.742, 5.966 ], [ -1.7496, 5.9689 ], [ -1.7467, 5.963 ], [ -1.7487, 5.9599 ], [ -1.7641, 5.9697 ], [ -1.7704, 5.9609 ], [ -1.7777, 5.9717 ], [ -1.7744, 5.9797 ], [ -1.7921, 5.9883 ], [ -1.7979, 5.9997 ], [ -1.8029, 5.9928 ], [ -1.8131, 6.0113 ], [ -1.8019, 6.0263 ], [ -1.8092, 6.0399 ], [ -1.8072, 6.0477 ], [ -1.8027, 6.0485 ], [ -1.8033, 6.0529 ], [ -1.8071, 6.0546 ], [ -1.8021, 6.0574 ], [ -1.7994, 6.0655 ], [ -1.8028, 6.069 ], [ -1.7972, 6.0764 ], [ -1.8021, 6.0884 ], [ -1.7973, 6.0948 ], [ -1.7881, 6.0995 ], [ -1.7888, 6.1059 ], [ -1.7858, 6.1061 ], [ -1.7848, 6.1105 ], [ -1.7768, 6.1082 ], [ -1.7694, 6.113 ], [ -1.7614, 6.1107 ], [ -1.748, 6.114 ], [ -1.7465, 6.1083 ], [ -1.7398, 6.1142 ], [ -1.7402, 6.1209 ], [ -1.7337, 6.1205 ] ] ] } },
{ "type": "Feature", "properties": { "shapeName": "Adansi North", "shapeID": "2480657B92670413622569" }, "geometry": { "type": "Polygon", "coordinates": [ [ [ -1.6072, 6.2392 ], [ -1.6732, 6.236 ], [ -1.6782, 6.2487 ], [ -1.6747, 6.2548 ], [ -1.6835, 6.2643 ], [ -1.6788, 6.2768 ], [ -1.6815, 6.2926 ], [ -1.6928, 6.2915 ], [ -1.6979, 6.2945 ], [ -1.7072, 6.3105 ], [ -1.6888, 6.3054 ], [ -1.6781, 6.3083 ], [ -1.6693, 6.3067 ], [ -1.6614, 6.3163 ], [ -1.6471, 6.3064 ], [ -1.6404, 6.3243 ], [ -1.6336, 6.3096 ], [ -1.6147, 6.3097 ], [ -1.6093, 6.3112 ], [ -1.6076, 6.3185 ], [ -1.5993, 6.3184 ], [ -1.5867, 6.3299 ], [ -1.5842, 6.35 ], [ -1.5759, 6.3601 ], [ -1.5753, 6.3659 ], [ -1.5683, 6.3579 ], [ -1.5699, 6.3481 ], [ -1.5535, 6.3483 ], [ -1.5404, 6.3429 ], [ -1.5189, 6.3485 ], [ -1.5116, 6.3657 ], [ -1.5125, 6.376 ], [ -1.4863, 6.3708 ], [ -1.4836, 6.3672 ], [ -1.4867, 6.3596 ], [ -1.4925, 6.3582 ], [ -1.4923, 6.3542 ], [ -1.4816, 6.3496 ], [ -1.476, 6.3375 ], [ -1.4678, 6.3356 ], [ -1.4614, 6.327 ], [ -1.4811, 6.3077 ], [ -1.4625, 6.2787 ], [ -1.4657, 6.27 ], [ -1.4899, 6.2404 ], [ -1.5223, 6.2281 ], [ -1.5276, 6.2336 ], [ -1.5326, 6.2306 ], [ -1.5407, 6.2342 ], [ -1.5476, 6.2289 ], [ -1.5623, 6.2296 ], [ -1.5672, 6.2263 ], [ -1.5729, 6.2366 ], [ -1.6072, 6.2392 ] ] ] } },
{ "type": "Feature", "properties": { "shapeName": "Obuasi East", "shapeID": "2480657B26017273678273" }, "geometry": { "type": "Polygon", "coordinates": [ [ [ -1.6543, 6.128 ], [ -1.6489, 6.1408 ], [ -1.6314, 6.166 ], [ -1.63, 6.1738 ], [ -1.6368, 6.193 ], [ -1.6268, 6.2146 ], [ -1.6072, 6.2392 ], [ -1.5845, 6.2389 ], [ -1.5709, 6.2352 ], [ -1.5637, 6.221 ], [ -1.5658, 6.2015 ], [ -1.563, 6.1966 ], [ -1.5762, 6.1836 ], [ -1.5828, 6.1641 ], [ -1.5887, 6.1634 ], [ -1.5926, 6.1547 ], [ -1.5997, 6.1523 ], [ -1.6015, 6.1398 ], [ -1.6079, 6.1341 ], [ -1.6126, 6.1207 ], [ -1.6168, 6.1192 ], [ -1.6199, 6.1241 ], [ -1.6316, 6.1195 ], [ -1.6356, 6.123 ], [ -1.6425, 6.1212 ], [ -1.6543, 6.128 ] ] ] } },
{ "type": "Feature", "properties": { "shapeName": "Afigya Kwabre North", "shapeID": "2480657B47912218033723" }, "geometry": { "type": "Polygon", "coordinates": [ [ [ -1.5779, 6.9275 ], [ -1.6011, 6.9218 ], [ -1.6089, 6.9259 ], [ -1.6177, 6.924 ], [ -1.6252, 6.9171 ], [ -1.6358, 6.9162 ], [ -1.6395, 6.9122 ], [ -1.6435, 6.9137 ], [ -1.6422, 6.925 ], [ -1.639, 6.9273 ], [ -1.6431, 6.9449 ], [ -1.6402, 6.9454 ], [ -1.6394, 6.9527 ], [ -1.6418, 6.9699 ], [ -1.6383, 6.9736 ], [ -1.6582, 7.0426 ], [ -1.6669, 7.0457 ], [ -1.6543, 7.0542 ], [ -1.6571, 7.0673 ], [ -1.6535, 7.0808 ], [ -1.668, 7.0882 ], [ -1.677, 7.1 ], [ -1.6804, 7.112 ], [ -1.6503, 7.1481 ], [ -1.6612, 7.1576 ], [ -1.6586, 7.1617 ], [ -1.631, 7.1615 ], [ -1.6319, 7.1664 ], [ -1.6074, 7.1654 ], [ -1.6132, 7.1378 ], [ -1.6224, 7.131 ], [ -1.6149, 7.1273 ], [ -1.606, 7.1117 ], [ -1.61, 7.1021 ], [ -1.5926, 7.077 ], [ -1.5955, 7.0707 ], [ -1.5916, 7.0604 ], [ -1.5951, 7.0548 ], [ -1.593, 7.0469 ], [ -1.6002, 7.0263 ], [ -1.5859, 7.0212 ], [ -1.5803, 7.0046 ], [ -1.5713, 7.0075 ], [ -1.5572, 6.9951 ], [ -1.5598, 6.989 ], [ -1.5563, 6.9821 ], [ -1.5603, 6.9749 ], [ -1.5592, 6.9671 ], [ -1.5647, 6.9619 ], [ -1.5827, 6.961 ], [ -1.5887, 6.9506 ], [ -1.5956, 6.9479 ], [ -1.6047, 6.9361 ], [ -1.5917, 6.9356 ], [ -1.5821, 6.9388 ], [ -1.5779, 6.9275 ] ] ] } },
{ "type": "Feature", "properties": { "shapeName": "Kumasi Metropolitan", "shapeID": "2480657B53854728613413" }, "geometry": { "type": "Polygon", "coordinates": [ [ [ -1.601, 6.7086 ], [ -1.6098, 6.7066 ], [ -1.6162, 6.6988 ], [ -1.6007, 6.6965 ], [ -1.6047, 6.6903 ], [ -1.5955, 6.6802 ], [ -1.5979, 6.6697 ], [ -1.6112, 6.6649 ], [ -1.6337, 6.669 ], [ -1.6459, 6.6839 ], [ -1.6432, 6.7029 ], [ -1.6347, 6.709 ], [ -1.6166, 6.7144 ], [ -1.6077, 6.7144 ], [ -1.601, 6.7086 ] ] ] } },
{ "type": "Feature", "properties": { "shapeName": "Oforikrom Municipal", "shapeID": "2480657B70835976798974" }, "geometry": { "type": "Polygon", "coordinates": [ [ [ -1.5161, 6.6438 ], [ -1.5441, 6.6478 ], [ -1.5545, 6.6429 ], [ -1.5559, 6.6636 ], [ -1.5675, 6.6595 ], [ -1.5781, 6.6605 ], [ -1.5849, 6.6737 ], [ -1.5897, 6.6747 ], [ -1.6047, 6.6903 ], [ -1.6007, 6.6965 ], [ -1.5931, 6.6901 ], [ -1.5863, 6.6966 ], [ -1.5746, 6.7 ], [ -1.5658, 6.6911 ], [ -1.5556, 6.706 ], [ -1.5454, 6.701 ], [ -1.5383, 6.7033 ], [ -1.5359, 6.7007 ], [ -1.5317, 6.7088 ], [ -1.522, 6.7067 ], [ -1.5277, 6.6952 ], [ -1.5152, 6.6878 ], [ -1.5111, 6.6793 ], [ -1.5122, 6.6714 ], [ -1.5047, 6.6641 ], [ -1.5103, 6.6479 ], [ -1.5161, 6.6438 ] ] ] } },
{ "type": "Feature", "properties": { "shapeName": "Asokwa  Municipal", "shapeID": "2480657B91188187265148" }, "geometry": { "type": "Polygon", "coordinates": [ [ [ -1.5545, 6.6429 ], [ -1.561, 6.6347 ], [ -1.5702, 6.6308 ], [ -1.5725, 6.6325 ], [ -1.5767, 6.6242 ], [ -1.5858, 6.623 ], [ -1.5921, 6.6113 ], [ -1.5986, 6.6137 ], [ -1.605, 6.6263 ], [ -1.6033, 6.6304 ], [ -1.6098, 6.6463 ], [ -1.6112, 6.6649 ], [ -1.5979, 6.6697 ], [ -1.5955, 6.6802 ], [ -1.5849, 6.6737 ], [ -1.5781, 6.6605 ], [ -1.5675, 6.6595 ], [ -1.5559, 6.6636 ], [ -1.5545, 6.6429 ] ] ] } },
{ "type": "Feature", "properties": { "shapeName": "Old Tafo Municipal", "shapeID": "2480657B10806173713075" }, "geometry": { "type": "Polygon", "coordinates": [ [ [ -1.6425, 6.7587 ], [ -1.6382, 6.7641 ], [ -1.629, 6.7663 ], [ -1.618, 6.7577 ], [ -1.6206, 6.752 ], [ -1.6105, 6.7552 ], [ -1.608, 6.7505 ], [ -1.6012, 6.7538 ], [ -1.6059, 6.7585 ], [ -1.6049, 6.7636 ], [ -1.596, 6.7588 ], [ -1.5913, 6.7504 ], [ -1.5836, 6.7503 ], [ -1.5619, 6.7406 ], [ -1.5749, 6.7303 ], [ -1.5891, 6.7282 ], [ -1.5963, 6.7206 ], [ -1.5988, 6.7095 ], [ -1.6077, 6.7144 ], [ -1.6268, 6.7113 ], [ -1.6316, 6.7381 ], [ -1.6378, 6.7435 ], [ -1.6425, 6.7587 ] ] ] } },
{ "type": "Feature", "properties": { "shapeName": "Suame Municipal", "shapeID": "2480657B48966175900279" }, "geometry": { "type": "Polygon", "coordinates": [ [ [ -1.6765, 6.7669 ], [ -1.6664, 6.7625 ], [ -1.6621, 6.7557 ], [ -1.6583, 6.7575 ], [ -1.6516, 6.754 ], [ -1.6425, 6.7587 ], [ -1.6378, 6.7435 ], [ -1.6316, 6.7381 ], [ -1.6268, 6.7113 ], [ -1.6432, 6.7029 ], [ -1.6558, 6.7062 ], [ -1.663, 6.7171 ], [ -1.6638, 6.7405 ], [ -1.6823, 6.7432 ], [ -1.6823, 6.748 ], [ -1.6987, 6.748 ], [ -1.6988, 6.751 ], [ -1.7087, 6.7513 ], [ -1.7112, 6.7541 ], [ -1.7037, 6.7605 ], [ -1.6765, 6.7669 ] ] ] } },
{ "type": "Feature", "properties": { "shapeName": "Juaben Municipal", "shapeID": "2480657B53382680619634" }, "geometry": { "type": "Polygon", "coordinates": [ [ [ -1.4661, 6.8476 ], [ -1.4629, 6.8547 ], [ -1.4626, 6.8709 ], [ -1.4401, 6.8722 ], [ -1.4475, 6.8568 ], [ -1.4491, 6.8458 ], [ -1.4312, 6.8394 ], [ -1.4287, 6.8316 ], [ -1.4009, 6.8451 ], [ -1.3865, 6.826 ], [ -1.373, 6.827 ], [ -1.3673, 6.8093 ], [ -1.3495, 6.7941 ], [ -1.3511, 6.7919 ], [ -1.342, 6.7782 ], [ -1.3381, 6.7653 ], [ -1.3374, 6.7535 ], [ -1.3524, 6.7553 ], [ -1.3554, 6.7343 ], [ -1.3533, 6.7272 ], [ -1.3431, 6.7257 ], [ -1.3335, 6.7178 ], [ -1.3203, 6.7134 ], [ -1.3145, 6.6989 ], [ -1.3, 6.6944 ], [ -1.268, 6.664 ], [ -1.2658, 6.6517 ], [ -1.2724, 6.6473 ], [ -1.2728, 6.6437 ], [ -1.2782, 6.6436 ], [ -1.2798, 6.6391 ], [ -1.2921, 6.6574 ], [ -1.324, 6.6629 ], [ -1.3296, 6.6787 ], [ -1.3492, 6.6815 ], [ -1.3623, 6.6945 ], [ -1.3745, 6.6992 ], [ -1.3792, 6.7169 ], [ -1.3988, 6.7299 ], [ -1.4091, 6.7327 ], [ -1.4176, 6.7429 ], [ -1.4194, 6.7578 ], [ -1.4335, 6.7624 ], [ -1.4381, 6.7717 ], [ -1.4617, 6.7905 ], [ -1.4574, 6.7883 ], [ -1.4517, 6.7966 ], [ -1.4599, 6.8088 ], [ -1.4613, 6.8221 ], [ -1.4586, 6.8255 ], [ -1.4628, 6.845 ], [ -1.4661, 6.8476 ] ] ] } },
{ "type": "Feature", "properties": { "shapeName": "Ablekuma Central Municipal", "shapeID": "2480657B99533750399286" }, "geometry": { "type": "Polygon", "coordinates": [ [ [ -0.2228, 5.543 ], [ -0.2343, 5.5431 ], [ -0.2335, 5.5366 ], [ -0.242, 5.5353 ], [ -0.2415, 5.5321 ], [ -0.2485, 5.5323 ], [ -0.2553, 5.5398 ], [ -0.2565, 5.546 ], [ -0.2618, 5.5485 ], [ -0.263, 5.5568 ], [ -0.2562, 5.5574 ], [ -0.2402, 5.5763 ], [ -0.2153, 5.5586 ], [ -0.2206, 5.5535 ], [ -0.2228, 5.543 ] ] ] } },
{ "type": "Feature", "properties": { "shapeName": "Korle Klottey Municipal", "shapeID": "2480657B35357833911053" }, "geometry": { "type": "Polygon", "coordinates": [ [ [ -0.1951, 5.5757 ], [ -0.1774, 5.565 ], [ -0.1777, 5.5567 ], [ -0.1741, 5.5498 ], [ -0.1956, 5.5438 ], [ -0.2027, 5.5586 ], [ -0.2153, 5.5586 ], [ -0.2147, 5.5713 ], [ -0.1951, 5.5757 ] ] ] } },
{ "type": "Feature", "properties": { "shapeName": "Ablekuma North Municipal", "shapeID": "2480657B23952932171735" }, "geometry": { "type": "Polygon", "coordinates": [ [ [ -0.2639, 5.6091 ], [ -0.2595, 5.6076 ], [ -0.2562, 5.6002 ], [ -0.2476, 5.6032 ], [ -0.2452, 5.5955 ], [ -0.2369, 5.594 ], [ -0.2158, 5.6032 ], [ -0.2111, 5.5875 ], [ -0.2111, 5.5724 ], [ -0.2147, 5.5713 ], [ -0.2153, 5.5586 ], [ -0.2402, 5.5763 ], [ -0.2562, 5.5574 ], [ -0.2769, 5.5536 ], [ -0.2787, 5.5604 ], [ -0.2747, 5.5688 ], [ -0.2817, 5.573 ], [ -0.2825, 5.5856 ], [ -0.2726, 5.5948 ], [ -0.2639, 5.6091 ] ] ] } },
{ "type": "Feature", "properties": { "shapeName": "Ayawaso North Municipal", "shapeID": "2480657B42813544323317" }, "geometry": { "type": "Polygon", "coordinates": [ [ [ -0.2111, 5.5875 ], [ -0.2179, 5.6081 ], [ -0.2137, 5.6061 ], [ -0.2141, 5.6115 ], [ -0.2102, 5.6097 ], [ -0.2015, 5.6126 ], [ -0.1927, 5.6073 ], [ -0.2021, 5.5995 ], [ -0.2033, 5.5881 ], [ -0.2114, 5.5769 ], [ -0.2111, 5.5875 ] ] ] } },
{ "type": "Feature", "properties": { "shapeName": "Ayawaso East Municipal", "shapeID": "2480657B29980074443403" }, "geometry": { "type": "Polygon", "coordinates": [ [ [ -0.1795, 5.5973 ], [ -0.1903, 5.572 ], [ -0.199, 5.5751 ], [ -0.197, 5.5842 ], [ -0.2033, 5.5881 ], [ -0.2021, 5.5995 ], [ -0.1927, 5.6073 ], [ -0.1795, 5.5973 ] ] ] } },
{ "type": "Feature", "properties": { "shapeName": "Okaikwei North Municipal", "shapeID": "2480657B77934780741907" }, "geometry": { "type": "Polygon", "coordinates": [ [ [ -0.2355, 5.6273 ], [ -0.2297, 5.6202 ], [ -0.2266, 5.6344 ], [ -0.2133, 5.6463 ], [ -0.2094, 5.6432 ], [ -0.2052, 5.6458 ], [ -0.2055, 5.6617 ], [ -0.2028, 5.6598 ], [ -0.1977, 5.6637 ], [ -0.1958, 5.6457 ], [ -0.1886, 5.6253 ], [ -0.1993, 5.6194 ], [ -0.2233, 5.6149 ], [ -0.2158, 5.6032 ], [ -0.2301, 5.5952 ], [ -0.2452, 5.5955 ], [ -0.2476, 5.6032 ], [ -0.2562, 5.6002 ], [ -0.2595, 5.6076 ], [ -0.2635, 5.6092 ], [ -0.2479, 5.616 ], [ -0.2355, 5.6273 ] ] ] } },
{ "type": "Feature", "properties": { "shapeName": "Ga North Municipal", "shapeID": "2480657B39319620746428" }, "geometry": { "type": "Polygon", "coordinates": [ [ [ -0.2298, 5.7532 ], [ -0.2415, 5.7332 ], [ -0.2487, 5.6952 ], [ -0.2584, 5.7102 ], [ -0.2577, 5.7 ], [ -0.2618, 5.6843 ], [ -0.2598, 5.6724 ], [ -0.2715, 5.6656 ], [ -0.2478, 5.6458 ], [ -0.2355, 5.6273 ], [ -0.2479, 5.616 ], [ -0.2521, 5.6192 ], [ -0.2641, 5.6454 ], [ -0.2719, 5.6487 ], [ -0.2928, 5.6695 ], [ -0.306, 5.701 ], [ -0.3166, 5.712 ], [ -0.3277, 5.7345 ], [ -0.3405, 5.7688 ], [ -0.3466, 5.7741 ], [ -0.3424, 5.7776 ], [ -0.3315, 5.7789 ], [ -0.3274, 5.7725 ], [ -0.322, 5.7796 ], [ -0.3156, 5.7802 ], [ -0.3106, 5.7893 ], [ -0.3034, 5.7937 ], [ -0.2747, 5.808 ], [ -0.2707, 5.8083 ], [ -0.2693, 5.8047 ], [ -0.2655, 5.8077 ], [ -0.2565, 5.7779 ], [ -0.2447, 5.7852 ], [ -0.2334, 5.7843 ], [ -0.2354, 5.7729 ], [ -0.2437, 5.7577 ], [ -0.2298, 5.7532 ] ] ] } },
{ "type": "Feature", "properties": { "shapeName": "Weija Gbawe Municipal", "shapeID": "2480657B6669757606157" }, "geometry": { "type": "Polygon", "coordinates": [ [ [ -0.4036, 5.509 ], [ -0.416, 5.5376 ], [ -0.4108, 5.5553 ], [ -0.3999, 5.5657 ], [ -0.4061, 5.5718 ], [ -0.4091, 5.5829 ], [ -0.4167, 5.5888 ], [ -0.426, 5.6043 ], [ -0.3975, 5.6127 ], [ -0.3897, 5.607 ], [ -0.3667, 5.6049 ], [ -0.3571, 5.6085 ], [ -0.3628, 5.5974 ], [ -0.3548, 5.5928 ], [ -0.3565, 5.5877 ], [ -0.3512, 5.5831 ], [ -0.3444, 5.5868 ], [ -0.3486, 5.5893 ], [ -0.3435, 5.5923 ], [ -0.3457, 5.5973 ], [ -0.3434, 5.6017 ], [ -0.3384, 5.5986 ], [ -0.3357, 5.6033 ], [ -0.3273, 5.5997 ], [ -0.3109, 5.603 ], [ -0.3033, 5.5984 ], [ -0.3034, 5.5913 ], [ -0.2999, 5.591 ], [ -0.2998, 5.5867 ], [ -0.2857, 5.5862 ], [ -0.2817, 5.573 ], [ -0.2747, 5.5688 ], [ -0.2787, 5.5604 ], [ -0.2712, 5.5405 ], [ -0.2798, 5.5261 ], [ -0.2743, 5.5257 ], [ -0.2723, 5.5189 ], [ -0.3584, 5.4976 ], [ -0.4054, 5.4704 ], [ -0.4067, 5.4781 ], [ -0.4004, 5.486 ], [ -0.4044, 5.4917 ], [ -0.4036, 5.509 ] ] ] } },
{ "type": "Feature", "properties": { "shapeName": "Krowor Municipal", "shapeID": "2480657B96734395613726" }, "geometry": { "type": "Polygon", "coordinates": [ [ [ -0.1278, 5.6408 ], [ -0.1148, 5.6446 ], [ -0.0912, 5.6294 ], [ -0.0747, 5.6245 ], [ -0.0705, 5.6213 ], [ -0.0729, 5.6143 ], [ -0.0653, 5.6158 ], [ -0.0642, 5.6107 ], [ -0.0576, 5.6113 ], [ -0.0551, 5.6082 ], [ -0.0596, 5.6069 ], [ -0.0627, 5.5989 ], [ -0.0682, 5.597 ], [ -0.0736, 5.59 ], [ -0.0987, 5.581 ], [ -0.0902, 5.5908 ], [ -0.0997, 5.6082 ], [ -0.1, 5.6166 ], [ -0.1072, 5.6215 ], [ -0.1073, 5.6296 ], [ -0.1163, 5.6396 ], [ -0.1253, 5.6379 ], [ -0.1278, 5.6408 ] ] ] } },
{ "type": "Feature", "properties": { "shapeName": "Tema Metropolitan", "shapeID": "2480657B34044169329977" }, "geometry": { "type": "Polygon", "coordinates": [ [ [ -0.0453, 5.6109 ], [ -0.0451, 5.6386 ], [ -0.0327, 5.6537 ], [ -0.0324, 5.6795 ], [ -0.011, 5.6877 ], [ -0.0017, 5.6787 ], [ 0.0038, 5.6643 ], [ 0.0229, 5.6723 ], [ 0.0295, 5.6662 ], [ 0.0323, 5.6547 ], [ 0.0281, 5.6515 ], [ 0.0272, 5.6453 ], [ 0.0172, 5.6423 ], [ 0.0042, 5.6244 ], [ -0.0267, 5.6137 ], [ -0.0453, 5.6109 ] ] ] } },
{ "type": "Feature", "properties": { "shapeName": "East Gonja Municipal", "shapeID": "2480657B20562210440652" }, "geometry": { "type": "Polygon", "coordinates": [ [ [ -1.2752, 8.2852 ], [ -1.2778, 8.3001 ], [ -1.2759, 8.3043 ], [ -1.2798, 8.3095 ], [ -1.2749, 8.3114 ], [ -1.2777, 8.3234 ], [ -1.2733, 8.3348 ], [ -1.2678, 8.3377 ], [ -1.2587, 8.3523 ], [ -1.2569, 8.3595 ], [ -1.262, 8.3683 ], [ -1.2602, 8.3723 ], [ -1.2554, 8.3727 ], [ -1.2527, 8.3792 ], [ -1.2576, 8.392 ], [ -1.2558, 8.4029 ], [ -1.26, 8.4074 ], [ -1.2563, 8.41 ], [ -1.2581, 8.4138 ], [ -1.2539, 8.4182 ], [ -1.256, 8.421 ], [ -1.2537, 8.424 ], [ -1.2544, 8.4272 ], [ -1.2609, 8.4291 ], [ -1.263, 8.4345 ], [ -1.2574, 8.4492 ], [ -1.2585, 8.4548 ], [ -1.2454, 8.464 ], [ -1.2428, 8.4673 ], [ -1.2447, 8.4701 ], [ -1.2318, 8.4705 ], [ -1.2294, 8.477 ], [ -1.2214, 8.4774 ], [ -1.2211, 8.4888 ], [ -1.2183, 8.4912 ], [ -1.2037, 8.4951 ], [ -1.1946, 8.494 ], [ -1.1919, 8.5021 ], [ -1.1959, 8.5115 ], [ -1.1825, 8.5106 ], [ -1.1793, 8.5178 ], [ -1.1744, 8.5169 ], [ -1.1737, 8.5076 ], [ -1.165, 8.5116 ], [ -1.1653, 8.5238 ], [ -1.1723, 8.5286 ], [ -1.1721, 8.5353 ], [ -1.1651, 8.5378 ], [ -1.1613, 8.5356 ], [ -1.1548, 8.5425 ], [ -1.146, 8.5585 ], [ -1.1415, 8.5765 ], [ -1.146, 8.5913 ], [ -1.1466, 8.6254 ], [ -1.1505, 8.6333 ], [ -1.1449, 8.6461 ], [ -1.1473, 8.6557 ], [ -1.1445, 8.6774 ], [ -1.1147, 8.6822 ], [ -1.1025, 8.6911 ], [ -1.0755, 8.7022 ], [ -1.0536, 8.7018 ], [ -1.0295, 8.6948 ], [ -0.9832, 8.6598 ], [ -0.9502, 8.6524 ], [ -0.9409, 8.6476 ], [ -0.9265, 8.6302 ], [ -0.9063, 8.5909 ], [ -0.8768, 8.5441 ], [ -0.861, 8.4914 ], [ -0.8502, 8.4419 ], [ -0.8252, 8.3995 ], [ -0.8074, 8.3783 ], [ -0.7798, 8.3355 ], [ -0.8014, 8.3396 ], [ -0.8578, 8.3285 ], [ -0.8596, 8.3224 ], [ -0.8526, 8.3156 ], [ -0.862, 8.2724 ], [ -0.8913, 8.2584 ], [ -0.9394, 8.2513 ], [ -0.9487, 8.2465 ], [ -0.9591, 8.2511 ], [ -0.9657, 8.2467 ], [ -0.9677, 8.2331 ], [ -0.979, 8.2272 ], [ -0.9875, 8.2354 ], [ -0.9899, 8.2456 ], [ -1.0102, 8.2479 ], [ -1.0192, 8.2611 ], [ -1.0337, 8.2453 ], [ -1.0397, 8.2431 ], [ -1.0432, 8.2044 ], [ -1.0432, 8.1741 ], [ -1.0405, 8.166 ], [ -1.0687, 8.1292 ], [ -1.0433, 8.0939 ], [ -1.041, 8.0794 ], [ -1.0487, 8.0669 ], [ -1.0481, 8.0625 ], [ -1.0337, 8.0547 ], [ -1.0346, 8.0463 ], [ -1.028, 8.043 ], [ -1.0194, 8.0321 ], [ -1.0163, 8.0185 ], [ -1.0202, 8.0154 ], [ -1.0298, 8.017 ], [ -1.0347, 8.0252 ], [ -1.0459, 8.0302 ], [ -1.0525, 8.0291 ], [ -1.0814, 8.0172 ], [ -1.0904, 8.0027 ], [ -1.107, 7.9924 ], [ -1.1125, 7.9953 ], [ -1.1204, 7.9932 ], [ -1.1258, 7.9977 ], [ -1.1314, 7.9952 ], [ -1.136, 7.9983 ], [ -1.1579, 7.9993 ], [ -1.1627, 8.015 ], [ -1.1589, 8.023 ], [ -1.1593, 8.0344 ], [ -1.166, 8.0603 ], [ -1.1654, 8.0698 ], [ -1.1566, 8.0837 ], [ -1.1565, 8.0886 ], [ -1.2295, 8.2048 ], [ -1.2371, 8.2237 ], [ -1.2513, 8.2431 ], [ -1.2665, 8.2573 ], [ -1.2687, 8.2769 ], [ -1.2752, 8.2852 ] ] ] } },
{ "type": "Feature", "properties": { "shapeName": "Ablekuma West Municipal", "shapeID": "2480657B12570528382412" }, "geometry": { "type": "Polygon", "coordinates": [ [ [ -0.263, 5.5568 ], [ -0.2618, 5.5485 ], [ -0.2565, 5.546 ], [ -0.2553, 5.5398 ], [ -0.2485, 5.5323 ], [ -0.2415, 5.5321 ], [ -0.242, 5.5353 ], [ -0.2335, 5.5366 ], [ -0.2343, 5.5431 ], [ -0.2295, 5.5441 ], [ -0.2191, 5.5402 ], [ -0.217, 5.5358 ], [ -0.2194, 5.5308 ], [ -0.2723, 5.5189 ], [ -0.2743, 5.5257 ], [ -0.2798, 5.5261 ], [ -0.2712, 5.5405 ], [ -0.2769, 5.5536 ], [ -0.263, 5.5568 ] ] ] } },
{ "type": "Feature", "properties": { "shapeName": "Ayawaso Central Municipal", "shapeID": "2480657B92273702685271" }, "geometry": { "type": "Polygon", "coordinates": [ [ [ -0.199, 5.5751 ], [ -0.2111, 5.5724 ], [ -0.2114, 5.5769 ], [ -0.2033, 5.5881 ], [ -0.197, 5.5842 ], [ -0.199, 5.5751 ] ] ] } },
{ "type": "Feature", "properties": { "shapeName": "Accra Metropolis", "shapeID": "2480657B11720749290533" }, "geometry": { "type": "Polygon", "coordinates": [ [ [ -0.2228, 5.543 ], [ -0.2206, 5.5535 ], [ -0.2153, 5.5586 ], [ -0.2027, 5.5586 ], [ -0.1956, 5.5438 ], [ -0.2056, 5.5405 ], [ -0.2094, 5.5359 ], [ -0.2076, 5.5332 ], [ -0.2194, 5.5308 ], [ -0.217, 5.5358 ], [ -0.2228, 5.543 ] ] ] } },
{ "type": "Feature", "properties": { "shapeName": "Anloga", "shapeID": "2480657B74011824532465" }, "geometry": { "type": "Polygon", "coordinates": [ [ [ 0.6802, 5.7708 ], [ 0.6761, 5.7773 ], [ 0.6859, 5.7744 ], [ 0.688, 5.7778 ], [ 0.6982, 5.774 ], [ 0.7044, 5.7805 ], [ 0.7102, 5.7748 ], [ 0.7132, 5.7759 ], [ 0.7142, 5.7823 ], [ 0.7205, 5.7846 ], [ 0.7181, 5.7921 ], [ 0.7105, 5.7951 ], [ 0.7121, 5.8057 ], [ 0.7183, 5.8108 ], [ 0.7098, 5.8296 ], [ 0.714, 5.8396 ], [ 0.7128, 5.8544 ], [ 0.7187, 5.8694 ], [ 0.7463, 5.88 ], [ 0.7594, 5.8711 ], [ 0.7554, 5.8743 ], [ 0.7606, 5.8725 ], [ 0.7724, 5.8772 ], [ 0.8106, 5.8831 ], [ 0.8187, 5.8738 ], [ 0.8523, 5.8842 ], [ 0.8825, 5.8681 ], [ 0.8755, 5.8415 ], [ 0.879, 5.8219 ], [ 0.8917, 5.815 ], [ 0.9207, 5.8069 ], [ 0.9599, 5.8148 ], [ 0.936, 5.7924 ], [ 0.924, 5.7865 ], [ 0.9051, 5.7828 ], [ 0.8265, 5.7745 ], [ 0.8165, 5.7696 ], [ 0.7686, 5.7691 ], [ 0.7341, 5.773 ], [ 0.7278, 5.7701 ], [ 0.7081, 5.7679 ], [ 0.7129, 5.7688 ], [ 0.7152, 5.7731 ], [ 0.7054, 5.7697 ], [ 0.6935, 5.7705 ], [ 0.6941, 5.7656 ], [ 0.6802, 5.7708 ] ] ] } },
{ "type": "Feature", "properties": { "shapeName": "Sekondi Takoradi Metropolis", "shapeID": "2480657B3368374944964" }, "geometry": { "type": "Polygon", "coordinates": [ [ [ -1.7145, 5.043 ], [ -1.7185, 5.0371 ], [ -1.7149, 5.0331 ], [ -1.7152, 5.026 ], [ -1.7112, 5.021 ], [ -1.7034, 5.0204 ], [ -1.705, 5.0151 ], [ -1.6935, 4.9909 ], [ -1.6843, 4.9893 ], [ -1.6892, 4.9779 ], [ -1.6694, 4.9682 ], [ -1.7028, 4.9551 ], [ -1.7058, 4.9508 ], [ -1.7025, 4.9464 ], [ -1.7068, 4.9463 ], [ -1.7088, 4.9405 ], [ -1.7062, 4.9337 ], [ -1.735, 4.9236 ], [ -1.742, 4.9163 ], [ -1.7427, 4.9061 ], [ -1.7484, 4.895 ], [ -1.7422, 4.8875 ], [ -1.7331, 4.8882 ], [ -1.735, 4.8815 ], [ -1.7674, 4.8749 ], [ -1.7722, 4.8803 ], [ -1.7777, 4.8802 ], [ -1.78, 4.886 ], [ -1.7734, 4.9003 ], [ -1.7595, 4.9047 ], [ -1.7506, 4.9178 ], [ -1.7577, 4.9237 ], [ -1.7539, 4.9316 ], [ -1.7599, 4.929 ], [ -1.7625, 4.9316 ], [ -1.7532, 4.939 ], [ -1.7532, 4.9428 ], [ -1.764, 4.942 ], [ -1.7678, 4.9446 ], [ -1.7629, 4.9551 ], [ -1.7681, 4.9543 ], [ -1.7689, 4.9506 ], [ -1.7764, 4.9502 ], [ -1.7794, 4.9569 ], [ -1.7449, 4.983 ], [ -1.739, 5.0016 ], [ -1.744, 5.0177 ], [ -1.738, 5.0132 ], [ -1.7363, 5.0152 ], [ -1.7366, 5.0273 ], [ -1.7405, 5.0346 ], [ -1.7361, 5.0416 ], [ -1.7308, 5.048 ], [ -1.7145, 5.043 ] ] ] } },
{ "type": "Feature", "properties": { "shapeName": "Kwahu South", "shapeID": "2480657B68408124911047" }, "geometry": { "type": "Polygon", "coordinates": [ [ [ -0.3345, 6.6674 ], [ -0.3372, 6.6263 ], [ -0.332, 6.6182 ], [ -0.3342, 6.5985 ], [ -0.3507, 6.6022 ], [ -0.3551, 6.6071 ], [ -0.3667, 6.611 ], [ -0.3899, 6.6127 ], [ -0.393, 6.618 ], [ -0.4143, 6.6247 ], [ -0.4229, 6.6414 ], [ -0.4478, 6.6376 ], [ -0.4495, 6.6332 ], [ -0.4567, 6.6316 ], [ -0.4583, 6.6233 ], [ -0.4677, 6.6217 ], [ -0.471, 6.616 ], [ -0.4742, 6.6187 ], [ -0.4806, 6.6094 ], [ -0.486, 6.6099 ], [ -0.4883, 6.6042 ], [ -0.4981, 6.6055 ], [ -0.5005, 6.5968 ], [ -0.4927, 6.5941 ], [ -0.4936, 6.5901 ], [ -0.4979, 6.5897 ], [ -0.494, 6.5799 ], [ -0.4888, 6.5806 ], [ -0.4831, 6.5731 ], [ -0.485, 6.5659 ], [ -0.4736, 6.5634 ], [ -0.4725, 6.56 ], [ -0.4797, 6.5603 ], [ -0.4805, 6.5571 ], [ -0.4758, 6.5536 ], [ -0.4768, 6.5484 ], [ -0.4736, 6.5436 ], [ -0.4625, 6.5367 ], [ -0.4597, 6.5288 ], [ -0.4622, 6.5242 ], [ -0.4684, 6.5193 ], [ -0.544, 6.512 ], [ -0.5926, 6.4906 ], [ -0.5956, 6.4967 ], [ -0.593, 6.506 ], [ -0.6014, 6.5135 ], [ -0.6238, 6.5106 ], [ -0.6406, 6.5149 ], [ -0.6489, 6.5426 ], [ -0.6639, 6.5601 ], [ -0.7282, 6.5699 ], [ -0.7458, 6.557 ], [ -0.7698, 6.5666 ], [ -0.7825, 6.5841 ], [ -0.7957, 6.5811 ], [ -0.8022, 6.5835 ], [ -0.8141, 6.6074 ], [ -0.8226, 6.6137 ], [ -0.8204, 6.6182 ], [ -0.8012, 6.6216 ], [ -0.8001, 6.6243 ], [ -0.7946, 6.616 ], [ -0.7773, 6.6174 ], [ -0.7613, 6.6338 ], [ -0.7566, 6.6196 ], [ -0.7398, 6.6116 ], [ -0.7329, 6.6218 ], [ -0.7281, 6.6233 ], [ -0.7106, 6.658 ], [ -0.703, 6.6639 ], [ -0.7033, 6.6699 ], [ -0.6937, 6.6927 ], [ -0.6838, 6.7012 ], [ -0.6773, 6.7201 ], [ -0.6705, 6.7277 ], [ -0.6703, 6.7387 ], [ -0.6494, 6.7367 ], [ -0.6507, 6.7345 ], [ -0.6437, 6.7324 ], [ -0.6431, 6.737 ], [ -0.6341, 6.7404 ], [ -0.6142, 6.7599 ], [ -0.6055, 6.7576 ], [ -0.5589, 6.7632 ], [ -0.5173, 6.7313 ], [ -0.4658, 6.7203 ], [ -0.4098, 6.7013 ], [ -0.364, 6.668 ], [ -0.3345, 6.6674 ] ] ] } },
{ "type": "Feature", "properties": { "shapeName": "Asene Akroso Manso", "shapeID": "2480657B68278489034036" }, "geometry": { "type": "Polygon", "coordinates": [ [ [ -0.814, 5.7302 ], [ -0.8123, 5.7444 ], [ -0.83, 5.7458 ], [ -0.8361, 5.7533 ], [ -0.844, 5.7564 ], [ -0.8802, 5.7586 ], [ -0.8806, 5.765 ], [ -0.8744, 5.7658 ], [ -0.8733, 5.7748 ], [ -0.8808, 5.781 ], [ -0.8702, 5.7938 ], [ -0.8676, 5.8067 ], [ -0.862, 5.8059 ], [ -0.8504, 5.8432 ], [ -0.8549, 5.8546 ], [ -0.8739, 5.8713 ], [ -0.8732, 5.8876 ], [ -0.8784, 5.8951 ], [ -0.8989, 5.9028 ], [ -0.9035, 5.9014 ], [ -0.9065, 5.9048 ], [ -0.9178, 5.9057 ], [ -0.9197, 5.9113 ], [ -0.9246, 5.9135 ], [ -0.9275, 5.9234 ], [ -0.9386, 5.9144 ], [ -0.9482, 5.9142 ], [ -0.9484, 5.9336 ], [ -0.9403, 5.9481 ], [ -0.9495, 5.9528 ], [ -0.9497, 5.9583 ], [ -0.9411, 5.96 ], [ -0.9396, 5.9645 ], [ -0.9304, 5.9632 ], [ -0.9285, 5.9591 ], [ -0.924, 5.965 ], [ -0.919, 5.9655 ], [ -0.9177, 5.9832 ], [ -0.9117, 5.9876 ], [ -0.9068, 5.9971 ], [ -0.9032, 5.9948 ], [ -0.8975, 5.9968 ], [ -0.8905, 5.992 ], [ -0.8915, 5.9992 ], [ -0.882, 5.9991 ], [ -0.878, 6.0027 ], [ -0.8733, 6.0008 ], [ -0.8698, 5.9937 ], [ -0.8588, 5.9915 ], [ -0.8466, 5.9816 ], [ -0.8329, 5.979 ], [ -0.83, 5.966 ], [ -0.8211, 5.9573 ], [ -0.8205, 5.9506 ], [ -0.816, 5.9493 ], [ -0.8147, 5.9437 ], [ -0.809, 5.9423 ], [ -0.8098, 5.9385 ], [ -0.8051, 5.9361 ], [ -0.8021, 5.9278 ], [ -0.7988, 5.9276 ], [ -0.7942, 5.9172 ], [ -0.7818, 5.9129 ], [ -0.7662, 5.8926 ], [ -0.7618, 5.8813 ], [ -0.7609, 5.8741 ], [ -0.7636, 5.8722 ], [ -0.7565, 5.8625 ], [ -0.7621, 5.8553 ], [ -0.7567, 5.8417 ], [ -0.7592, 5.8377 ], [ -0.754, 5.8381 ], [ -0.7493, 5.8291 ], [ -0.7396, 5.8227 ], [ -0.7255, 5.8188 ], [ -0.721, 5.8036 ], [ -0.7239, 5.7945 ], [ -0.7204, 5.7821 ], [ -0.7081, 5.7652 ], [ -0.7065, 5.7572 ], [ -0.6968, 5.751 ], [ -0.6946, 5.7455 ], [ -0.7011, 5.7441 ], [ -0.7023, 5.7328 ], [ -0.6942, 5.7323 ], [ -0.6924, 5.7296 ], [ -0.6968, 5.7262 ], [ -0.6952, 5.7153 ], [ -0.7039, 5.7128 ], [ -0.7319, 5.7145 ], [ -0.7381, 5.7109 ], [ -0.7649, 5.7088 ], [ -0.7786, 5.7137 ], [ -0.7838, 5.7062 ], [ -0.7893, 5.7263 ], [ -0.814, 5.7302 ] ] ] } },
{ "type": "Feature", "properties": { "shapeName": "Upper Manya", "shapeID": "2480657B72113427832631" }, "geometry": { "type": "Polygon", "coordinates": [ [ [ -0.1229, 6.5437 ], [ -0.0756, 6.5394 ], [ -0.0611, 6.5334 ], [ -0.0187, 6.5392 ], [ 0.0022, 6.5361 ], [ -0.0043, 6.4017 ], [ -0.0171, 6.3321 ], [ -0.0291, 6.3187 ], [ -0.0365, 6.3045 ], [ -0.0428, 6.2785 ], [ -0.0586, 6.2528 ], [ -0.0751, 6.2436 ], [ -0.0785, 6.2364 ], [ -0.0853, 6.2343 ], [ -0.0818, 6.2338 ], [ -0.0958, 6.2232 ], [ -0.1029, 6.2218 ], [ -0.1144, 6.2535 ], [ -0.1289, 6.2404 ], [ -0.1344, 6.2245 ], [ -0.1467, 6.2273 ], [ -0.1543, 6.2222 ], [ -0.1615, 6.2221 ], [ -0.1646, 6.2168 ], [ -0.1733, 6.219 ], [ -0.1829, 6.2097 ], [ -0.188, 6.2142 ], [ -0.1876, 6.2321 ], [ -0.1797, 6.2376 ], [ -0.1911, 6.2491 ], [ -0.1872, 6.2619 ], [ -0.1804, 6.2686 ], [ -0.1827, 6.282 ], [ -0.2191, 6.2583 ], [ -0.2205, 6.2613 ], [ -0.2351, 6.2612 ], [ -0.2287, 6.2726 ], [ -0.2303, 6.2777 ], [ -0.2478, 6.2842 ], [ -0.2545, 6.2912 ], [ -0.2534, 6.2974 ], [ -0.2454, 6.3026 ], [ -0.2469, 6.3047 ], [ -0.2511, 6.306 ], [ -0.2571, 6.3022 ], [ -0.2668, 6.2849 ], [ -0.2863, 6.2849 ], [ -0.292, 6.2965 ], [ -0.2969, 6.2975 ], [ -0.2935, 6.3087 ], [ -0.2884, 6.3131 ], [ -0.2982, 6.3169 ], [ -0.307, 6.3256 ], [ -0.3095, 6.3418 ], [ -0.3065, 6.3485 ], [ -0.2988, 6.3546 ], [ -0.294, 6.3673 ], [ -0.2822, 6.3723 ], [ -0.2683, 6.389 ], [ -0.2687, 6.3989 ], [ -0.2616, 6.4053 ], [ -0.2611, 6.4107 ], [ -0.2569, 6.4102 ], [ -0.246, 6.4171 ], [ -0.2425, 6.4411 ], [ -0.2344, 6.4411 ], [ -0.2377, 6.4492 ], [ -0.2351, 6.4532 ], [ -0.2177, 6.4615 ], [ -0.2169, 6.4665 ], [ -0.2087, 6.4682 ], [ -0.2042, 6.4787 ], [ -0.1968, 6.4847 ], [ -0.1938, 6.4944 ], [ -0.196, 6.4998 ], [ -0.2082, 6.5094 ], [ -0.2078, 6.5154 ], [ -0.1984, 6.5308 ], [ -0.1876, 6.5362 ], [ -0.1777, 6.5577 ], [ -0.1229, 6.5437 ] ] ] } },
{ "type": "Feature", "properties": { "shapeName": "Achiase", "shapeID": "2480657B77450065295387" }, "geometry": { "type": "Polygon", "coordinates": [ [ [ -0.8806, 5.765 ], [ -0.88, 5.7418 ], [ -0.9035, 5.7386 ], [ -0.9542, 5.7385 ], [ -0.9716, 5.7542 ], [ -0.9907, 5.7484 ], [ -0.9948, 5.7392 ], [ -0.9976, 5.7464 ], [ -1.0051, 5.7417 ], [ -1.0099, 5.743 ], [ -1.0347, 5.7374 ], [ -1.0446, 5.7524 ], [ -1.0624, 5.7515 ], [ -1.0701, 5.7476 ], [ -1.0772, 5.7491 ], [ -1.0911, 5.7426 ], [ -1.0973, 5.7265 ], [ -1.0943, 5.7144 ], [ -1.0998, 5.7008 ], [ -1.121, 5.7205 ], [ -1.1344, 5.7213 ], [ -1.1357, 5.7045 ], [ -1.1439, 5.7041 ], [ -1.1422, 5.7128 ], [ -1.151, 5.725 ], [ -1.1629, 5.7207 ], [ -1.1653, 5.7302 ], [ -1.1632, 5.7404 ], [ -1.1665, 5.7545 ], [ -1.1624, 5.7679 ], [ -1.1676, 5.7769 ], [ -1.166, 5.8009 ], [ -1.1576, 5.8123 ], [ -1.1608, 5.8239 ], [ -1.1281, 5.8344 ], [ -1.029, 5.8466 ], [ -1.0069, 5.845 ], [ -0.9928, 5.848 ], [ -0.9863, 5.842 ], [ -0.9671, 5.8467 ], [ -0.9504, 5.855 ], [ -0.9423, 5.872 ], [ -0.9339, 5.8798 ], [ -0.9147, 5.8875 ], [ -0.904, 5.8758 ], [ -0.8741, 5.8782 ], [ -0.8739, 5.8713 ], [ -0.8549, 5.8546 ], [ -0.8504, 5.8432 ], [ -0.862, 5.8059 ], [ -0.8676, 5.8067 ], [ -0.8702, 5.7938 ], [ -0.8808, 5.781 ], [ -0.8733, 5.7748 ], [ -0.8744, 5.7658 ], [ -0.8806, 5.765 ] ] ] } },
{ "type": "Feature", "properties": { "shapeName": "Okere", "shapeID": "2480657B59311092791004" }, "geometry": { "type": "Polygon", "coordinates": [ [ [ -0.0096, 6.0104 ], [ -0.0148, 5.9972 ], [ -0.0126, 5.9959 ], [ -0.0197, 5.9945 ], [ -0.0292, 5.9941 ], [ -0.0332, 5.997 ], [ -0.0321, 6.0034 ], [ -0.0399, 6.0075 ], [ -0.0642, 6.007 ], [ -0.0833, 5.9859 ], [ -0.0961, 5.9787 ], [ -0.0973, 5.9716 ], [ -0.1065, 5.9683 ], [ -0.1034, 5.9608 ], [ -0.1054, 5.9489 ], [ -0.1179, 5.9419 ], [ -0.1147, 5.9633 ], [ -0.1268, 5.9582 ], [ -0.1363, 5.9609 ], [ -0.1426, 5.9593 ], [ -0.1487, 5.9633 ], [ -0.153, 5.9583 ], [ -0.1505, 5.9726 ], [ -0.1598, 5.983 ], [ -0.1619, 5.9933 ], [ -0.173, 6.0057 ], [ -0.1789, 6.0223 ], [ -0.1975, 6.0274 ], [ -0.2026, 6.0222 ], [ -0.2111, 6.0272 ], [ -0.2317, 6.0271 ], [ -0.235, 6.0348 ], [ -0.2292, 6.0383 ], [ -0.2309, 6.0429 ], [ -0.2277, 6.0471 ], [ -0.2316, 6.0479 ], [ -0.2368, 6.0565 ], [ -0.2327, 6.0618 ], [ -0.2377, 6.0661 ], [ -0.2317, 6.0759 ], [ -0.2266, 6.0711 ], [ -0.2232, 6.0734 ], [ -0.2006, 6.1248 ], [ -0.1694, 6.1244 ], [ -0.1559, 6.1208 ], [ -0.1467, 6.1275 ], [ -0.1278, 6.1296 ], [ -0.1234, 6.135 ], [ -0.1039, 6.128 ], [ -0.0939, 6.1358 ], [ -0.0855, 6.1282 ], [ -0.083, 6.1332 ], [ -0.0766, 6.1324 ], [ -0.066, 6.1371 ], [ -0.06, 6.1309 ], [ -0.0754, 6.1063 ], [ -0.0725, 6.0979 ], [ -0.059, 6.0954 ], [ -0.0503, 6.0793 ], [ -0.0442, 6.0757 ], [ -0.028, 6.0761 ], [ -0.024, 6.0615 ], [ -0.0288, 6.0576 ], [ -0.0264, 6.0415 ], [ -0.0155, 6.0144 ], [ -0.0096, 6.0104 ] ] ] } },
{ "type": "Feature", "properties": { "shapeName": "Yilo Krobo", "shapeID": "2480657B63323125119927" }, "geometry": { "type": "Polygon", "coordinates": [ [ [ -0.3013, 6.2978 ], [ -0.292, 6.2965 ], [ -0.2863, 6.2849 ], [ -0.2781, 6.2829 ], [ -0.2668, 6.2849 ], [ -0.2571, 6.3022 ], [ -0.2511, 6.306 ], [ -0.2469, 6.3047 ], [ -0.2454, 6.3026 ], [ -0.2534, 6.2974 ], [ -0.2545, 6.2912 ], [ -0.2478, 6.2842 ], [ -0.2303, 6.2777 ], [ -0.2287, 6.2726 ], [ -0.2351, 6.2612 ], [ -0.2205, 6.2613 ], [ -0.2191, 6.2583 ], [ -0.1827, 6.282 ], [ -0.1804, 6.2686 ], [ -0.1872, 6.2619 ], [ -0.1911, 6.2491 ], [ -0.1797, 6.2376 ], [ -0.1876, 6.2321 ], [ -0.188, 6.2142 ], [ -0.1829, 6.2097 ], [ -0.1733, 6.219 ], [ -0.1646, 6.2168 ], [ -0.1615, 6.2221 ], [ -0.1543, 6.2222 ], [ -0.1467, 6.2273 ], [ -0.1344, 6.2245 ], [ -0.1289, 6.2404 ], [ -0.1132, 6.2533 ], [ -0.1029, 6.2218 ], [ -0.0958, 6.2232 ], [ -0.0853, 6.231 ], [ -0.0859, 6.2233 ], [ -0.0804, 6.2174 ], [ -0.0709, 6.219 ], [ -0.0845, 6.2006 ], [ -0.09, 6.1813 ], [ -0.0796, 6.169 ], [ -0.075, 6.1575 ], [ -0.0678, 6.1575 ], [ -0.0658, 6.1544 ], [ -0.0699, 6.1461 ], [ -0.0656, 6.1431 ], [ -0.0566, 6.1462 ], [ -0.0521, 6.1568 ], [ -0.0473, 6.1558 ], [ -0.0442, 6.159 ], [ -0.0448, 6.1494 ], [ -0.0372, 6.1426 ], [ -0.0414, 6.1377 ], [ -0.0372, 6.1307 ], [ -0.0306, 6.1236 ], [ -0.0262, 6.1268 ], [ -0.0193, 6.1229 ], [ -0.0085, 6.1224 ], [ -0.0061, 6.1154 ], [ 0.0026, 6.1128 ], [ 0.0021, 6.1029 ], [ 0.0308, 6.0973 ], [ 0.0343, 6.1019 ], [ 0.0386, 6.1022 ], [ 0.0423, 6.0939 ], [ 0.0476, 6.0932 ], [ 0.0562, 6.0955 ], [ 0.0858, 6.0935 ], [ 0.0893, 6.1032 ], [ 0.0926, 6.1032 ], [ 0.0949, 6.0939 ], [ 0.1224, 6.0973 ], [ 0.1263, 6.0953 ], [ 0.1335, 6.0998 ], [ 0.1436, 6.1009 ], [ 0.1179, 6.0833 ], [ 0.1045, 6.0778 ], [ 0.0892, 6.0627 ], [ 0.0626, 6.0597 ], [ 0.0404, 6.0479 ], [ 0.019, 6.0619 ], [ 0.0182, 6.0389 ], [ 0.0084, 6.0243 ], [ 0.0058, 6.0121 ], [ -0.0008, 6.0077 ], [ -0.0155, 6.0144 ], [ -0.0228, 6.0288 ], [ -0.0221, 6.0342 ], [ -0.0292, 6.053 ], [ -0.0288, 6.0576 ], [ -0.024, 6.0615 ], [ -0.028, 6.0761 ], [ -0.0442, 6.0757 ], [ -0.0503, 6.0793 ], [ -0.059, 6.0954 ], [ -0.0725, 6.0979 ], [ -0.0754, 6.1063 ], [ -0.06, 6.1309 ], [ -0.066, 6.1371 ], [ -0.0766, 6.1324 ], [ -0.083, 6.1332 ], [ -0.0855, 6.1282 ], [ -0.0939, 6.1358 ], [ -0.1039, 6.128 ], [ -0.1234, 6.135 ], [ -0.1278, 6.1296 ], [ -0.1467, 6.1275 ], [ -0.1559, 6.1208 ], [ -0.1694, 6.1244 ], [ -0.2006, 6.1248 ], [ -0.2128, 6.101 ], [ -0.2122, 6.0937 ], [ -0.2168, 6.091 ], [ -0.2164, 6.0969 ], [ -0.2258, 6.1003 ], [ -0.2347, 6.1095 ], [ -0.2404, 6.125 ], [ -0.2465, 6.1275 ], [ -0.2502, 6.1352 ], [ -0.2654, 6.1476 ], [ -0.2687, 6.1621 ], [ -0.2628, 6.168 ], [ -0.2775, 6.1704 ], [ -0.2849, 6.1828 ], [ -0.312, 6.2095 ], [ -0.3131, 6.2259 ], [ -0.3088, 6.2444 ], [ -0.3108, 6.2546 ], [ -0.3231, 6.2568 ], [ -0.3342, 6.2677 ], [ -0.35, 6.2681 ], [ -0.3606, 6.277 ], [ -0.3642, 6.2768 ], [ -0.3603, 6.2861 ], [ -0.3397, 6.2863 ], [ -0.3298, 6.2978 ], [ -0.321, 6.2957 ], [ -0.3061, 6.3038 ], [ -0.3013, 6.2978 ] ] ] } },
{ "type": "Feature", "properties": { "shapeName": "Atiwa West", "shapeID": "2480657B65169023596143" }, "geometry": { "type": "Polygon", "coordinates": [ [ [ -0.5199, 6.3446 ], [ -0.5307, 6.3294 ], [ -0.5334, 6.3197 ], [ -0.5313, 6.3172 ], [ -0.5368, 6.3146 ], [ -0.5359, 6.3094 ], [ -0.5272, 6.3112 ], [ -0.5189, 6.3027 ], [ -0.5249, 6.2848 ], [ -0.5251, 6.2389 ], [ -0.5307, 6.2322 ], [ -0.528, 6.2308 ], [ -0.5322, 6.2261 ], [ -0.5349, 6.2283 ], [ -0.5471, 6.2207 ], [ -0.5386, 6.2133 ], [ -0.542, 6.2068 ], [ -0.5505, 6.2031 ], [ -0.5498, 6.1896 ], [ -0.5552, 6.187 ], [ -0.5569, 6.1907 ], [ -0.5642, 6.1901 ], [ -0.585, 6.1724 ], [ -0.591, 6.1763 ], [ -0.5976, 6.1727 ], [ -0.6046, 6.1571 ], [ -0.6072, 6.1397 ], [ -0.6008, 6.134 ], [ -0.588, 6.1109 ], [ -0.5959, 6.0986 ], [ -0.5866, 6.0862 ], [ -0.5872, 6.0808 ], [ -0.585, 6.0827 ], [ -0.5752, 6.0641 ], [ -0.567, 6.0579 ], [ -0.5694, 6.0559 ], [ -0.5747, 6.0598 ], [ -0.5844, 6.0539 ], [ -0.5743, 6.0521 ], [ -0.5719, 6.0391 ], [ -0.5802, 6.0414 ], [ -0.5817, 6.05 ], [ -0.5944, 6.0575 ], [ -0.5931, 6.052 ], [ -0.5973, 6.0517 ], [ -0.5944, 6.0441 ], [ -0.5965, 6.0416 ], [ -0.6014, 6.0464 ], [ -0.6099, 6.0422 ], [ -0.6203, 6.0301 ], [ -0.6297, 6.0353 ], [ -0.6598, 6.0251 ], [ -0.6586, 6.0353 ], [ -0.6497, 6.0463 ], [ -0.6535, 6.0562 ], [ -0.6621, 6.0581 ], [ -0.6638, 6.0631 ], [ -0.6588, 6.0677 ], [ -0.6683, 6.0643 ], [ -0.6805, 6.0744 ], [ -0.6698, 6.0772 ], [ -0.668, 6.0842 ], [ -0.6726, 6.0853 ], [ -0.6804, 6.0979 ], [ -0.6737, 6.1041 ], [ -0.6704, 6.1023 ], [ -0.6633, 6.1073 ], [ -0.6631, 6.1118 ], [ -0.6581, 6.1151 ], [ -0.6467, 6.1171 ], [ -0.6389, 6.1315 ], [ -0.6389, 6.1413 ], [ -0.6174, 6.162 ], [ -0.6179, 6.1655 ], [ -0.6331, 6.1728 ], [ -0.6314, 6.1798 ], [ -0.6407, 6.1881 ], [ -0.6848, 6.1903 ], [ -0.6863, 6.2002 ], [ -0.6954, 6.2052 ], [ -0.7103, 6.2018 ], [ -0.7111, 6.2113 ], [ -0.722, 6.2209 ], [ -0.726, 6.2195 ], [ -0.7291, 6.2242 ], [ -0.7366, 6.2227 ], [ -0.7418, 6.2252 ], [ -0.7483, 6.2219 ], [ -0.7509, 6.2347 ], [ -0.7592, 6.2362 ], [ -0.7607, 6.2407 ], [ -0.7757, 6.2502 ], [ -0.7683, 6.2588 ], [ -0.7707, 6.2703 ], [ -0.7775, 6.2786 ], [ -0.7714, 6.2827 ], [ -0.7665, 6.2961 ], [ -0.7507, 6.3112 ], [ -0.7256, 6.3199 ], [ -0.7174, 6.3297 ], [ -0.7009, 6.3687 ], [ -0.6781, 6.3861 ], [ -0.6618, 6.3843 ], [ -0.6472, 6.3918 ], [ -0.6157, 6.3887 ], [ -0.5809, 6.374 ], [ -0.5413, 6.3517 ], [ -0.5199, 6.3446 ] ] ] } },
{ "type": "Feature", "properties": { "shapeName": "New Juaben North Municipal", "shapeID": "2480657B95199515281033" }, "geometry": { "type": "Polygon", "coordinates": [ [ [ -0.312, 6.2095 ], [ -0.2849, 6.1828 ], [ -0.2775, 6.1704 ], [ -0.2628, 6.168 ], [ -0.2687, 6.1621 ], [ -0.2654, 6.1476 ], [ -0.2502, 6.1352 ], [ -0.2465, 6.1275 ], [ -0.2671, 6.1001 ], [ -0.2841, 6.1004 ], [ -0.291, 6.0907 ], [ -0.294, 6.09 ], [ -0.2964, 6.0936 ], [ -0.3017, 6.0859 ], [ -0.3053, 6.087 ], [ -0.3098, 6.0811 ], [ -0.3135, 6.0817 ], [ -0.3161, 6.093 ], [ -0.3216, 6.0943 ], [ -0.321, 6.0998 ], [ -0.3334, 6.1022 ], [ -0.3325, 6.1073 ], [ -0.3481, 6.1123 ], [ -0.3459, 6.1148 ], [ -0.348, 6.1166 ], [ -0.3501, 6.1112 ], [ -0.3637, 6.1168 ], [ -0.3662, 6.1226 ], [ -0.3636, 6.1243 ], [ -0.3695, 6.1303 ], [ -0.3731, 6.1426 ], [ -0.3702, 6.1539 ], [ -0.3543, 6.1689 ], [ -0.347, 6.1604 ], [ -0.3434, 6.1751 ], [ -0.3288, 6.1718 ], [ -0.3209, 6.1751 ], [ -0.3222, 6.1788 ], [ -0.3178, 6.1803 ], [ -0.3233, 6.1995 ], [ -0.312, 6.2095 ] ] ] } },
{ "type": "Feature", "properties": { "shapeName": "Fanteakwa North", "shapeID": "2480657B42231307300111" }, "geometry": { "type": "Polygon", "coordinates": [ [ [ -0.544, 6.512 ], [ -0.4684, 6.5193 ], [ -0.4622, 6.5242 ], [ -0.4597, 6.5288 ], [ -0.4625, 6.5367 ], [ -0.4736, 6.5436 ], [ -0.4768, 6.5484 ], [ -0.4758, 6.5536 ], [ -0.4805, 6.5571 ], [ -0.4797, 6.5603 ], [ -0.4725, 6.56 ], [ -0.4736, 6.5634 ], [ -0.485, 6.5659 ], [ -0.4831, 6.5731 ], [ -0.4888, 6.5806 ], [ -0.494, 6.5799 ], [ -0.4979, 6.5897 ], [ -0.4936, 6.5901 ], [ -0.4927, 6.5941 ], [ -0.5005, 6.5968 ], [ -0.4981, 6.6055 ], [ -0.4883, 6.6042 ], [ -0.486, 6.6099 ], [ -0.4806, 6.6094 ], [ -0.4742, 6.6187 ], [ -0.471, 6.616 ], [ -0.4677, 6.6217 ], [ -0.4583, 6.6233 ], [ -0.4567, 6.6316 ], [ -0.4495, 6.6332 ], [ -0.4478, 6.6376 ], [ -0.4229, 6.6414 ], [ -0.4143, 6.6247 ], [ -0.393, 6.618 ], [ -0.3899, 6.6127 ], [ -0.3667, 6.611 ], [ -0.3551, 6.6071 ], [ -0.3507, 6.6022 ], [ -0.3342, 6.5985 ], [ -0.332, 6.6182 ], [ -0.3372, 6.6263 ], [ -0.3345, 6.6674 ], [ -0.2552, 6.6668 ], [ -0.2195, 6.601 ], [ -0.1777, 6.5577 ], [ -0.1876, 6.5362 ], [ -0.1984, 6.5308 ], [ -0.2078, 6.5154 ], [ -0.2082, 6.5094 ], [ -0.196, 6.4998 ], [ -0.1938, 6.4944 ], [ -0.1968, 6.4847 ], [ -0.2048, 6.4766 ], [ -0.224, 6.4788 ], [ -0.2305, 6.4746 ], [ -0.2309, 6.4645 ], [ -0.2362, 6.4638 ], [ -0.2406, 6.4567 ], [ -0.2456, 6.4614 ], [ -0.2571, 6.4575 ], [ -0.2722, 6.4364 ], [ -0.2808, 6.4379 ], [ -0.2891, 6.4347 ], [ -0.2938, 6.4261 ], [ -0.3074, 6.4266 ], [ -0.3194, 6.4058 ], [ -0.3506, 6.3974 ], [ -0.3507, 6.3873 ], [ -0.3411, 6.3726 ], [ -0.3257, 6.3635 ], [ -0.3222, 6.3535 ], [ -0.3312, 6.3424 ], [ -0.3445, 6.3382 ], [ -0.352, 6.33 ], [ -0.3588, 6.3339 ], [ -0.3735, 6.3347 ], [ -0.3982, 6.3417 ], [ -0.4561, 6.3803 ], [ -0.4877, 6.3911 ], [ -0.4794, 6.4014 ], [ -0.4632, 6.4084 ], [ -0.4608, 6.4237 ], [ -0.4902, 6.4501 ], [ -0.544, 6.512 ] ] ] } },
{ "type": "Feature", "properties": { "shapeName": "Birim North", "shapeID": "2480657B81401264659986" }, "geometry": { "type": "Polygon", "coordinates": [ [ [ -1.018, 6.4361 ], [ -1.0079, 6.4393 ], [ -1.0057, 6.4428 ], [ -1.0087, 6.4487 ], [ -1.0046, 6.45 ], [ -1.005, 6.453 ], [ -1.0085, 6.4543 ], [ -1.0123, 6.4683 ], [ -1.0059, 6.4717 ], [ -1.0068, 6.4785 ], [ -1.0034, 6.4839 ], [ -1.0059, 6.487 ], [ -1.0006, 6.5001 ], [ -0.9932, 6.504 ], [ -0.9934, 6.5113 ], [ -0.9889, 6.5128 ], [ -0.9892, 6.5162 ], [ -0.9814, 6.5209 ], [ -0.9781, 6.5177 ], [ -0.9755, 6.5251 ], [ -0.972, 6.5265 ], [ -0.9726, 6.535 ], [ -0.9662, 6.54 ], [ -0.9549, 6.5256 ], [ -0.9391, 6.5306 ], [ -0.9324, 6.5273 ], [ -0.9265, 6.5191 ], [ -0.9171, 6.5178 ], [ -0.9127, 6.5095 ], [ -0.9137, 6.4895 ], [ -0.9003, 6.4978 ], [ -0.8944, 6.5079 ], [ -0.8884, 6.5107 ], [ -0.8925, 6.5186 ], [ -0.8905, 6.5264 ], [ -0.853, 6.5317 ], [ -0.8458, 6.5367 ], [ -0.8403, 6.5351 ], [ -0.8348, 6.5274 ], [ -0.842, 6.5212 ], [ -0.8359, 6.5153 ], [ -0.8377, 6.5069 ], [ -0.8326, 6.5071 ], [ -0.82, 6.4896 ], [ -0.8203, 6.4796 ], [ -0.8232, 6.4779 ], [ -0.8224, 6.4858 ], [ -0.8289, 6.4827 ], [ -0.8348, 6.4691 ], [ -0.8412, 6.4698 ], [ -0.8464, 6.4749 ], [ -0.8585, 6.4701 ], [ -0.8577, 6.4627 ], [ -0.8767, 6.4582 ], [ -0.8853, 6.4621 ], [ -0.8824, 6.4449 ], [ -0.8867, 6.4381 ], [ -0.8843, 6.419 ], [ -0.8802, 6.4113 ], [ -0.8805, 6.4029 ], [ -0.875, 6.396 ], [ -0.8837, 6.3864 ], [ -0.881, 6.373 ], [ -0.8892, 6.3822 ], [ -0.893, 6.3814 ], [ -0.8955, 6.3759 ], [ -0.9095, 6.37 ], [ -0.9104, 6.3759 ], [ -0.9216, 6.3682 ], [ -0.9266, 6.3685 ], [ -0.9263, 6.3798 ], [ -0.9209, 6.3937 ], [ -0.9373, 6.3856 ], [ -0.9486, 6.3921 ], [ -0.9478, 6.375 ], [ -0.9601, 6.3513 ], [ -0.9617, 6.3399 ], [ -0.9859, 6.3365 ], [ -0.9735, 6.331 ], [ -0.9623, 6.3145 ], [ -0.9633, 6.284 ], [ -0.9718, 6.2786 ], [ -0.9784, 6.2675 ], [ -0.9878, 6.2661 ], [ -0.9995, 6.2721 ], [ -1.0062, 6.2688 ], [ -1.0208, 6.2515 ], [ -1.0076, 6.2413 ], [ -0.991, 6.2205 ], [ -0.9905, 6.2044 ], [ -0.9959, 6.1965 ], [ -1.0135, 6.2077 ], [ -1.0256, 6.2037 ], [ -1.0326, 6.1966 ], [ -1.0433, 6.1977 ], [ -1.0626, 6.2028 ], [ -1.0733, 6.2103 ], [ -1.0685, 6.2149 ], [ -1.0698, 6.2231 ], [ -1.0961, 6.215 ], [ -1.1007, 6.2156 ], [ -1.0979, 6.2179 ], [ -1.1093, 6.2274 ], [ -1.1231, 6.2285 ], [ -1.1256, 6.2331 ], [ -1.1213, 6.2383 ], [ -1.1254, 6.2439 ], [ -1.1202, 6.2572 ], [ -1.1215, 6.2614 ], [ -1.1163, 6.2687 ], [ -1.128, 6.2712 ], [ -1.1315, 6.2803 ], [ -1.1269, 6.2862 ], [ -1.1386, 6.295 ], [ -1.1371, 6.2994 ], [ -1.132, 6.2984 ], [ -1.1278, 6.302 ], [ -1.1314, 6.3086 ], [ -1.1312, 6.316 ], [ -1.1171, 6.3222 ], [ -1.1122, 6.3206 ], [ -1.1128, 6.3239 ], [ -1.1165, 6.3263 ], [ -1.1195, 6.324 ], [ -1.1199, 6.3271 ], [ -1.1105, 6.3433 ], [ -1.1143, 6.3528 ], [ -1.1051, 6.3577 ], [ -1.1028, 6.3644 ], [ -1.0683, 6.3833 ], [ -1.0689, 6.388 ], [ -1.0562, 6.3945 ], [ -1.0555, 6.3977 ], [ -1.0418, 6.4005 ], [ -1.0381, 6.4036 ], [ -1.041, 6.4078 ], [ -1.0355, 6.4104 ], [ -1.0356, 6.413 ], [ -1.0311, 6.4084 ], [ -1.0236, 6.4083 ], [ -1.0198, 6.4089 ], [ -1.0198, 6.4134 ], [ -1.0103, 6.415 ], [ -1.0164, 6.4206 ], [ -1.0129, 6.426 ], [ -1.018, 6.4361 ] ] ] } },
{ "type": "Feature", "properties": { "shapeName": "Asuogyaman", "shapeID": "2480657B37277876999120" }, "geometry": { "type": "Polygon", "coordinates": [ [ [ 0.1855, 6.342 ], [ 0.187, 6.3389 ], [ 0.1789, 6.3407 ], [ 0.1781, 6.3339 ], [ 0.1727, 6.332 ], [ 0.1742, 6.3279 ], [ 0.1697, 6.3279 ], [ 0.1686, 6.3251 ], [ 0.1711, 6.3225 ], [ 0.1682, 6.3135 ], [ 0.1763, 6.3074 ], [ 0.1757, 6.3027 ], [ 0.1595, 6.3002 ], [ 0.1552, 6.2939 ], [ 0.1556, 6.2887 ], [ 0.1372, 6.2657 ], [ 0.1361, 6.2598 ], [ 0.1278, 6.2552 ], [ 0.1286, 6.2487 ], [ 0.1189, 6.2189 ], [ 0.1045, 6.1837 ], [ 0.096, 6.177 ], [ 0.0911, 6.1604 ], [ 0.0979, 6.1478 ], [ 0.0687, 6.1521 ], [ 0.0677, 6.1634 ], [ 0.0775, 6.1732 ], [ 0.0707, 6.1876 ], [ 0.0513, 6.1987 ], [ 0.052, 6.2086 ], [ 0.0659, 6.2113 ], [ 0.0687, 6.2159 ], [ 0.0674, 6.2216 ], [ 0.0608, 6.2218 ], [ 0.0464, 6.2136 ], [ 0.0304, 6.2138 ], [ 0.0122, 6.193 ], [ 0.005, 6.1946 ], [ 0.0035, 6.2051 ], [ -0.0114, 6.2064 ], [ -0.0043, 6.2177 ], [ 0.0062, 6.2263 ], [ 0.0087, 6.2325 ], [ 0.0077, 6.2483 ], [ 0.0178, 6.2528 ], [ 0.0209, 6.2571 ], [ 0.0177, 6.2617 ], [ 0.02, 6.2665 ], [ 0.0265, 6.268 ], [ 0.0387, 6.2852 ], [ 0.0463, 6.2888 ], [ 0.0478, 6.2976 ], [ 0.047, 6.3006 ], [ 0.0335, 6.2945 ], [ 0.027, 6.29 ], [ 0.026, 6.2836 ], [ 0.0156, 6.2775 ], [ 0.0111, 6.2952 ], [ 0.0262, 6.3058 ], [ 0.0309, 6.3165 ], [ 0.0087, 6.3258 ], [ -0.0017, 6.3229 ], [ -0.0069, 6.3306 ], [ -0.0171, 6.3321 ], [ -0.0043, 6.4017 ], [ 0.0022, 6.5361 ], [ 0.1286, 6.5755 ], [ 0.1518, 6.5778 ], [ 0.1632, 6.57 ], [ 0.1819, 6.5664 ], [ 0.188, 6.5682 ], [ 0.1946, 6.5639 ], [ 0.195, 6.5556 ], [ 0.1997, 6.5485 ], [ 0.1778, 6.5115 ], [ 0.1821, 6.4953 ], [ 0.1789, 6.4867 ], [ 0.1872, 6.4826 ], [ 0.1892, 6.4753 ], [ 0.1838, 6.466 ], [ 0.1862, 6.4403 ], [ 0.178, 6.4242 ], [ 0.2062, 6.4053 ], [ 0.2165, 6.3844 ], [ 0.2131, 6.3784 ], [ 0.2073, 6.3772 ], [ 0.205, 6.3714 ], [ 0.2, 6.3707 ], [ 0.2012, 6.3614 ], [ 0.2047, 6.3572 ], [ 0.2013, 6.3571 ], [ 0.2004, 6.3531 ], [ 0.1972, 6.3544 ], [ 0.1943, 6.3483 ], [ 0.1855, 6.342 ] ] ] } },
{ "type": "Feature", "properties": { "shapeName": "Kwahu East", "shapeID": "2480657B54162505201867" }, "geometry": { "type": "Polygon", "coordinates": [ [ [ -0.9188, 6.6226 ], [ -0.9236, 6.6409 ], [ -0.9327, 6.6394 ], [ -0.935, 6.6362 ], [ -0.9381, 6.6411 ], [ -0.9455, 6.6391 ], [ -0.9451, 6.627 ], [ -0.9697, 6.6126 ], [ -0.9768, 6.6147 ], [ -0.9775, 6.6385 ], [ -0.9725, 6.6445 ], [ -0.9772, 6.6551 ], [ -0.9739, 6.6811 ], [ -0.9606, 6.6914 ], [ -0.9504, 6.7074 ], [ -0.9469, 6.7248 ], [ -0.9503, 6.7286 ], [ -0.9502, 6.7352 ], [ -0.9566, 6.7396 ], [ -0.9646, 6.7415 ], [ -0.9742, 6.7374 ], [ -0.9844, 6.7421 ], [ -0.9816, 6.7493 ], [ -0.973, 6.7505 ], [ -0.9609, 6.7462 ], [ -0.9565, 6.7539 ], [ -0.9435, 6.7576 ], [ -0.9325, 6.7562 ], [ -0.9267, 6.7628 ], [ -0.9152, 6.7681 ], [ -0.9149, 6.7768 ], [ -0.9083, 6.7771 ], [ -0.9012, 6.7883 ], [ -0.8827, 6.7784 ], [ -0.8654, 6.7824 ], [ -0.8516, 6.7779 ], [ -0.843, 6.7801 ], [ -0.8337, 6.7934 ], [ -0.8234, 6.7899 ], [ -0.7928, 6.7898 ], [ -0.7869, 6.7938 ], [ -0.7873, 6.7989 ], [ -0.767, 6.8359 ], [ -0.7572, 6.8448 ], [ -0.7554, 6.8669 ], [ -0.7468, 6.8692 ], [ -0.7448, 6.8672 ], [ -0.7485, 6.8578 ], [ -0.7483, 6.8464 ], [ -0.7453, 6.8423 ], [ -0.7371, 6.8448 ], [ -0.7312, 6.842 ], [ -0.7467, 6.8362 ], [ -0.744, 6.822 ], [ -0.7327, 6.8271 ], [ -0.7268, 6.8218 ], [ -0.722, 6.8248 ], [ -0.7183, 6.8203 ], [ -0.7023, 6.8203 ], [ -0.7079, 6.8106 ], [ -0.7121, 6.8092 ], [ -0.7127, 6.804 ], [ -0.7202, 6.799 ], [ -0.6961, 6.8097 ], [ -0.683, 6.8221 ], [ -0.665, 6.822 ], [ -0.6693, 6.8147 ], [ -0.6832, 6.8045 ], [ -0.6857, 6.7981 ], [ -0.6904, 6.7965 ], [ -0.6909, 6.7938 ], [ -0.685, 6.7945 ], [ -0.6975, 6.7865 ], [ -0.6953, 6.7844 ], [ -0.6979, 6.7773 ], [ -0.6717, 6.7965 ], [ -0.6713, 6.7869 ], [ -0.6599, 6.7963 ], [ -0.6564, 6.7932 ], [ -0.6435, 6.797 ], [ -0.6416, 6.795 ], [ -0.6433, 6.7875 ], [ -0.6524, 6.7864 ], [ -0.6608, 6.7758 ], [ -0.6549, 6.7727 ], [ -0.6551, 6.7661 ], [ -0.6512, 6.7634 ], [ -0.6534, 6.7541 ], [ -0.6448, 6.7571 ], [ -0.6446, 6.7511 ], [ -0.6525, 6.7437 ], [ -0.6507, 6.7412 ], [ -0.6566, 6.7405 ], [ -0.6553, 6.7374 ], [ -0.6703, 6.7387 ], [ -0.6705, 6.7277 ], [ -0.6773, 6.7201 ], [ -0.6838, 6.7012 ], [ -0.6937, 6.6927 ], [ -0.7033, 6.6699 ], [ -0.703, 6.6639 ], [ -0.7106, 6.658 ], [ -0.7281, 6.6233 ], [ -0.7329, 6.6218 ], [ -0.7398, 6.6116 ], [ -0.7566, 6.6196 ], [ -0.7613, 6.6338 ], [ -0.7773, 6.6174 ], [ -0.7946, 6.616 ], [ -0.8001, 6.6243 ], [ -0.8012, 6.6216 ], [ -0.8204, 6.6182 ], [ -0.8254, 6.6116 ], [ -0.8215, 6.5972 ], [ -0.8228, 6.5908 ], [ -0.8308, 6.5971 ], [ -0.8602, 6.6034 ], [ -0.9116, 6.5989 ], [ -0.9156, 6.6008 ], [ -0.9101, 6.6104 ], [ -0.9188, 6.6226 ] ] ] } },
{ "type": "Feature", "properties": { "shapeName": "Kwahu West", "shapeID": "2480657B50723205918173" }, "geometry": { "type": "Polygon", "coordinates": [ [ [ -0.9336, 6.5796 ], [ -0.9265, 6.5879 ], [ -0.919, 6.5878 ], [ -0.9115, 6.5989 ], [ -0.8602, 6.6034 ], [ -0.8308, 6.5971 ], [ -0.8228, 6.5908 ], [ -0.8215, 6.5972 ], [ -0.8254, 6.6116 ], [ -0.8226, 6.6137 ], [ -0.8141, 6.6074 ], [ -0.8022, 6.5835 ], [ -0.7957, 6.5811 ], [ -0.7825, 6.5841 ], [ -0.7698, 6.5666 ], [ -0.7458, 6.557 ], [ -0.7282, 6.5699 ], [ -0.6639, 6.5601 ], [ -0.6489, 6.5426 ], [ -0.6406, 6.5149 ], [ -0.6238, 6.5106 ], [ -0.6014, 6.5135 ], [ -0.593, 6.506 ], [ -0.593, 6.4992 ], [ -0.601, 6.4906 ], [ -0.6007, 6.4815 ], [ -0.6055, 6.476 ], [ -0.6121, 6.4845 ], [ -0.6177, 6.5024 ], [ -0.6276, 6.5062 ], [ -0.6305, 6.504 ], [ -0.6288, 6.497 ], [ -0.6377, 6.4836 ], [ -0.6532, 6.4799 ], [ -0.6571, 6.4711 ], [ -0.6602, 6.4719 ], [ -0.6891, 6.4559 ], [ -0.6887, 6.4354 ], [ -0.6918, 6.4329 ], [ -0.6961, 6.4144 ], [ -0.7017, 6.4117 ], [ -0.7084, 6.4016 ], [ -0.7104, 6.3872 ], [ -0.7172, 6.3802 ], [ -0.7163, 6.3689 ], [ -0.7207, 6.3706 ], [ -0.7234, 6.3766 ], [ -0.7242, 6.3915 ], [ -0.738, 6.4096 ], [ -0.7324, 6.4275 ], [ -0.7421, 6.437 ], [ -0.7486, 6.45 ], [ -0.7748, 6.4637 ], [ -0.783, 6.4759 ], [ -0.8013, 6.4709 ], [ -0.8031, 6.4617 ], [ -0.8293, 6.4652 ], [ -0.8203, 6.4796 ], [ -0.82, 6.4896 ], [ -0.8326, 6.5071 ], [ -0.8377, 6.5069 ], [ -0.8359, 6.5153 ], [ -0.842, 6.5212 ], [ -0.8348, 6.5274 ], [ -0.8403, 6.5351 ], [ -0.8458, 6.5367 ], [ -0.853, 6.5317 ], [ -0.8905, 6.5264 ], [ -0.8925, 6.5186 ], [ -0.8884, 6.5107 ], [ -0.8944, 6.5079 ], [ -0.9003, 6.4978 ], [ -0.9137, 6.4895 ], [ -0.9127, 6.5095 ], [ -0.9171, 6.5178 ], [ -0.9265, 6.5191 ], [ -0.9324, 6.5273 ], [ -0.9391, 6.5306 ], [ -0.9549, 6.5256 ], [ -0.9599, 6.5294 ], [ -0.9662, 6.54 ], [ -0.9628, 6.5491 ], [ -0.9504, 6.5655 ], [ -0.944, 6.5644 ], [ -0.9418, 6.5706 ], [ -0.9347, 6.5736 ], [ -0.9336, 6.5796 ] ] ] } },
{ "type": "Feature", "properties": { "shapeName": "Lower Manya", "shapeID": "2480657B54302337253194" }, "geometry": { "type": "Polygon", "coordinates": [ [ [ 0.0979, 6.1478 ], [ 0.1051, 6.1402 ], [ 0.1189, 6.1373 ], [ 0.1223, 6.1275 ], [ 0.1399, 6.1109 ], [ 0.1468, 6.1091 ], [ 0.1436, 6.1009 ], [ 0.1335, 6.0998 ], [ 0.1263, 6.0953 ], [ 0.1224, 6.0973 ], [ 0.0949, 6.0939 ], [ 0.0926, 6.1032 ], [ 0.0893, 6.1032 ], [ 0.0858, 6.0935 ], [ 0.0423, 6.0939 ], [ 0.0386, 6.1022 ], [ 0.0343, 6.1019 ], [ 0.0308, 6.0973 ], [ 0.0021, 6.1029 ], [ 0.0026, 6.1128 ], [ -0.0061, 6.1154 ], [ -0.0085, 6.1224 ], [ -0.0129, 6.1244 ], [ -0.0193, 6.1229 ], [ -0.0262, 6.1268 ], [ -0.0306, 6.1236 ], [ -0.0414, 6.1377 ], [ -0.0372, 6.1426 ], [ -0.0448, 6.1494 ], [ -0.0442, 6.159 ], [ -0.0473, 6.1558 ], [ -0.0521, 6.1568 ], [ -0.0566, 6.1462 ], [ -0.0656, 6.1431 ], [ -0.0699, 6.1461 ], [ -0.0658, 6.1544 ], [ -0.0678, 6.1575 ], [ -0.075, 6.1575 ], [ -0.0796, 6.169 ], [ -0.09, 6.1813 ], [ -0.0845, 6.2006 ], [ -0.0709, 6.219 ], [ -0.0804, 6.2174 ], [ -0.0859, 6.2233 ], [ -0.0853, 6.231 ], [ -0.0818, 6.2338 ], [ -0.0853, 6.2343 ], [ -0.0785, 6.2364 ], [ -0.0751, 6.2436 ], [ -0.0586, 6.2528 ], [ -0.0428, 6.2785 ], [ -0.0365, 6.3045 ], [ -0.0291, 6.3187 ], [ -0.0171, 6.3321 ], [ -0.0069, 6.3306 ], [ -0.0017, 6.3229 ], [ 0.0087, 6.3258 ], [ 0.0309, 6.3165 ], [ 0.0262, 6.3058 ], [ 0.0111, 6.2952 ], [ 0.0156, 6.2775 ], [ 0.026, 6.2836 ], [ 0.027, 6.29 ], [ 0.0335, 6.2945 ], [ 0.047, 6.3006 ], [ 0.0478, 6.2976 ], [ 0.0463, 6.2888 ], [ 0.0387, 6.2852 ], [ 0.0265, 6.268 ], [ 0.02, 6.2665 ], [ 0.0177, 6.2617 ], [ 0.0209, 6.2571 ], [ 0.0178, 6.2528 ], [ 0.0077, 6.2483 ], [ 0.0087, 6.2325 ], [ 0.0062, 6.2263 ], [ -0.0043, 6.2177 ], [ -0.0114, 6.2064 ], [ 0.0035, 6.2051 ], [ 0.005, 6.1946 ], [ 0.0122, 6.193 ], [ 0.0304, 6.2138 ], [ 0.0464, 6.2136 ], [ 0.0608, 6.2218 ], [ 0.0674, 6.2216 ], [ 0.0687, 6.2159 ], [ 0.0659, 6.2113 ], [ 0.052, 6.2086 ], [ 0.0513, 6.1987 ], [ 0.0707, 6.1876 ], [ 0.0775, 6.1732 ], [ 0.0677, 6.1634 ], [ 0.0687, 6.1521 ], [ 0.0979, 6.1478 ] ] ] } },
{ "type": "Feature", "properties": { "shapeName": "Nsawam Adoagyiri", "shapeID": "2480657B74727980909537" }, "geometry": { "type": "Polygon", "coordinates": [ [ [ -0.3424, 5.7776 ], [ -0.3523, 5.7663 ], [ -0.3664, 5.7624 ], [ -0.3784, 5.7702 ], [ -0.379, 5.7746 ], [ -0.3848, 5.7764 ], [ -0.3921, 5.7582 ], [ -0.4141, 5.7733 ], [ -0.4157, 5.7876 ], [ -0.4224, 5.7894 ], [ -0.4279, 5.8039 ], [ -0.4154, 5.8328 ], [ -0.4044, 5.8461 ], [ -0.3968, 5.8486 ], [ -0.3973, 5.8523 ], [ -0.3699, 5.8716 ], [ -0.3807, 5.891 ], [ -0.3654, 5.8966 ], [ -0.3498, 5.8956 ], [ -0.3404, 5.8983 ], [ -0.3325, 5.89 ], [ -0.3354, 5.8785 ], [ -0.3282, 5.8746 ], [ -0.3164, 5.876 ], [ -0.311, 5.8806 ], [ -0.3078, 5.8791 ], [ -0.2946, 5.8854 ], [ -0.2897, 5.8791 ], [ -0.2766, 5.8777 ], [ -0.2751, 5.8588 ], [ -0.2733, 5.8605 ], [ -0.2698, 5.8563 ], [ -0.2699, 5.845 ], [ -0.274, 5.8343 ], [ -0.2688, 5.823 ], [ -0.2707, 5.8183 ], [ -0.2674, 5.8124 ], [ -0.2699, 5.8072 ], [ -0.2747, 5.808 ], [ -0.3051, 5.7928 ], [ -0.3164, 5.7827 ], [ -0.3156, 5.7802 ], [ -0.322, 5.7796 ], [ -0.3274, 5.7725 ], [ -0.3315, 5.7789 ], [ -0.3424, 5.7776 ] ] ] } },
{ "type": "Feature", "properties": { "shapeName": "Akwapem South", "shapeID": "2480657B26354408705676" }, "geometry": { "type": "Polygon", "coordinates": [ [ [ -0.2266, 5.7519 ], [ -0.2437, 5.7577 ], [ -0.2354, 5.7729 ], [ -0.2334, 5.7844 ], [ -0.2447, 5.7852 ], [ -0.2565, 5.7779 ], [ -0.2655, 5.8077 ], [ -0.2693, 5.8047 ], [ -0.2688, 5.823 ], [ -0.274, 5.8343 ], [ -0.2699, 5.845 ], [ -0.2698, 5.8563 ], [ -0.2733, 5.8605 ], [ -0.2751, 5.8588 ], [ -0.2766, 5.8777 ], [ -0.2897, 5.8791 ], [ -0.2946, 5.8854 ], [ -0.3078, 5.8791 ], [ -0.311, 5.8806 ], [ -0.3164, 5.876 ], [ -0.3282, 5.8746 ], [ -0.3354, 5.8785 ], [ -0.3319, 5.8873 ], [ -0.3404, 5.8983 ], [ -0.338, 5.9053 ], [ -0.3364, 5.9084 ], [ -0.3279, 5.9094 ], [ -0.3257, 5.9133 ], [ -0.3188, 5.9129 ], [ -0.312, 5.9236 ], [ -0.3111, 5.9335 ], [ -0.3022, 5.9428 ], [ -0.2769, 5.9336 ], [ -0.2636, 5.9367 ], [ -0.2408, 5.9337 ], [ -0.2251, 5.9355 ], [ -0.2193, 5.9296 ], [ -0.221, 5.9241 ], [ -0.2071, 5.9201 ], [ -0.212, 5.9081 ], [ -0.2191, 5.9007 ], [ -0.2201, 5.8908 ], [ -0.2093, 5.8938 ], [ -0.1989, 5.9024 ], [ -0.1934, 5.8995 ], [ -0.1844, 5.9005 ], [ -0.182, 5.8909 ], [ -0.1757, 5.8855 ], [ -0.1656, 5.8869 ], [ -0.1739, 5.8708 ], [ -0.1719, 5.8671 ], [ -0.1679, 5.8642 ], [ -0.1595, 5.8657 ], [ -0.1439, 5.8549 ], [ -0.1647, 5.8394 ], [ -0.1509, 5.8383 ], [ -0.1493, 5.8304 ], [ -0.1528, 5.8269 ], [ -0.155, 5.8147 ], [ -0.1659, 5.812 ], [ -0.1723, 5.814 ], [ -0.1723, 5.805 ], [ -0.1806, 5.7944 ], [ -0.1942, 5.7841 ], [ -0.2025, 5.7819 ], [ -0.2049, 5.7686 ], [ -0.2019, 5.7631 ], [ -0.2073, 5.7546 ], [ -0.2205, 5.7484 ], [ -0.2251, 5.7401 ], [ -0.2266, 5.7519 ] ] ] } },
{ "type": "Feature", "properties": { "shapeName": "Denkyembour", "shapeID": "2480657B53762921220630" }, "geometry": { "type": "Polygon", "coordinates": [ [ [ -0.8125, 5.9495 ], [ -0.8205, 5.9506 ], [ -0.8211, 5.9573 ], [ -0.83, 5.966 ], [ -0.8329, 5.979 ], [ -0.8466, 5.9816 ], [ -0.8588, 5.9915 ], [ -0.8698, 5.9937 ], [ -0.8733, 6.0008 ], [ -0.878, 6.0027 ], [ -0.882, 5.9991 ], [ -0.8915, 5.9992 ], [ -0.8905, 5.992 ], [ -0.8975, 5.9968 ], [ -0.9032, 5.9948 ], [ -0.9068, 5.9971 ], [ -0.9117, 5.9876 ], [ -0.9177, 5.9832 ], [ -0.919, 5.9655 ], [ -0.924, 5.965 ], [ -0.9285, 5.9591 ], [ -0.9304, 5.9632 ], [ -0.9396, 5.9645 ], [ -0.9411, 5.96 ], [ -0.9497, 5.9583 ], [ -0.9495, 5.9527 ], [ -0.9525, 5.9526 ], [ -0.9578, 5.96 ], [ -0.9662, 5.9587 ], [ -0.9661, 5.9684 ], [ -0.9734, 5.9815 ], [ -0.9734, 5.9917 ], [ -0.9665, 6.0002 ], [ -0.9704, 6.0039 ], [ -0.9618, 6.0106 ], [ -0.9796, 6.0474 ], [ -0.9727, 6.0592 ], [ -0.9616, 6.0583 ], [ -0.9518, 6.0615 ], [ -0.9654, 6.0739 ], [ -0.9691, 6.0883 ], [ -0.9752, 6.0968 ], [ -0.9471, 6.1111 ], [ -0.9446, 6.1335 ], [ -0.9282, 6.1649 ], [ -0.9114, 6.1533 ], [ -0.9097, 6.1476 ], [ -0.9051, 6.148 ], [ -0.9006, 6.1437 ], [ -0.8901, 6.1457 ], [ -0.882, 6.1576 ], [ -0.8768, 6.1585 ], [ -0.8748, 6.149 ], [ -0.8499, 6.1195 ], [ -0.8515, 6.1046 ], [ -0.8457, 6.0844 ], [ -0.84, 6.0813 ], [ -0.8375, 6.083 ], [ -0.8284, 6.0744 ], [ -0.8203, 6.0766 ], [ -0.82, 6.0849 ], [ -0.812, 6.0918 ], [ -0.788, 6.1002 ], [ -0.769, 6.1005 ], [ -0.7553, 6.1046 ], [ -0.7402, 6.0931 ], [ -0.7206, 6.1091 ], [ -0.7068, 6.1076 ], [ -0.6901, 6.1149 ], [ -0.6815, 6.1141 ], [ -0.6723, 6.1079 ], [ -0.6704, 6.1023 ], [ -0.6737, 6.1041 ], [ -0.6804, 6.0979 ], [ -0.6726, 6.0853 ], [ -0.668, 6.0842 ], [ -0.6698, 6.0772 ], [ -0.6805, 6.0744 ], [ -0.6683, 6.0643 ], [ -0.6588, 6.0677 ], [ -0.6638, 6.0631 ], [ -0.6621, 6.0581 ], [ -0.6535, 6.0562 ], [ -0.6497, 6.0463 ], [ -0.6549, 6.0393 ], [ -0.6713, 6.0298 ], [ -0.6782, 6.0336 ], [ -0.6902, 6.05 ], [ -0.6965, 6.0518 ], [ -0.703, 6.0473 ], [ -0.7147, 6.0493 ], [ -0.7238, 6.0409 ], [ -0.7179, 6.0381 ], [ -0.7207, 6.0288 ], [ -0.729, 6.0295 ], [ -0.7375, 6.0139 ], [ -0.7425, 6.0167 ], [ -0.7518, 6.0101 ], [ -0.7637, 6.0087 ], [ -0.7699, 6.0047 ], [ -0.7811, 6.0103 ], [ -0.787, 6.0083 ], [ -0.7891, 5.9997 ], [ -0.7955, 6.0007 ], [ -0.7967, 5.9816 ], [ -0.8025, 5.9784 ], [ -0.8011, 5.9747 ], [ -0.7968, 5.9747 ], [ -0.7978, 5.9684 ], [ -0.8035, 5.9608 ], [ -0.8105, 5.9575 ], [ -0.8125, 5.9495 ] ] ] } },
{ "type": "Feature", "properties": { "shapeName": "Kwaebibirem", "shapeID": "2480657B54074930978119" }, "geometry": { "type": "Polygon", "coordinates": [ [ [ -0.7827, 6.285 ], [ -0.7707, 6.2703 ], [ -0.7683, 6.2588 ], [ -0.7757, 6.2502 ], [ -0.7607, 6.2407 ], [ -0.7592, 6.2362 ], [ -0.7509, 6.2347 ], [ -0.7483, 6.2219 ], [ -0.7418, 6.2252 ], [ -0.7366, 6.2227 ], [ -0.7291, 6.2242 ], [ -0.726, 6.2195 ], [ -0.722, 6.2209 ], [ -0.7111, 6.2113 ], [ -0.7103, 6.2018 ], [ -0.6954, 6.2052 ], [ -0.6863, 6.2002 ], [ -0.6848, 6.1903 ], [ -0.6407, 6.1881 ], [ -0.6314, 6.1798 ], [ -0.6331, 6.1728 ], [ -0.6179, 6.1655 ], [ -0.6174, 6.162 ], [ -0.6389, 6.1413 ], [ -0.6389, 6.1315 ], [ -0.6467, 6.1171 ], [ -0.6581, 6.1151 ], [ -0.6704, 6.1023 ], [ -0.6723, 6.1079 ], [ -0.6815, 6.1141 ], [ -0.6975, 6.1138 ], [ -0.7068, 6.1076 ], [ -0.7206, 6.1091 ], [ -0.7402, 6.0931 ], [ -0.7553, 6.1046 ], [ -0.769, 6.1005 ], [ -0.788, 6.1002 ], [ -0.812, 6.0918 ], [ -0.82, 6.0849 ], [ -0.8203, 6.0766 ], [ -0.8284, 6.0744 ], [ -0.8375, 6.083 ], [ -0.84, 6.0813 ], [ -0.8457, 6.0844 ], [ -0.8515, 6.1046 ], [ -0.8499, 6.1195 ], [ -0.8748, 6.149 ], [ -0.8768, 6.1585 ], [ -0.882, 6.1576 ], [ -0.8901, 6.1457 ], [ -0.9006, 6.1437 ], [ -0.9051, 6.148 ], [ -0.9097, 6.1476 ], [ -0.9114, 6.1533 ], [ -0.9282, 6.1649 ], [ -0.9446, 6.1335 ], [ -0.9471, 6.1111 ], [ -0.9752, 6.0968 ], [ -0.9786, 6.1052 ], [ -1.0326, 6.0792 ], [ -1.0142, 6.1641 ], [ -0.9905, 6.2044 ], [ -0.9897, 6.2113 ], [ -0.991, 6.2205 ], [ -1.0076, 6.2413 ], [ -1.0208, 6.2515 ], [ -1.0062, 6.2688 ], [ -0.9995, 6.2721 ], [ -0.9878, 6.2661 ], [ -0.9784, 6.2675 ], [ -0.9685, 6.2821 ], [ -0.9646, 6.2813 ], [ -0.9644, 6.2983 ], [ -0.9606, 6.3048 ], [ -0.9637, 6.3042 ], [ -0.9623, 6.3145 ], [ -0.9735, 6.331 ], [ -0.9859, 6.3365 ], [ -0.9617, 6.3399 ], [ -0.9601, 6.3513 ], [ -0.9478, 6.375 ], [ -0.9486, 6.3921 ], [ -0.9373, 6.3856 ], [ -0.9209, 6.3937 ], [ -0.9263, 6.3798 ], [ -0.9266, 6.3685 ], [ -0.9216, 6.3682 ], [ -0.9104, 6.3759 ], [ -0.9095, 6.37 ], [ -0.8955, 6.3759 ], [ -0.893, 6.3814 ], [ -0.8892, 6.3822 ], [ -0.8752, 6.367 ], [ -0.8559, 6.357 ], [ -0.8591, 6.3433 ], [ -0.853, 6.336 ], [ -0.83, 6.3261 ], [ -0.8112, 6.3102 ], [ -0.806, 6.3098 ], [ -0.7942, 6.2962 ], [ -0.7834, 6.293 ], [ -0.7827, 6.285 ] ] ] } },
{ "type": "Feature", "properties": { "shapeName": "Kwahu Afram Plains South", "shapeID": "2480657B87039075961323" }, "geometry": { "type": "Polygon", "coordinates": [ [ [ -0.2485, 7.1974 ], [ -0.2208, 7.2128 ], [ -0.2172, 7.211 ], [ -0.2155, 7.1996 ], [ -0.2006, 7.2033 ], [ -0.1838, 7.201 ], [ -0.1812, 7.2038 ], [ -0.18, 7.1978 ], [ -0.1646, 7.2001 ], [ -0.1595, 7.1961 ], [ -0.1659, 7.1872 ], [ -0.1636, 7.1675 ], [ -0.1694, 7.1582 ], [ -0.1693, 7.1433 ], [ -0.1606, 7.1263 ], [ -0.1495, 7.115 ], [ -0.1476, 7.1059 ], [ -0.1571, 7.0952 ], [ -0.1507, 7.0734 ], [ -0.1529, 7.059 ], [ -0.1503, 7.0534 ], [ -0.1339, 7.0459 ], [ -0.1339, 7.0408 ], [ -0.1413, 7.0356 ], [ -0.136, 7.0272 ], [ -0.1281, 7.0253 ], [ -0.1163, 7.0151 ], [ -0.1235, 7.0087 ], [ -0.1229, 7.0015 ], [ -0.1271, 6.9972 ], [ -0.1245, 6.9857 ], [ -0.1041, 6.9752 ], [ -0.1069, 6.959 ], [ -0.1138, 6.9494 ], [ -0.1229, 6.9644 ], [ -0.1432, 6.9432 ], [ -0.1523, 6.9122 ], [ -0.1642, 6.904 ], [ -0.1625, 6.8993 ], [ -0.166, 6.8841 ], [ -0.1656, 6.8658 ], [ -0.1621, 6.8609 ], [ -0.1463, 6.8502 ], [ -0.1356, 6.8471 ], [ -0.1302, 6.8359 ], [ -0.1209, 6.8331 ], [ -0.1129, 6.8258 ], [ -0.1017, 6.8143 ], [ -0.1054, 6.8059 ], [ -0.1036, 6.8043 ], [ -0.0842, 6.7967 ], [ -0.0712, 6.7868 ], [ -0.0796, 6.783 ], [ -0.0875, 6.7729 ], [ -0.0888, 6.7543 ], [ -0.0964, 6.7317 ], [ -0.1037, 6.7243 ], [ -0.1121, 6.6984 ], [ -0.0935, 6.6992 ], [ -0.0864, 6.6905 ], [ -0.0975, 6.6671 ], [ -0.091, 6.6586 ], [ -0.0978, 6.6474 ], [ -0.0897, 6.6405 ], [ -0.0946, 6.6297 ], [ -0.0958, 6.5426 ], [ -0.1229, 6.5437 ], [ -0.1777, 6.5577 ], [ -0.2195, 6.601 ], [ -0.2552, 6.6668 ], [ -0.364, 6.668 ], [ -0.4098, 6.7013 ], [ -0.4658, 6.7203 ], [ -0.5173, 6.7313 ], [ -0.5589, 6.7632 ], [ -0.6055, 6.7576 ], [ -0.6142, 6.7599 ], [ -0.6459, 6.7328 ], [ -0.6566, 6.7405 ], [ -0.6507, 6.7412 ], [ -0.6525, 6.7437 ], [ -0.6434, 6.7562 ], [ -0.6534, 6.7541 ], [ -0.6512, 6.7634 ], [ -0.6551, 6.7661 ], [ -0.6549, 6.7727 ], [ -0.6608, 6.7758 ], [ -0.6524, 6.7864 ], [ -0.6433, 6.7875 ], [ -0.6408, 6.7919 ], [ -0.6435, 6.797 ], [ -0.6564, 6.7932 ], [ -0.6599, 6.7963 ], [ -0.6713, 6.7869 ], [ -0.6717, 6.7965 ], [ -0.6979, 6.7773 ], [ -0.6953, 6.7844 ], [ -0.6975, 6.7865 ], [ -0.685, 6.7945 ], [ -0.6909, 6.7938 ], [ -0.6904, 6.7965 ], [ -0.6857, 6.7981 ], [ -0.6832, 6.8045 ], [ -0.6693, 6.8147 ], [ -0.665, 6.822 ], [ -0.683, 6.8221 ], [ -0.6961, 6.8097 ], [ -0.7202, 6.799 ], [ -0.7127, 6.804 ], [ -0.7121, 6.8092 ], [ -0.7079, 6.8106 ], [ -0.7023, 6.8203 ], [ -0.7183, 6.8203 ], [ -0.722, 6.8248 ], [ -0.7268, 6.8218 ], [ -0.7327, 6.8271 ], [ -0.744, 6.822 ], [ -0.7476, 6.8307 ], [ -0.7467, 6.8362 ], [ -0.7312, 6.842 ], [ -0.7371, 6.8448 ], [ -0.7453, 6.8423 ], [ -0.7483, 6.8464 ], [ -0.7485, 6.8578 ], [ -0.7448, 6.8672 ], [ -0.7468, 6.8692 ], [ -0.7554, 6.8669 ], [ -0.7572, 6.9254 ], [ -0.7532, 6.9381 ], [ -0.742, 6.9489 ], [ -0.7228, 6.9523 ], [ -0.6934, 6.9394 ], [ -0.6523, 6.9295 ], [ -0.6587, 6.9418 ], [ -0.6575, 6.9472 ], [ -0.637, 6.953 ], [ -0.6008, 6.9481 ], [ -0.5853, 6.9509 ], [ -0.5741, 6.9633 ], [ -0.5742, 6.9786 ], [ -0.5666, 6.9979 ], [ -0.5647, 7.0187 ], [ -0.5761, 7.0292 ], [ -0.5799, 7.0377 ], [ -0.591, 7.0445 ], [ -0.6093, 7.0906 ], [ -0.6197, 7.1328 ], [ -0.6269, 7.1432 ], [ -0.6275, 7.153 ], [ -0.6327, 7.1601 ], [ -0.6354, 7.1739 ], [ -0.6193, 7.1667 ], [ -0.6096, 7.1536 ], [ -0.5926, 7.1494 ], [ -0.5828, 7.1506 ], [ -0.5612, 7.1375 ], [ -0.5418, 7.139 ], [ -0.4947, 7.1248 ], [ -0.4657, 7.1258 ], [ -0.4614, 7.1284 ], [ -0.4416, 7.1222 ], [ -0.4263, 7.1252 ], [ -0.4203, 7.1195 ], [ -0.3878, 7.1179 ], [ -0.3709, 7.1232 ], [ -0.3521, 7.1343 ], [ -0.3439, 7.1372 ], [ -0.3408, 7.1352 ], [ -0.3314, 7.1427 ], [ -0.3218, 7.1441 ], [ -0.309, 7.1607 ], [ -0.3096, 7.164 ], [ -0.3003, 7.172 ], [ -0.3064, 7.1782 ], [ -0.2881, 7.1841 ], [ -0.2855, 7.189 ], [ -0.2891, 7.1929 ], [ -0.2872, 7.1947 ], [ -0.2791, 7.1902 ], [ -0.2674, 7.1937 ], [ -0.2601, 7.1895 ], [ -0.2575, 7.1952 ], [ -0.2505, 7.1923 ], [ -0.2485, 7.1974 ] ] ] } },
{ "type": "Feature", "properties": { "shapeName": "Kwahu Afram Plains North", "shapeID": "2480657B6837938265733" }, "geometry": { "type": "Polygon", "coordinates": [ [ [ 0.1044, 6.5669 ], [ 0.0022, 6.5361 ], [ -0.0187, 6.5392 ], [ -0.0611, 6.5334 ], [ -0.0756, 6.5394 ], [ -0.0958, 6.5426 ], [ -0.0946, 6.6297 ], [ -0.0897, 6.6405 ], [ -0.0978, 6.6474 ], [ -0.091, 6.6586 ], [ -0.0975, 6.6671 ], [ -0.0864, 6.6905 ], [ -0.0935, 6.6992 ], [ -0.1121, 6.6984 ], [ -0.1037, 6.7243 ], [ -0.0964, 6.7317 ], [ -0.0888, 6.7543 ], [ -0.0875, 6.7729 ], [ -0.0796, 6.783 ], [ -0.0712, 6.7868 ], [ -0.0842, 6.7967 ], [ -0.1036, 6.8043 ], [ -0.1054, 6.8059 ], [ -0.1017, 6.8143 ], [ -0.1129, 6.8258 ], [ -0.1209, 6.8331 ], [ -0.1302, 6.8359 ], [ -0.1356, 6.8471 ], [ -0.1463, 6.8502 ], [ -0.1656, 6.8658 ], [ -0.1642, 6.904 ], [ -0.1523, 6.9122 ], [ -0.1432, 6.9432 ], [ -0.1229, 6.9644 ], [ -0.1138, 6.9494 ], [ -0.1069, 6.959 ], [ -0.1041, 6.9752 ], [ -0.1245, 6.9857 ], [ -0.1271, 6.9972 ], [ -0.1229, 7.0015 ], [ -0.1235, 7.0087 ], [ -0.1163, 7.0151 ], [ -0.1281, 7.0253 ], [ -0.136, 7.0272 ], [ -0.1413, 7.0356 ], [ -0.1339, 7.0408 ], [ -0.1339, 7.0459 ], [ -0.1503, 7.0534 ], [ -0.1529, 7.059 ], [ -0.1507, 7.0734 ], [ -0.1571, 7.0952 ], [ -0.1476, 7.1059 ], [ -0.1529, 7.1205 ], [ -0.1565, 7.1215 ], [ -0.167, 7.1366 ], [ -0.1697, 7.1546 ], [ -0.1636, 7.1675 ], [ -0.1659, 7.1872 ], [ -0.1616, 7.1943 ], [ -0.1543, 7.1949 ], [ -0.1486, 7.1999 ], [ -0.1423, 7.1954 ], [ -0.1275, 7.1935 ], [ -0.1071, 7.1951 ], [ -0.0977, 7.1849 ], [ -0.0849, 7.1792 ], [ -0.0615, 7.1881 ], [ -0.0527, 7.1964 ], [ -0.0275, 7.1913 ], [ -0.0141, 7.1932 ], [ -0.0042, 7.191 ], [ 0.0044, 7.194 ], [ 0.0111, 7.1862 ], [ 0.0213, 7.183 ], [ 0.0291, 7.1854 ], [ 0.0409, 7.1809 ], [ 0.0505, 7.172 ], [ 0.0674, 7.1736 ], [ 0.0811, 7.1817 ], [ 0.0979, 7.1777 ], [ 0.1232, 7.1838 ], [ 0.1823, 7.1797 ], [ 0.2162, 7.174 ], [ 0.2352, 7.1671 ], [ 0.2425, 7.1485 ], [ 0.2427, 7.127 ], [ 0.2245, 7.0994 ], [ 0.2029, 7.0806 ], [ 0.1967, 7.0675 ], [ 0.1997, 7.0516 ], [ 0.2213, 7.0079 ], [ 0.2274, 6.974 ], [ 0.2062, 6.9425 ], [ 0.1958, 6.9364 ], [ 0.1478, 6.9215 ], [ 0.1355, 6.91 ], [ 0.1229, 6.8894 ], [ 0.1198, 6.8704 ], [ 0.1242, 6.8433 ], [ 0.1332, 6.8291 ], [ 0.1449, 6.8185 ], [ 0.1585, 6.8161 ], [ 0.1925, 6.7893 ], [ 0.2002, 6.7787 ], [ 0.2082, 6.7575 ], [ 0.2037, 6.7033 ], [ 0.199, 6.697 ], [ 0.1692, 6.6897 ], [ 0.1615, 6.6832 ], [ 0.1301, 6.6715 ], [ 0.1232, 6.666 ], [ 0.1104, 6.6166 ], [ 0.1044, 6.5669 ] ] ] } },
{ "type": "Feature", "properties": { "shapeName": "Suhum Municipal", "shapeID": "2480657B2570339807900" }, "geometry": { "type": "Polygon", "coordinates": [ [ [ -0.367, 6.1285 ], [ -0.3636, 6.1243 ], [ -0.3662, 6.1226 ], [ -0.3637, 6.1168 ], [ -0.3501, 6.1112 ], [ -0.348, 6.1166 ], [ -0.3459, 6.1148 ], [ -0.3481, 6.1123 ], [ -0.3325, 6.1073 ], [ -0.3334, 6.1022 ], [ -0.321, 6.0998 ], [ -0.3216, 6.0943 ], [ -0.3161, 6.093 ], [ -0.3135, 6.0817 ], [ -0.3042, 6.0795 ], [ -0.2931, 6.0673 ], [ -0.2895, 6.0683 ], [ -0.2943, 6.0621 ], [ -0.2931, 6.038 ], [ -0.2683, 6.0205 ], [ -0.2706, 6.0182 ], [ -0.2643, 6.0123 ], [ -0.2662, 6.0083 ], [ -0.261, 6.001 ], [ -0.2715, 5.9911 ], [ -0.289, 5.9583 ], [ -0.3025, 5.9539 ], [ -0.3239, 5.9551 ], [ -0.3309, 5.9733 ], [ -0.3567, 5.9833 ], [ -0.3644, 5.9828 ], [ -0.365, 5.9954 ], [ -0.3735, 6.0016 ], [ -0.3829, 5.9965 ], [ -0.3882, 6.0054 ], [ -0.3927, 6.0073 ], [ -0.3929, 6.0291 ], [ -0.3984, 6.0322 ], [ -0.4144, 6.0279 ], [ -0.4112, 6.0255 ], [ -0.4114, 6.0201 ], [ -0.421, 6.0195 ], [ -0.4215, 6.0124 ], [ -0.4276, 6.0117 ], [ -0.4344, 6.0195 ], [ -0.4384, 6.0158 ], [ -0.4446, 5.997 ], [ -0.4456, 5.9748 ], [ -0.4551, 5.9683 ], [ -0.4618, 5.9689 ], [ -0.4634, 5.965 ], [ -0.4753, 5.9639 ], [ -0.487, 5.9723 ], [ -0.4902, 5.9894 ], [ -0.506, 6.0078 ], [ -0.5038, 6.0112 ], [ -0.5321, 6.0203 ], [ -0.5425, 6.0368 ], [ -0.5407, 6.0491 ], [ -0.5434, 6.0544 ], [ -0.557, 6.0577 ], [ -0.5517, 6.0644 ], [ -0.5357, 6.0721 ], [ -0.5172, 6.0764 ], [ -0.5047, 6.091 ], [ -0.4847, 6.0995 ], [ -0.4837, 6.1058 ], [ -0.4711, 6.1032 ], [ -0.4694, 6.1004 ], [ -0.4669, 6.1021 ], [ -0.46, 6.0964 ], [ -0.4538, 6.0972 ], [ -0.4487, 6.1028 ], [ -0.4424, 6.1006 ], [ -0.4367, 6.1098 ], [ -0.4379, 6.1133 ], [ -0.4314, 6.1178 ], [ -0.434, 6.1219 ], [ -0.4297, 6.1211 ], [ -0.4301, 6.1236 ], [ -0.4157, 6.1327 ], [ -0.3959, 6.1202 ], [ -0.391, 6.1265 ], [ -0.3841, 6.1255 ], [ -0.3803, 6.1296 ], [ -0.378, 6.1271 ], [ -0.3732, 6.13 ], [ -0.371, 6.1268 ], [ -0.367, 6.1285 ] ] ] } },
{ "type": "Feature", "properties": { "shapeName": "Ayensuano", "shapeID": "2480657B11085167902059" }, "geometry": { "type": "Polygon", "coordinates": [ [ [ -0.6512, 6.0279 ], [ -0.6297, 6.0353 ], [ -0.6203, 6.0301 ], [ -0.6099, 6.0422 ], [ -0.6014, 6.0464 ], [ -0.5965, 6.0416 ], [ -0.5944, 6.0441 ], [ -0.5973, 6.0517 ], [ -0.5931, 6.052 ], [ -0.5944, 6.0575 ], [ -0.5817, 6.05 ], [ -0.5802, 6.0414 ], [ -0.5719, 6.0391 ], [ -0.5743, 6.0521 ], [ -0.5844, 6.0539 ], [ -0.5822, 6.0573 ], [ -0.5747, 6.0598 ], [ -0.5694, 6.0559 ], [ -0.5672, 6.0622 ], [ -0.55, 6.0579 ], [ -0.5434, 6.0544 ], [ -0.5407, 6.0491 ], [ -0.5425, 6.0368 ], [ -0.5342, 6.0228 ], [ -0.5038, 6.0112 ], [ -0.506, 6.0078 ], [ -0.4902, 5.9894 ], [ -0.487, 5.9723 ], [ -0.4753, 5.9639 ], [ -0.4634, 5.965 ], [ -0.4618, 5.9689 ], [ -0.4551, 5.9683 ], [ -0.4456, 5.9748 ], [ -0.4446, 5.997 ], [ -0.4384, 6.0158 ], [ -0.4344, 6.0195 ], [ -0.4276, 6.0117 ], [ -0.4215, 6.0124 ], [ -0.421, 6.0195 ], [ -0.4114, 6.0201 ], [ -0.4112, 6.0255 ], [ -0.4144, 6.0279 ], [ -0.3984, 6.0322 ], [ -0.3929, 6.0291 ], [ -0.3927, 6.0073 ], [ -0.3882, 6.0054 ], [ -0.3829, 5.9965 ], [ -0.3735, 6.0016 ], [ -0.365, 5.9954 ], [ -0.3644, 5.9828 ], [ -0.3567, 5.9833 ], [ -0.3309, 5.9733 ], [ -0.3239, 5.9551 ], [ -0.3025, 5.9539 ], [ -0.289, 5.9583 ], [ -0.3111, 5.9335 ], [ -0.312, 5.9236 ], [ -0.3188, 5.9129 ], [ -0.3257, 5.9133 ], [ -0.3279, 5.9094 ], [ -0.3364, 5.9084 ], [ -0.3404, 5.8983 ], [ -0.3498, 5.8956 ], [ -0.3654, 5.8966 ], [ -0.3807, 5.891 ], [ -0.3699, 5.8716 ], [ -0.3973, 5.8523 ], [ -0.3968, 5.8486 ], [ -0.4044, 5.8461 ], [ -0.4154, 5.8328 ], [ -0.4245, 5.838 ], [ -0.4349, 5.8324 ], [ -0.4367, 5.8407 ], [ -0.4419, 5.8449 ], [ -0.4657, 5.8297 ], [ -0.4636, 5.8426 ], [ -0.4665, 5.8462 ], [ -0.4985, 5.8482 ], [ -0.5003, 5.8642 ], [ -0.5189, 5.8669 ], [ -0.5316, 5.8847 ], [ -0.5529, 5.8907 ], [ -0.5575, 5.8879 ], [ -0.572, 5.9007 ], [ -0.5867, 5.8956 ], [ -0.5943, 5.9032 ], [ -0.5898, 5.9047 ], [ -0.5872, 5.91 ], [ -0.5771, 5.9129 ], [ -0.5778, 5.918 ], [ -0.583, 5.9212 ], [ -0.5825, 5.9239 ], [ -0.5784, 5.9238 ], [ -0.5808, 5.936 ], [ -0.5837, 5.9401 ], [ -0.5915, 5.9388 ], [ -0.5982, 5.9432 ], [ -0.5959, 5.9522 ], [ -0.6034, 5.9574 ], [ -0.6049, 5.9661 ], [ -0.6149, 5.9629 ], [ -0.6182, 5.9668 ], [ -0.618, 5.9727 ], [ -0.6261, 5.9776 ], [ -0.6304, 5.9861 ], [ -0.6238, 6.0068 ], [ -0.636, 6.0149 ], [ -0.6493, 6.0158 ], [ -0.6512, 6.0279 ] ] ] } },
{ "type": "Feature", "properties": { "shapeName": "Abuakwa South", "shapeID": "2480657B6434141016984" }, "geometry": { "type": "Polygon", "coordinates": [ [ [ -0.5684, 6.0593 ], [ -0.5752, 6.0641 ], [ -0.585, 6.0827 ], [ -0.5872, 6.0808 ], [ -0.5866, 6.0862 ], [ -0.5959, 6.0986 ], [ -0.588, 6.1109 ], [ -0.6008, 6.134 ], [ -0.6072, 6.1397 ], [ -0.6046, 6.1571 ], [ -0.5976, 6.1727 ], [ -0.591, 6.1763 ], [ -0.585, 6.1724 ], [ -0.5642, 6.1901 ], [ -0.5569, 6.1907 ], [ -0.5552, 6.187 ], [ -0.5498, 6.1896 ], [ -0.5505, 6.2031 ], [ -0.542, 6.2068 ], [ -0.5386, 6.2133 ], [ -0.5471, 6.2207 ], [ -0.5349, 6.2283 ], [ -0.5322, 6.2261 ], [ -0.528, 6.2308 ], [ -0.5307, 6.2322 ], [ -0.5251, 6.2389 ], [ -0.5243, 6.2637 ], [ -0.5067, 6.2689 ], [ -0.5006, 6.2759 ], [ -0.4938, 6.2755 ], [ -0.4903, 6.2841 ], [ -0.4847, 6.2878 ], [ -0.4887, 6.2721 ], [ -0.4791, 6.276 ], [ -0.4774, 6.2667 ], [ -0.4671, 6.2491 ], [ -0.4525, 6.2318 ], [ -0.4515, 6.2282 ], [ -0.4594, 6.2096 ], [ -0.4139, 6.2069 ], [ -0.3825, 6.192 ], [ -0.375, 6.1812 ], [ -0.3635, 6.1812 ], [ -0.3549, 6.188 ], [ -0.3411, 6.1755 ], [ -0.345, 6.1713 ], [ -0.3439, 6.1651 ], [ -0.347, 6.1604 ], [ -0.3543, 6.1689 ], [ -0.3702, 6.1539 ], [ -0.3731, 6.1426 ], [ -0.367, 6.1285 ], [ -0.371, 6.1268 ], [ -0.3732, 6.13 ], [ -0.378, 6.1271 ], [ -0.3803, 6.1296 ], [ -0.3841, 6.1255 ], [ -0.391, 6.1265 ], [ -0.3959, 6.1202 ], [ -0.4157, 6.1327 ], [ -0.4301, 6.1236 ], [ -0.4297, 6.1211 ], [ -0.434, 6.1219 ], [ -0.4314, 6.1178 ], [ -0.4379, 6.1133 ], [ -0.4367, 6.1098 ], [ -0.4424, 6.1006 ], [ -0.4487, 6.1028 ], [ -0.4538, 6.0972 ], [ -0.46, 6.0964 ], [ -0.4669, 6.1021 ], [ -0.4694, 6.1004 ], [ -0.4711, 6.1032 ], [ -0.4837, 6.1058 ], [ -0.4847, 6.0995 ], [ -0.5047, 6.091 ], [ -0.5172, 6.0764 ], [ -0.5357, 6.0721 ], [ -0.5517, 6.0644 ], [ -0.557, 6.0577 ], [ -0.5672, 6.0622 ], [ -0.5684, 6.0593 ] ] ] } },
{ "type": "Feature", "properties": { "shapeName": "Upper West Akim", "shapeID": "2480657B98999442599484" }, "geometry": { "type": "Polygon", "coordinates": [ [ [ -0.6942, 5.7323 ], [ -0.7023, 5.7328 ], [ -0.7011, 5.7441 ], [ -0.6946, 5.7455 ], [ -0.6968, 5.751 ], [ -0.7065, 5.7572 ], [ -0.7081, 5.7652 ], [ -0.7003, 5.7701 ], [ -0.6922, 5.7646 ], [ -0.6731, 5.7717 ], [ -0.673, 5.7778 ], [ -0.667, 5.7765 ], [ -0.6628, 5.7795 ], [ -0.6638, 5.7861 ], [ -0.6587, 5.7936 ], [ -0.6517, 5.7952 ], [ -0.6564, 5.8124 ], [ -0.6534, 5.8185 ], [ -0.6457, 5.8216 ], [ -0.633, 5.8168 ], [ -0.6326, 5.8245 ], [ -0.6271, 5.8255 ], [ -0.6257, 5.8346 ], [ -0.6211, 5.8352 ], [ -0.6243, 5.8443 ], [ -0.6193, 5.8459 ], [ -0.6192, 5.856 ], [ -0.6145, 5.8658 ], [ -0.6186, 5.8785 ], [ -0.6144, 5.8786 ], [ -0.6104, 5.8849 ], [ -0.6079, 5.8823 ], [ -0.6069, 5.8851 ], [ -0.6016, 5.8847 ], [ -0.5946, 5.892 ], [ -0.5865, 5.883 ], [ -0.5783, 5.882 ], [ -0.5717, 5.8867 ], [ -0.5634, 5.8799 ], [ -0.5598, 5.8811 ], [ -0.5552, 5.8905 ], [ -0.5316, 5.8847 ], [ -0.5189, 5.8669 ], [ -0.5003, 5.8642 ], [ -0.4985, 5.8482 ], [ -0.4665, 5.8462 ], [ -0.4636, 5.8426 ], [ -0.4657, 5.8297 ], [ -0.4419, 5.8449 ], [ -0.4367, 5.8407 ], [ -0.4349, 5.8324 ], [ -0.4245, 5.838 ], [ -0.4154, 5.8328 ], [ -0.4279, 5.8039 ], [ -0.4243, 5.7935 ], [ -0.4283, 5.7928 ], [ -0.4374, 5.8009 ], [ -0.4479, 5.7899 ], [ -0.4439, 5.7774 ], [ -0.4485, 5.778 ], [ -0.4588, 5.7719 ], [ -0.4596, 5.7681 ], [ -0.4905, 5.7542 ], [ -0.4922, 5.7468 ], [ -0.4954, 5.7473 ], [ -0.5088, 5.7356 ], [ -0.5183, 5.7377 ], [ -0.52, 5.7343 ], [ -0.5247, 5.7339 ], [ -0.5502, 5.7389 ], [ -0.5597, 5.736 ], [ -0.5682, 5.7403 ], [ -0.5715, 5.7351 ], [ -0.581, 5.7369 ], [ -0.6101, 5.7236 ], [ -0.6197, 5.7238 ], [ -0.6233, 5.721 ], [ -0.6302, 5.7219 ], [ -0.643, 5.7349 ], [ -0.652, 5.7372 ], [ -0.6598, 5.7356 ], [ -0.6858, 5.7395 ], [ -0.6942, 5.7323 ] ] ] } },
{ "type": "Feature", "properties": { "shapeName": "West Akim", "shapeID": "2480657B57614018833162" }, "geometry": { "type": "Polygon", "coordinates": [ [ [ -0.7081, 5.7652 ], [ -0.7204, 5.7821 ], [ -0.7239, 5.7945 ], [ -0.721, 5.8036 ], [ -0.7255, 5.8188 ], [ -0.7396, 5.8227 ], [ -0.7493, 5.8291 ], [ -0.754, 5.8381 ], [ -0.7592, 5.8377 ], [ -0.7567, 5.8417 ], [ -0.7621, 5.8553 ], [ -0.7565, 5.8625 ], [ -0.7636, 5.8722 ], [ -0.7609, 5.8741 ], [ -0.7618, 5.8813 ], [ -0.7662, 5.8926 ], [ -0.7818, 5.9129 ], [ -0.7942, 5.9172 ], [ -0.7988, 5.9276 ], [ -0.8021, 5.9278 ], [ -0.8051, 5.9361 ], [ -0.8098, 5.9385 ], [ -0.809, 5.9423 ], [ -0.8162, 5.9455 ], [ -0.8105, 5.9575 ], [ -0.8035, 5.9608 ], [ -0.7978, 5.9684 ], [ -0.7968, 5.9747 ], [ -0.8011, 5.9747 ], [ -0.8025, 5.9784 ], [ -0.7967, 5.9816 ], [ -0.7955, 6.0007 ], [ -0.7891, 5.9997 ], [ -0.787, 6.0083 ], [ -0.7786, 6.01 ], [ -0.7699, 6.0047 ], [ -0.7637, 6.0087 ], [ -0.7518, 6.0101 ], [ -0.7425, 6.0167 ], [ -0.7375, 6.0139 ], [ -0.729, 6.0295 ], [ -0.7231, 6.0278 ], [ -0.7188, 6.0321 ], [ -0.7179, 6.0381 ], [ -0.7238, 6.0409 ], [ -0.7201, 6.0453 ], [ -0.7147, 6.0493 ], [ -0.703, 6.0473 ], [ -0.6965, 6.0518 ], [ -0.6902, 6.05 ], [ -0.6782, 6.0336 ], [ -0.6713, 6.0298 ], [ -0.6669, 6.0342 ], [ -0.6604, 6.034 ], [ -0.6554, 6.0401 ], [ -0.6598, 6.0251 ], [ -0.6512, 6.0279 ], [ -0.6493, 6.0158 ], [ -0.636, 6.0149 ], [ -0.6238, 6.0068 ], [ -0.6304, 5.9861 ], [ -0.6261, 5.9776 ], [ -0.618, 5.9727 ], [ -0.6149, 5.9629 ], [ -0.6049, 5.9661 ], [ -0.6034, 5.9574 ], [ -0.5959, 5.9522 ], [ -0.5982, 5.9432 ], [ -0.5915, 5.9388 ], [ -0.5837, 5.9401 ], [ -0.5808, 5.936 ], [ -0.5784, 5.9238 ], [ -0.5825, 5.9239 ], [ -0.583, 5.9212 ], [ -0.5778, 5.918 ], [ -0.5771, 5.9129 ], [ -0.5872, 5.91 ], [ -0.5898, 5.9047 ], [ -0.5943, 5.9032 ], [ -0.5867, 5.8956 ], [ -0.572, 5.9007 ], [ -0.5575, 5.8879 ], [ -0.5598, 5.8811 ], [ -0.5634, 5.8799 ], [ -0.5717, 5.8867 ], [ -0.5783, 5.882 ], [ -0.5865, 5.883 ], [ -0.5946, 5.892 ], [ -0.6016, 5.8847 ], [ -0.6069, 5.8851 ], [ -0.6079, 5.8823 ], [ -0.6104, 5.8849 ], [ -0.6144, 5.8786 ], [ -0.6186, 5.8785 ], [ -0.6145, 5.8658 ], [ -0.6192, 5.856 ], [ -0.6176, 5.8501 ], [ -0.6193, 5.8459 ], [ -0.6243, 5.8443 ], [ -0.6211, 5.8352 ], [ -0.6257, 5.8346 ], [ -0.6271, 5.8255 ], [ -0.6326, 5.8245 ], [ -0.633, 5.8168 ], [ -0.6457, 5.8216 ], [ -0.6534, 5.8185 ], [ -0.6564, 5.8124 ], [ -0.6517, 5.7952 ], [ -0.6587, 5.7936 ], [ -0.6638, 5.7861 ], [ -0.6628, 5.7795 ], [ -0.667, 5.7765 ], [ -0.673, 5.7778 ], [ -0.6731, 5.7717 ], [ -0.6922, 5.7646 ], [ -0.7003, 5.7701 ], [ -0.7081, 5.7652 ] ] ] } },
{ "type": "Feature", "properties": { "shapeName": "Akyem Mansa", "shapeID": "2480657B32538733435540" }, "geometry": { "type": "Polygon", "coordinates": [ [ [ -1.1932, 6.196 ], [ -1.1827, 6.2055 ], [ -1.1797, 6.2008 ], [ -1.1755, 6.2039 ], [ -1.1689, 6.2022 ], [ -1.1642, 6.2064 ], [ -1.1611, 6.2008 ], [ -1.1552, 6.2044 ], [ -1.1538, 6.1985 ], [ -1.1507, 6.2016 ], [ -1.1465, 6.1984 ], [ -1.1311, 6.1998 ], [ -1.1263, 6.2078 ], [ -1.1203, 6.2094 ], [ -1.1226, 6.2109 ], [ -1.1206, 6.2203 ], [ -1.1229, 6.2243 ], [ -1.1169, 6.2294 ], [ -1.1093, 6.2274 ], [ -1.0979, 6.2179 ], [ -1.1007, 6.2156 ], [ -1.0961, 6.215 ], [ -1.0698, 6.2231 ], [ -1.0685, 6.2149 ], [ -1.0733, 6.2103 ], [ -1.0626, 6.2028 ], [ -1.0326, 6.1966 ], [ -1.0256, 6.2037 ], [ -1.0135, 6.2077 ], [ -0.9959, 6.1965 ], [ -1.0142, 6.1641 ], [ -1.0326, 6.0792 ], [ -0.9786, 6.1052 ], [ -0.9691, 6.0883 ], [ -0.9654, 6.0739 ], [ -0.9518, 6.0615 ], [ -0.9616, 6.0583 ], [ -0.9727, 6.0592 ], [ -0.9806, 6.0447 ], [ -0.9857, 6.0434 ], [ -0.9878, 6.0385 ], [ -1.0024, 6.0332 ], [ -1.0065, 6.024 ], [ -1.0053, 6.017 ], [ -0.9964, 6.0168 ], [ -1.0258, 5.985 ], [ -1.0402, 5.9846 ], [ -1.0413, 5.9683 ], [ -1.0687, 5.9522 ], [ -1.0771, 5.9421 ], [ -1.0791, 5.941 ], [ -1.0812, 5.945 ], [ -1.083, 5.9384 ], [ -1.0866, 5.9423 ], [ -1.0872, 5.9378 ], [ -1.0923, 5.9345 ], [ -1.0974, 5.9381 ], [ -1.0958, 5.9415 ], [ -1.0985, 5.9434 ], [ -1.0943, 5.9453 ], [ -1.0959, 5.9501 ], [ -1.0924, 5.9501 ], [ -1.099, 5.9584 ], [ -1.1043, 5.9572 ], [ -1.1036, 5.9618 ], [ -1.1081, 5.9604 ], [ -1.1064, 5.9649 ], [ -1.1042, 5.9639 ], [ -1.1069, 5.967 ], [ -1.1132, 5.9671 ], [ -1.1128, 5.9628 ], [ -1.1169, 5.9626 ], [ -1.1171, 5.9601 ], [ -1.1133, 5.9597 ], [ -1.1155, 5.956 ], [ -1.1178, 5.9574 ], [ -1.1156, 5.9534 ], [ -1.1199, 5.9556 ], [ -1.1218, 5.9529 ], [ -1.1265, 5.9594 ], [ -1.127, 5.9559 ], [ -1.1335, 5.9574 ], [ -1.1373, 5.955 ], [ -1.1358, 5.9509 ], [ -1.1477, 5.9466 ], [ -1.1564, 5.9507 ], [ -1.1504, 5.9549 ], [ -1.1601, 5.9654 ], [ -1.1687, 5.9689 ], [ -1.1737, 5.9671 ], [ -1.1787, 5.9735 ], [ -1.184, 5.969 ], [ -1.187, 5.9729 ], [ -1.1904, 5.9699 ], [ -1.1922, 5.972 ], [ -1.1987, 5.97 ], [ -1.1954, 5.9752 ], [ -1.201, 5.9772 ], [ -1.2061, 5.9734 ], [ -1.2104, 5.9629 ], [ -1.214, 5.968 ], [ -1.2175, 5.9669 ], [ -1.2125, 5.9755 ], [ -1.2174, 5.9741 ], [ -1.2189, 5.9768 ], [ -1.2218, 5.9739 ], [ -1.2264, 5.9815 ], [ -1.2374, 5.9794 ], [ -1.2386, 5.9846 ], [ -1.2453, 5.9863 ], [ -1.2468, 5.9909 ], [ -1.2411, 5.9967 ], [ -1.2437, 6.0027 ], [ -1.2407, 6.0065 ], [ -1.2421, 6.01 ], [ -1.2304, 6.0134 ], [ -1.2273, 6.0191 ], [ -1.2298, 6.0196 ], [ -1.2301, 6.0273 ], [ -1.2333, 6.0282 ], [ -1.2291, 6.0337 ], [ -1.2312, 6.0387 ], [ -1.2083, 6.0527 ], [ -1.2072, 6.0561 ], [ -1.212, 6.059 ], [ -1.2112, 6.0657 ], [ -1.2146, 6.0678 ], [ -1.2064, 6.0716 ], [ -1.2067, 6.0774 ], [ -1.1983, 6.0825 ], [ -1.2048, 6.091 ], [ -1.2026, 6.0938 ], [ -1.1902, 6.0921 ], [ -1.1872, 6.0975 ], [ -1.1919, 6.1022 ], [ -1.1901, 6.1097 ], [ -1.1938, 6.1133 ], [ -1.2007, 6.1127 ], [ -1.2014, 6.1097 ], [ -1.2071, 6.1129 ], [ -1.1925, 6.1231 ], [ -1.1984, 6.1255 ], [ -1.2014, 6.1336 ], [ -1.1931, 6.1353 ], [ -1.1905, 6.1439 ], [ -1.1833, 6.1436 ], [ -1.1835, 6.1494 ], [ -1.1796, 6.1479 ], [ -1.1814, 6.1568 ], [ -1.1784, 6.1575 ], [ -1.1861, 6.1676 ], [ -1.1854, 6.1703 ], [ -1.1811, 6.1667 ], [ -1.1827, 6.1726 ], [ -1.1788, 6.1725 ], [ -1.179, 6.1799 ], [ -1.1887, 6.184 ], [ -1.1902, 6.1926 ], [ -1.1868, 6.1937 ], [ -1.1932, 6.196 ] ] ] } },
{ "type": "Feature", "properties": { "shapeName": "Atiwa East", "shapeID": "2480657B7526405183619" }, "geometry": { "type": "Polygon", "coordinates": [ [ [ -0.5956, 6.4967 ], [ -0.5926, 6.4906 ], [ -0.544, 6.512 ], [ -0.4902, 6.4501 ], [ -0.4608, 6.4237 ], [ -0.4632, 6.4084 ], [ -0.4794, 6.4014 ], [ -0.4841, 6.3937 ], [ -0.4925, 6.3883 ], [ -0.4934, 6.3797 ], [ -0.4991, 6.3717 ], [ -0.4944, 6.3711 ], [ -0.4962, 6.366 ], [ -0.491, 6.3691 ], [ -0.4856, 6.3626 ], [ -0.4904, 6.3553 ], [ -0.4893, 6.348 ], [ -0.4941, 6.3465 ], [ -0.5079, 6.3522 ], [ -0.5199, 6.3446 ], [ -0.5413, 6.3517 ], [ -0.5809, 6.374 ], [ -0.6157, 6.3887 ], [ -0.6472, 6.3918 ], [ -0.6618, 6.3843 ], [ -0.6781, 6.3861 ], [ -0.7009, 6.3687 ], [ -0.7174, 6.3297 ], [ -0.7256, 6.3199 ], [ -0.7507, 6.3112 ], [ -0.7665, 6.2961 ], [ -0.7714, 6.2827 ], [ -0.7775, 6.2786 ], [ -0.7827, 6.285 ], [ -0.7834, 6.293 ], [ -0.7942, 6.2962 ], [ -0.806, 6.3098 ], [ -0.8112, 6.3102 ], [ -0.83, 6.3261 ], [ -0.853, 6.336 ], [ -0.8591, 6.3433 ], [ -0.8559, 6.357 ], [ -0.881, 6.373 ], [ -0.8837, 6.3864 ], [ -0.875, 6.396 ], [ -0.8805, 6.4029 ], [ -0.8802, 6.4113 ], [ -0.8843, 6.419 ], [ -0.8867, 6.4381 ], [ -0.8824, 6.4449 ], [ -0.8853, 6.4621 ], [ -0.8767, 6.4582 ], [ -0.8577, 6.4627 ], [ -0.8585, 6.4701 ], [ -0.8464, 6.4749 ], [ -0.8412, 6.4698 ], [ -0.8348, 6.4691 ], [ -0.8315, 6.48 ], [ -0.8224, 6.4858 ], [ -0.8236, 6.4717 ], [ -0.8293, 6.4652 ], [ -0.8031, 6.4617 ], [ -0.8013, 6.4709 ], [ -0.783, 6.4759 ], [ -0.7748, 6.4637 ], [ -0.7486, 6.45 ], [ -0.7421, 6.437 ], [ -0.7324, 6.4275 ], [ -0.738, 6.4096 ], [ -0.7242, 6.3915 ], [ -0.7234, 6.3766 ], [ -0.7207, 6.3706 ], [ -0.7163, 6.3689 ], [ -0.7172, 6.3802 ], [ -0.7104, 6.3872 ], [ -0.7084, 6.4016 ], [ -0.7017, 6.4117 ], [ -0.6961, 6.4144 ], [ -0.6918, 6.4329 ], [ -0.6887, 6.4354 ], [ -0.6891, 6.4559 ], [ -0.6602, 6.4719 ], [ -0.6571, 6.4711 ], [ -0.6532, 6.4799 ], [ -0.6377, 6.4836 ], [ -0.6288, 6.497 ], [ -0.6305, 6.504 ], [ -0.6276, 6.5062 ], [ -0.6177, 6.5024 ], [ -0.6121, 6.4845 ], [ -0.6055, 6.476 ], [ -0.6007, 6.4815 ], [ -0.601, 6.4906 ], [ -0.5956, 6.4967 ] ] ] } },
{ "type": "Feature", "properties": { "shapeName": "New Juaben South Municipal", "shapeID": "2480657B86034404720136" }, "geometry": { "type": "Polygon", "coordinates": [ [ [ -0.2164, 6.0969 ], [ -0.2232, 6.0734 ], [ -0.2266, 6.0711 ], [ -0.2317, 6.0759 ], [ -0.2357, 6.0723 ], [ -0.2509, 6.0446 ], [ -0.2606, 6.0425 ], [ -0.2615, 6.0459 ], [ -0.2708, 6.0385 ], [ -0.2821, 6.0381 ], [ -0.2825, 6.0322 ], [ -0.2931, 6.038 ], [ -0.2943, 6.0621 ], [ -0.2895, 6.0683 ], [ -0.2931, 6.0673 ], [ -0.3042, 6.0795 ], [ -0.3098, 6.0811 ], [ -0.3053, 6.087 ], [ -0.3017, 6.0859 ], [ -0.2964, 6.0936 ], [ -0.294, 6.09 ], [ -0.291, 6.0907 ], [ -0.2841, 6.1004 ], [ -0.2671, 6.1001 ], [ -0.2465, 6.1275 ], [ -0.2379, 6.1215 ], [ -0.2379, 6.1148 ], [ -0.2304, 6.1079 ], [ -0.2302, 6.1038 ], [ -0.2164, 6.0969 ] ] ] } },
{ "type": "Feature", "properties": { "shapeName": "Birim South", "shapeID": "2480657B71012260699376" }, "geometry": { "type": "Polygon", "coordinates": [ [ [ -1.2247, 5.9354 ], [ -1.2188, 5.9424 ], [ -1.2247, 5.9459 ], [ -1.2208, 5.9556 ], [ -1.2244, 5.9577 ], [ -1.2187, 5.9636 ], [ -1.2218, 5.9739 ], [ -1.2189, 5.9768 ], [ -1.2174, 5.9741 ], [ -1.2125, 5.9755 ], [ -1.2175, 5.9669 ], [ -1.214, 5.968 ], [ -1.2104, 5.9629 ], [ -1.2061, 5.9734 ], [ -1.201, 5.9772 ], [ -1.1954, 5.9752 ], [ -1.1987, 5.97 ], [ -1.1922, 5.972 ], [ -1.1904, 5.9699 ], [ -1.187, 5.9729 ], [ -1.184, 5.969 ], [ -1.1787, 5.9735 ], [ -1.1737, 5.9671 ], [ -1.1687, 5.9689 ], [ -1.1601, 5.9654 ], [ -1.1504, 5.9549 ], [ -1.1564, 5.9507 ], [ -1.1477, 5.9466 ], [ -1.1358, 5.9509 ], [ -1.1373, 5.955 ], [ -1.1335, 5.9574 ], [ -1.127, 5.9559 ], [ -1.1265, 5.9594 ], [ -1.1218, 5.9529 ], [ -1.1199, 5.9556 ], [ -1.1156, 5.9534 ], [ -1.1178, 5.9574 ], [ -1.1155, 5.956 ], [ -1.1133, 5.9597 ], [ -1.1171, 5.9601 ], [ -1.1169, 5.9626 ], [ -1.1128, 5.9628 ], [ -1.1132, 5.9671 ], [ -1.1069, 5.967 ], [ -1.1042, 5.9639 ], [ -1.1064, 5.9649 ], [ -1.1081, 5.9604 ], [ -1.1036, 5.9618 ], [ -1.1043, 5.9572 ], [ -1.099, 5.9584 ], [ -1.0924, 5.9501 ], [ -1.0959, 5.9501 ], [ -1.0943, 5.9453 ], [ -1.0985, 5.9434 ], [ -1.0945, 5.9342 ], [ -1.0872, 5.9378 ], [ -1.0866, 5.9423 ], [ -1.083, 5.9384 ], [ -1.0812, 5.945 ], [ -1.0791, 5.941 ], [ -1.0677, 5.9352 ], [ -1.068, 5.9282 ], [ -1.0642, 5.9292 ], [ -1.0572, 5.9231 ], [ -1.0547, 5.9261 ], [ -1.0538, 5.9232 ], [ -1.0512, 5.9245 ], [ -1.0412, 5.9137 ], [ -1.0315, 5.9182 ], [ -1.033, 5.9249 ], [ -1.0275, 5.9221 ], [ -1.0232, 5.9231 ], [ -1.0225, 5.9274 ], [ -1.013, 5.926 ], [ -1.0069, 5.9327 ], [ -1.0002, 5.9265 ], [ -0.9975, 5.9143 ], [ -0.9912, 5.907 ], [ -0.983, 5.9079 ], [ -0.9734, 5.9176 ], [ -0.9698, 5.9264 ], [ -0.9612, 5.9248 ], [ -0.9559, 5.9189 ], [ -0.9498, 5.9201 ], [ -0.9482, 5.9142 ], [ -0.9386, 5.9144 ], [ -0.9275, 5.9234 ], [ -0.9246, 5.9135 ], [ -0.9197, 5.9113 ], [ -0.9178, 5.9057 ], [ -0.8836, 5.8984 ], [ -0.8784, 5.8951 ], [ -0.8724, 5.8831 ], [ -0.8741, 5.8782 ], [ -0.904, 5.8758 ], [ -0.9147, 5.8875 ], [ -0.9339, 5.8798 ], [ -0.9423, 5.872 ], [ -0.9504, 5.855 ], [ -0.9827, 5.8423 ], [ -0.9863, 5.842 ], [ -0.9928, 5.848 ], [ -1.0069, 5.845 ], [ -1.029, 5.8466 ], [ -1.1281, 5.8344 ], [ -1.1608, 5.8239 ], [ -1.1651, 5.8266 ], [ -1.1692, 5.8397 ], [ -1.1687, 5.8458 ], [ -1.1596, 5.8517 ], [ -1.1612, 5.8609 ], [ -1.169, 5.8656 ], [ -1.1624, 5.8895 ], [ -1.1692, 5.9101 ], [ -1.1776, 5.9085 ], [ -1.1912, 5.9138 ], [ -1.1933, 5.9178 ], [ -1.1984, 5.9166 ], [ -1.2247, 5.9354 ] ] ] } },
{ "type": "Feature", "properties": { "shapeName": "Abuakwa North", "shapeID": "2480657B42374646075926" }, "geometry": { "type": "Polygon", "coordinates": [ [ [ -0.3603, 6.2861 ], [ -0.3642, 6.2768 ], [ -0.3606, 6.277 ], [ -0.35, 6.2681 ], [ -0.3342, 6.2677 ], [ -0.3231, 6.2568 ], [ -0.3108, 6.2546 ], [ -0.3088, 6.2444 ], [ -0.3131, 6.2259 ], [ -0.312, 6.2095 ], [ -0.3233, 6.1995 ], [ -0.3178, 6.1803 ], [ -0.3222, 6.1788 ], [ -0.3209, 6.1751 ], [ -0.3288, 6.1718 ], [ -0.3411, 6.1755 ], [ -0.3549, 6.188 ], [ -0.3635, 6.1812 ], [ -0.375, 6.1812 ], [ -0.3825, 6.192 ], [ -0.4139, 6.2069 ], [ -0.4594, 6.2096 ], [ -0.4515, 6.2282 ], [ -0.4525, 6.2318 ], [ -0.4671, 6.2491 ], [ -0.4774, 6.2667 ], [ -0.4791, 6.276 ], [ -0.4718, 6.2862 ], [ -0.4724, 6.292 ], [ -0.468, 6.2987 ], [ -0.459, 6.2992 ], [ -0.4585, 6.2908 ], [ -0.4511, 6.2912 ], [ -0.4455, 6.2877 ], [ -0.438, 6.2909 ], [ -0.4315, 6.2887 ], [ -0.4165, 6.2917 ], [ -0.4055, 6.2785 ], [ -0.397, 6.2744 ], [ -0.388, 6.284 ], [ -0.3741, 6.2802 ], [ -0.3603, 6.2861 ] ] ] } },
{ "type": "Feature", "properties": { "shapeName": "Akwapem North", "shapeID": "2480657B16553972090858" }, "geometry": { "type": "MultiPolygon", "coordinates": [ [ [ [ -0.0046, 5.9856 ], [ -0.0063, 5.9711 ], [ -0.0409, 5.9439 ], [ -0.0609, 5.9329 ], [ -0.0837, 5.907 ], [ -0.1222, 5.8802 ], [ -0.1269, 5.8754 ], [ -0.1299, 5.8528 ], [ -0.1377, 5.8511 ], [ -0.1439, 5.8549 ], [ -0.1595, 5.8657 ], [ -0.1679, 5.8642 ], [ -0.1719, 5.8671 ], [ -0.1739, 5.8708 ], [ -0.1656, 5.8869 ], [ -0.1757, 5.8855 ], [ -0.182, 5.8909 ], [ -0.1844, 5.9005 ], [ -0.1934, 5.8995 ], [ -0.1989, 5.9024 ], [ -0.2093, 5.8938 ], [ -0.2201, 5.8908 ], [ -0.2191, 5.9007 ], [ -0.212, 5.9081 ], [ -0.2071, 5.9201 ], [ -0.221, 5.9241 ], [ -0.2193, 5.9296 ], [ -0.2251, 5.9355 ], [ -0.2408, 5.9337 ], [ -0.2636, 5.9367 ], [ -0.2769, 5.9336 ], [ -0.3022, 5.9428 ], [ -0.2834, 5.9662 ], [ -0.2715, 5.9911 ], [ -0.261, 6.001 ], [ -0.2662, 6.0083 ], [ -0.2643, 6.0123 ], [ -0.2706, 6.0182 ], [ -0.2683, 6.0205 ], [ -0.2825, 6.0322 ], [ -0.2821, 6.0381 ], [ -0.2708, 6.0385 ], [ -0.2615, 6.0459 ], [ -0.2606, 6.0425 ], [ -0.2509, 6.0446 ], [ -0.2377, 6.0661 ], [ -0.2327, 6.0618 ], [ -0.2368, 6.0565 ], [ -0.2316, 6.0479 ], [ -0.2277, 6.0471 ], [ -0.2309, 6.0429 ], [ -0.2292, 6.0383 ], [ -0.235, 6.0348 ], [ -0.2317, 6.0271 ], [ -0.2111, 6.0272 ], [ -0.2026, 6.0222 ], [ -0.1975, 6.0274 ], [ -0.1789, 6.0223 ], [ -0.173, 6.0057 ], [ -0.1619, 5.9933 ], [ -0.1598, 5.983 ], [ -0.1505, 5.9726 ], [ -0.153, 5.9583 ], [ -0.1487, 5.9633 ], [ -0.1426, 5.9593 ], [ -0.1363, 5.9609 ], [ -0.1268, 5.9582 ], [ -0.1147, 5.9633 ], [ -0.1179, 5.9419 ], [ -0.1054, 5.9489 ], [ -0.1034, 5.9608 ], [ -0.1065, 5.9683 ], [ -0.0973, 5.9716 ], [ -0.0961, 5.9787 ], [ -0.0833, 5.9859 ], [ -0.0642, 6.007 ], [ -0.0399, 6.0075 ], [ -0.0321, 6.0034 ], [ -0.0332, 5.997 ], [ -0.0292, 5.9941 ], [ -0.0126, 5.9959 ], [ -0.0046, 5.9856 ] ] ], [ [ [ -0.1465, 5.8521 ], [ -0.154, 5.8497 ], [ -0.1439, 5.8549 ], [ -0.1465, 5.8521 ] ] ], [ [ [ -0.1558, 5.8462 ], [ -0.1647, 5.8394 ], [ -0.154, 5.8497 ], [ -0.1558, 5.8462 ] ] ] ] } },
{ "type": "Feature", "properties": { "shapeName": "Fanteakwa South", "shapeID": "2480657B5172435396617" }, "geometry": { "type": "Polygon", "coordinates": [ [ [ -0.2048, 6.4766 ], [ -0.2087, 6.4682 ], [ -0.2169, 6.4665 ], [ -0.2177, 6.4615 ], [ -0.2351, 6.4532 ], [ -0.2377, 6.4492 ], [ -0.2344, 6.4411 ], [ -0.2425, 6.4411 ], [ -0.246, 6.4171 ], [ -0.2569, 6.4102 ], [ -0.2611, 6.4107 ], [ -0.2616, 6.4053 ], [ -0.2687, 6.3989 ], [ -0.2683, 6.389 ], [ -0.2739, 6.3814 ], [ -0.2822, 6.3723 ], [ -0.294, 6.3673 ], [ -0.2988, 6.3546 ], [ -0.3065, 6.3485 ], [ -0.3095, 6.3418 ], [ -0.307, 6.3256 ], [ -0.2982, 6.3169 ], [ -0.2884, 6.3131 ], [ -0.2935, 6.3087 ], [ -0.2969, 6.2975 ], [ -0.3013, 6.2978 ], [ -0.3061, 6.3038 ], [ -0.321, 6.2957 ], [ -0.3298, 6.2978 ], [ -0.3397, 6.2863 ], [ -0.3603, 6.2861 ], [ -0.3741, 6.2802 ], [ -0.388, 6.284 ], [ -0.397, 6.2744 ], [ -0.4055, 6.2785 ], [ -0.4165, 6.2917 ], [ -0.4315, 6.2887 ], [ -0.438, 6.2909 ], [ -0.4455, 6.2877 ], [ -0.4511, 6.2912 ], [ -0.4585, 6.2908 ], [ -0.459, 6.2992 ], [ -0.468, 6.2987 ], [ -0.4724, 6.292 ], [ -0.4718, 6.2862 ], [ -0.4795, 6.2757 ], [ -0.4887, 6.2721 ], [ -0.4847, 6.2878 ], [ -0.4903, 6.2841 ], [ -0.4938, 6.2755 ], [ -0.5006, 6.2759 ], [ -0.5067, 6.2689 ], [ -0.5243, 6.2637 ], [ -0.5249, 6.2848 ], [ -0.5189, 6.3027 ], [ -0.5272, 6.3112 ], [ -0.5359, 6.3094 ], [ -0.5368, 6.3146 ], [ -0.5313, 6.3172 ], [ -0.5334, 6.3197 ], [ -0.5307, 6.3294 ], [ -0.5203, 6.3443 ], [ -0.5079, 6.3522 ], [ -0.4941, 6.3465 ], [ -0.4893, 6.348 ], [ -0.4904, 6.3553 ], [ -0.4856, 6.3626 ], [ -0.491, 6.3691 ], [ -0.4962, 6.366 ], [ -0.4944, 6.3711 ], [ -0.4991, 6.3717 ], [ -0.4934, 6.3797 ], [ -0.4925, 6.3883 ], [ -0.4877, 6.3911 ], [ -0.469, 6.3861 ], [ -0.3982, 6.3417 ], [ -0.3735, 6.3347 ], [ -0.3588, 6.3339 ], [ -0.352, 6.33 ], [ -0.3445, 6.3382 ], [ -0.3312, 6.3424 ], [ -0.3222, 6.3535 ], [ -0.3257, 6.3635 ], [ -0.3411, 6.3726 ], [ -0.3507, 6.3873 ], [ -0.3506, 6.3974 ], [ -0.3194, 6.4058 ], [ -0.3074, 6.4266 ], [ -0.2938, 6.4261 ], [ -0.2891, 6.4347 ], [ -0.2808, 6.4379 ], [ -0.2722, 6.4364 ], [ -0.2571, 6.4575 ], [ -0.2456, 6.4614 ], [ -0.2406, 6.4567 ], [ -0.2362, 6.4638 ], [ -0.2309, 6.4645 ], [ -0.2305, 6.4746 ], [ -0.224, 6.4788 ], [ -0.2048, 6.4766 ] ] ] } },
{ "type": "Feature", "properties": { "shapeName": "Birim Central Municipal", "shapeID": "2480657B80684943588404" }, "geometry": { "type": "Polygon", "coordinates": [ [ [ -0.9525, 5.9526 ], [ -0.9403, 5.9481 ], [ -0.9484, 5.9336 ], [ -0.9497, 5.92 ], [ -0.9559, 5.9189 ], [ -0.9612, 5.9248 ], [ -0.9698, 5.9264 ], [ -0.9734, 5.9176 ], [ -0.983, 5.9079 ], [ -0.9912, 5.907 ], [ -0.9975, 5.9143 ], [ -1.0002, 5.9265 ], [ -1.0069, 5.9327 ], [ -1.013, 5.926 ], [ -1.0225, 5.9274 ], [ -1.0232, 5.9231 ], [ -1.0275, 5.9221 ], [ -1.033, 5.9249 ], [ -1.0315, 5.9182 ], [ -1.0412, 5.9137 ], [ -1.0512, 5.9245 ], [ -1.0538, 5.9232 ], [ -1.0547, 5.9261 ], [ -1.0572, 5.9231 ], [ -1.0642, 5.9292 ], [ -1.068, 5.9282 ], [ -1.0677, 5.9352 ], [ -1.0772, 5.9403 ], [ -1.0726, 5.9493 ], [ -1.0392, 5.9706 ], [ -1.0423, 5.9816 ], [ -1.0402, 5.9846 ], [ -1.0258, 5.985 ], [ -0.9964, 6.0168 ], [ -1.0053, 6.017 ], [ -1.0065, 6.024 ], [ -1.0024, 6.0332 ], [ -0.9878, 6.0385 ], [ -0.9796, 6.0474 ], [ -0.9618, 6.0106 ], [ -0.9704, 6.0039 ], [ -0.9665, 6.0002 ], [ -0.9734, 5.9917 ], [ -0.9734, 5.9815 ], [ -0.9661, 5.9684 ], [ -0.9662, 5.9587 ], [ -0.9578, 5.96 ], [ -0.9525, 5.9526 ] ] ] } }
]
}
